Test name,P2/Pintos group ID (anonymized),Log file name,Bug found?,Data-race (DR) PPs needed?,Total verif?,Bug wall time (usecs),Bug CPU time (usecs),Verif CPU time (usecs),Mutual timeout with ICB? (table 1 in paper),Completed DR PPs,Total DR PPs,Untested DR PPs,Completed PPs,Completed SSes,Malloc-recycle PPs avoided,Malloc-recycle NOT false positives,Bug type,,,,,
alarm-simultaneous,algeria,ls-id-log-20151112085735.log.TwdjTB.gz,0,0,0,,,,1,0,2,2,4,5,0,0,,,,,,
alarm-simultaneous,angola,ls-id-log-20160803030350.log.uPLIsm.gz,0,0,0,,,,1,0,3,3,2,3,0,0,,,,,,
alarm-simultaneous,argentina,ls-id-log-20151112075407.log.xSUNxB.gz,0,0,0,,,,0,0,6,6,0,0,0,0,,,,,,
alarm-simultaneous,australia,ls-id-log-20151112174314.log.ARo01B.gz,1,1,0,2419262007,21808653522,,0,0,11,11,2,3,3,0,bugtype USE AFTER FREE,,,,,
alarm-simultaneous,benelux,ls-id-log-20151112045226.log.gyOL0C.gz,1,1,0,786344917,7555430816,,0,0,9,9,3,4,3,0,bugtype USE AFTER FREE,,,,,
alarm-simultaneous,bolivia,ls-id-log-20151112045247.log.3NQMar.gz,0,0,0,,,,0,3,11,8,5,10,1,0,,,,,,
alarm-simultaneous,botswana,ls-id-log-20151112065412.log.CWEtIB.gz,0,0,0,,,,1,0,1,1,2,3,4,0,,,,,,
alarm-simultaneous,brazil,ls-id-log-20151112055310.log.mAZJ85.gz,0,0,0,,,,1,1,2,1,3,6,0,0,,,,,,
alarm-simultaneous,costarica,ls-id-log-20151112174317.log.JtUR9Z.gz,0,0,0,,,,1,5,12,7,14,36,0,0,,,,,,
alarm-simultaneous,cuba,ls-id-log-20151112065340.log.XcxOK0.gz,1,1,0,686174664,6662561184,,0,0,10,10,10,11,0,0,bugtype KERNEL PANIC: ../../lib/kernel/list.c:106: assertion `is_head (elem) || is_interior (elem)' failed.,,,,,
alarm-simultaneous,czechoslovakia,ls-id-log-20151112085416.log.DMkT4l.gz,0,0,0,,,,1,2,6,4,7,12,0,0,,,,,,
alarm-simultaneous,denmark,ls-id-log-20151112075511.log.y5pxk0.gz,1,1,0,1203791561,11834055227,,0,2,4,2,7,17,0,0,bugtype USE AFTER FREE,,,,,
alarm-simultaneous,eastgermany,ls-id-log-20151112065558.log.xKIDbu.gz,1,1,0,177808724,1590479370,,0,0,17,17,25,27,0,0,bugtype [multiple],KERNEL PANIC: ../../threads/thread.c:313: assertion `t->status == THREAD_BLOCKED' failed.,"Sleep-related deadlock (TID 4 fell into a hole, and could take no more.",USE AFTER FREE,,
alarm-simultaneous,ecuador,ls-id-log-20151112045255.log.Dmyzyy.gz,1,1,0,1217782890,11964296253,,0,2,10,8,9,16,0,0,bugtype USE AFTER FREE,,,,,
alarm-simultaneous,finland,ls-id-log-20151112075354.log.J3I8F1.gz,0,0,0,,,,1,0,5,5,2,3,3,0,,,,,,
alarm-simultaneous,france,ls-id-log-20151112055525.log.EZ2oF6.gz,0,0,0,,,,1,0,17,17,0,1,3,0,,,,,,
alarm-simultaneous,haiti,ls-id-log-20151112055350.log.SyHQK9.gz,0,0,0,,,,0,2,3,1,6,20,0,0,,,,,,
alarm-simultaneous,honduras,ls-id-log-20151112055529.log.3roJ5J.gz,1,0,0,197320946,1781956105,,0,0,3,3,9,11,0,0,bugtype [multiple],"Sleep-related deadlock (TID 1 fell into a hole, and could take no more.","Sleep-related deadlock (TID 3 fell into a hole, and could take no more.","Sleep-related deadlock (TID 4 fell into a hole, and could take no more.",,
alarm-simultaneous,indonesia,ls-id-log-20151112174313.log.vfUDyf.gz,1,1,0,171104078,1524251812,,0,0,17,17,34,35,0,0,bugtype [multiple],Kernel page faulted! Faulting eip: 0xc00293e2; address: 0xccccccd0,Kernel page faulted! Faulting eip: 0xc00293ea; address: 0xcccccccc,"Sleep-related deadlock (TID 1 fell into a hole, and could take no more.","Sleep-related deadlock (TID 4 fell into a hole, and could take no more.",USE AFTER FREE
alarm-simultaneous,iran,ls-id-log-20151112055318.log.qxYanr.gz,0,0,0,,,,1,0,2,2,3,4,0,0,,,,,,
alarm-simultaneous,iraq,ls-id-log-20151112055219.log.02ahEM.gz,1,1,0,2292542258,22012833548,,0,0,12,12,1,2,3,0,bugtype USE AFTER FREE,,,,,
alarm-simultaneous,israel,ls-id-log-20151112135426.log.TS21eU.gz,0,0,0,,,,1,1,4,3,3,6,0,0,,,,,,
alarm-simultaneous,italy,ls-id-log-20151112062452.log.0QAeoS.gz,0,0,0,,,,0,2,3,1,6,20,0,0,,,,,,
alarm-simultaneous,ivorycoast,ls-id-log-20160804193104.log.p5w0ul.gz,0,0,0,,,,1,0,12,12,0,1,3,0,,,,,,
alarm-simultaneous,malaysia,ls-id-log-20151112135426.log.yro6vH.gz,1,1,0,1174911563,11530226695,,0,2,11,9,14,19,0,0,bugtype USE AFTER FREE,,,,,
alarm-simultaneous,mexico,ls-id-log-20151112075730.log.rPI4rq.gz,0,0,0,,,,1,0,2,2,0,0,0,0,,,,,,
alarm-simultaneous,morocco,ls-id-log-20151112072514.log.5c0qHA.gz,0,0,0,,,,1,2,3,1,6,22,0,0,,,,,,
alarm-simultaneous,nicaragua,ls-id-log-20151112075805.log.4suyWb.gz,0,0,0,,,,1,0,2,2,4,5,0,0,,,,,,
alarm-simultaneous,nigeria,ls-id-log-20151112065753.log.V1GI5T.gz,0,0,0,,,,1,2,8,6,6,17,0,0,,,,,,
alarm-simultaneous,northkorea,ls-id-log-20151112063131.log.G6k5Hz.gz,1,1,0,3574928717,32622800849,,0,5,9,4,20,28,0,0,bugtype USE AFTER FREE,,,,,
alarm-simultaneous,norway,ls-id-log-20151112085838.log.BdgRRa.gz,1,1,0,147596975,1266503171,,0,0,22,22,28,29,0,0,bugtype [multiple],KERNEL PANIC: ../../threads/synch.c:276: assertion `!lock_held_by_current_thread (lock)' failed.,KERNEL PANIC: ../../threads/synch.c:298: assertion `lock_held_by_current_thread (lock)' failed.,,,
alarm-simultaneous,peru,ls-id-log-20151112065550.log.WnZ79A.gz,1,1,0,836455237,8181063836,,0,0,4,4,5,6,3,0,bugtype KERNEL PANIC: ../../lib/kernel/list.c:318: assertion `!list_empty (list)' failed.,,,,,
alarm-simultaneous,philippines,ls-id-log-20160803040412.log.Yz0NV1.gz,1,0,0,381335842,2221598348,,0,0,0,0,2,3,0,0,"bugtype Sleep-related deadlock (TID 1 fell into a hole, and could take no more.",,,,,
alarm-simultaneous,saudiarabia,ls-id-log-20151112155325.log.HTaubz.gz,1,1,0,1426167888,13983472142,,0,0,13,13,15,16,0,0,bugtype [multiple],Free (in kernel) reentered Malloc!,KERNEL PANIC: ../../lib/kernel/list.c:106: assertion `is_head (elem) || is_interior (elem)' failed.,KERNEL PANIC: ../../threads/thread.c:641: assertion `is_thread (t)' failed.,USE AFTER FREE,
alarm-simultaneous,somalia,ls-id-log-20151112065332.log.fh0ey9.gz,0,0,0,,,,1,0,2,2,3,4,0,0,,,,,,
alarm-simultaneous,southafrica,ls-id-log-20151112065345.log.2L6Y9s.gz,0,0,0,,,,0,2,4,2,6,11,0,0,,,,,,
alarm-simultaneous,spainportugal,ls-id-log-20151112065635.log.AZS7RW.gz,1,1,0,1173062217,11546209905,,0,0,9,9,10,11,0,0,bugtype USE AFTER FREE,,,,,
alarm-simultaneous,syria,ls-id-log-20151112174315.log.TChmla.gz,1,1,0,2733094188,26239965445,,0,0,11,11,2,3,3,0,bugtype USE AFTER FREE,,,,,
alarm-simultaneous,taiwan,ls-id-log-20151112055536.log.GRRYsf.gz,1,0,0,1286616391,6716330609,,0,0,1,1,4,5,0,0,bugtype USE AFTER FREE,,,,,
alarm-simultaneous,thailand,ls-id-log-20151112045156.log.h1Ov6r.gz,1,1,0,1227336736,12054183855,,0,2,11,9,14,19,0,0,bugtype USE AFTER FREE,,,,,
alarm-simultaneous,uruguay,ls-id-log-20151112075434.log.COTwCd.gz,0,0,0,,,,1,1,2,1,3,5,3,0,,,,,,
alarm-simultaneous,westgermany,ls-id-log-20151112075713.log.8qNh2S.gz,0,0,0,,,,0,3,4,1,5,10,3,0,,,,,,
alarm-simultaneous,yugoslavia,ls-id-log-20151112135424.log.aDWZQz.gz,1,1,0,1329738688,13031144663,,0,2,11,9,13,17,0,0,bugtype USE AFTER FREE,,,,,
alarm-simultaneous,zimbabwe,ls-id-log-20151112045249.log.e1w4Pj.gz,1,0,0,174118220,1532174158,,0,0,2,2,7,9,0,0,bugtype [multiple],"Sleep-related deadlock (TID 1 fell into a hole, and could take no more.","Sleep-related deadlock (TID 3 fell into a hole, and could take no more.","Sleep-related deadlock (TID 4 fell into a hole, and could take no more.",,
broadcast_test,aluminum,ls-id-log-20160427090756.log.6ONC8l.gz,0,0,1,,,754704401,0,2,2,0,4,14,0,0,,,,,,
broadcast_test,antimony,ls-id-log-20160427151207.log.fBCn66.gz,0,0,1,,,924208547,0,2,2,0,4,14,1,0,,,,,,
broadcast_test,argon,ls-id-log-20160427171817.log.iySOv9.gz,0,0,1,,,100283019,0,0,0,0,2,4,0,0,,,,,,
broadcast_test,arsenic,ls-id-log-20160428004808.log.miHFap.gz,1,0,0,21562514,54222610,,0,1,3,2,5,7,0,0,,,,,,
broadcast_test,barium,ls-id-log-20160429155356.log.4td3Hg.gz,0,0,0,,,,0,9,9,0,11,259,0,0,,,,,,
broadcast_test,beryllium,ls-id-log-20160427213410.log.HdkTgN.gz,0,0,1,,,2676871561,0,3,3,0,5,32,0,0,,,,,,
broadcast_test,boron,ls-id-log-20160429175828.log.bRA5S1.gz,0,0,0,,,,0,11,11,0,14,819,0,0,,,,,,
broadcast_test,bromine,ls-id-log-20160427085855.log.A0f2Nk.gz,0,0,0,,,,1,45,48,3,62,156,0,0,,,,,,
broadcast_test,cadmium,ls-id-log-20160427143739.log.KTEuiH.gz,0,0,0,,,,0,18,18,0,20,1142,0,0,,,,,,
broadcast_test,caesium,ls-id-log-20160428012214.log.6Ys3vt.gz,0,0,1,,,82627890,0,0,0,0,2,4,0,0,,,,,,
broadcast_test,calcium,ls-id-log-20160427044438.log.610mA0.gz,0,0,1,,,649667650,0,3,3,0,5,31,0,0,,,,,,
broadcast_test,carbon,ls-id-log-20160429165540.log.iOmKSH.gz,0,0,0,,,,0,36,36,0,40,340,0,0,,,,,,
broadcast_test,cerium,ls-id-log-20160427172259.log.yOW5ry.gz,0,0,0,,,,0,18,18,0,20,858,0,0,,,,,,
broadcast_test,chlorine,ls-id-log-20160428012911.log.S3MOsc.gz,0,0,1,,,2475518009,0,3,3,0,5,29,0,0,,,,,,
broadcast_test,chromium,ls-id-log-20160427215906.log.8ipYzB.gz,1,0,0,19629202,45610861,,0,0,0,0,2,4,0,0,,,,,,
broadcast_test,cobalt,ls-id-log-20160427145836.log.KNanfF.gz,0,0,0,,,,0,10,10,0,12,503,0,0,,,,,,
broadcast_test,copper,ls-id-log-20160427121934.log.AcUMSS.gz,0,0,1,,,19622786429,0,7,7,0,9,336,0,0,,,,,,
broadcast_test,dysprosium,ls-id-log-20160428013954.log.rQqXEQ.gz,0,0,0,,,,0,13,13,0,15,1138,0,0,,,,,,
broadcast_test,erbium,ls-id-log-20160427075115.log.GIEmtO.gz,0,0,1,,,23821173901,0,5,5,0,7,231,0,0,,,,,,
broadcast_test,europium,ls-id-log-20160427064929.log.863Owa.gz,0,0,0,,,,0,8,8,0,10,252,10,0,,,,,,
broadcast_test,fluorine,ls-id-log-20160427044659.log.cxe5Sn.gz,1,1,0,30882476,147450542,,0,47,49,2,56,234,0,0,,,,,,
broadcast_test,gadolinium,ls-id-log-20160427191104.log.T6bwqg.gz,0,0,1,,,1864468758,0,2,2,0,4,14,0,0,,,,,,
broadcast_test,gallium,ls-id-log-20160805014033.log.LVjK3v.gz,0,0,0,,,,0,6,6,0,8,75,2,1,,,,,,
broadcast_test,germanium,ls-id-log-20160427111135.log.bDbXNT.gz,0,0,1,,,717538254,0,2,2,0,4,14,0,0,,,,,,
broadcast_test,gold,ls-id-log-20160427182051.log.KiCcuq.gz,0,0,0,,,,0,27,27,0,29,160,1,0,,,,,,
broadcast_test,hafnium,ls-id-log-20160427125429.log.djFpNa.gz,0,0,1,,,466996793,0,1,1,0,4,14,0,0,,,,,,
broadcast_test,helium,ls-id-log-20160427202835.log.JYScwO.gz,0,0,1,,,192118678,0,0,0,0,2,4,0,0,,,,,,
broadcast_test,holmium,ls-id-log-20160427233127.log.bMJWrr.gz,0,0,0,,,,0,9,9,0,11,279,0,0,,,,,,
broadcast_test,hydrogen,ls-id-log-20160427105940.log.DupZoL.gz,0,0,1,,,2118573884,0,2,2,0,4,16,1,0,,,,,,
broadcast_test,indium,ls-id-log-20160427095407.log.77cLC2.gz,0,0,0,,,,0,21,21,0,24,327,0,0,,,,,,
broadcast_test,iodine,ls-id-log-20160427074910.log.rkEAmD.gz,0,0,0,,,,0,6,6,0,8,141,0,0,,,,,,
broadcast_test,iridium,ls-id-log-20160429153634.log.r2qZVi.gz,0,0,1,,,8467971272,0,4,4,0,6,121,0,0,,,,,,
broadcast_test,iron,ls-id-log-20160428035231.log.4szQeD.gz,1,0,0,18303035,41406742,,0,3,3,0,5,13,0,0,,,,,,
broadcast_test,kyrpton,ls-id-log-20160428031732.log.lVxHOY.gz,0,0,0,,,,0,10,10,0,21,50,0,0,,,,,,
broadcast_test,lanthanum,ls-id-log-20160427131006.log.ofyjgr.gz,1,0,0,18918644,44427751,,0,0,6,6,3,3,0,0,,,,,,
broadcast_test,lithium,ls-id-log-20160427120756.log.Y9fM0i.gz,0,0,0,,,,0,4,35,31,39,51,0,0,,,,,,
broadcast_test,lutetium,ls-id-log-20160428015017.log.Jxqdke.gz,0,0,1,,,5034909381,0,3,3,0,5,28,4,0,,,,,,
broadcast_test,magnesium,ls-id-log-20160427221111.log.QOIJID.gz,0,0,1,,,477288275,0,2,2,0,4,15,0,0,,,,,,
broadcast_test,manganese,ls-id-log-20160427112714.log.Nn7OHk.gz,0,0,1,,,73344402,0,0,0,0,2,4,0,0,,,,,,
broadcast_test,molybdenum,ls-id-log-20160427125308.log.2KmlZU.gz,0,0,1,,,88006637,0,0,0,0,2,4,2,0,,,,,,
broadcast_test,neodymium,ls-id-log-20160427105008.log.VqHdRG.gz,0,0,1,,,6614048649,0,4,4,0,6,49,1,0,,,,,,
broadcast_test,neon,ls-id-log-20160427034415.log.zTVfe1.gz,0,0,0,,,,1,5,5,0,7,36,0,0,,,,,,
broadcast_test,nickel,ls-id-log-20160427181405.log.XpKkMh.gz,0,0,0,,,,1,5,5,0,7,39,14,1,,,,,,
broadcast_test,niobium,ls-id-log-20160427111313.log.NUkzYt.gz,0,0,1,,,75801802,0,0,0,0,2,4,0,0,,,,,,
broadcast_test,nitrogen,ls-id-log-20160427074959.log.ZwFcR2.gz,0,0,0,,,,0,25,25,0,28,1451,0,0,,,,,,
broadcast_test,osmium,ls-id-log-20160427100416.log.Wgi8Es.gz,0,0,1,,,30043696141,0,6,6,0,8,191,0,0,,,,,,
broadcast_test,oxygen,ls-id-log-20160427044558.log.XpA6tS.gz,0,0,0,,,,0,3,3,0,7,32,0,0,,,,,,
broadcast_test,palladium,ls-id-log-20160805003959.log.O1YX8S.gz,0,0,0,,,,0,17,17,0,29,223,0,0,,,,,,
broadcast_test,phosphorus,ls-id-log-20160427192325.log.LZrAd4.gz,1,1,0,453106337,4071599118,,0,147,152,5,175,466,0,0,,,,,,
broadcast_test,platinum,ls-id-log-20160428015328.log.AXiIA2.gz,0,0,0,,,,0,8,8,0,10,291,0,0,,,,,,
broadcast_test,potassium,ls-id-log-20160427044533.log.RNjNKY.gz,0,0,0,,,,1,62,140,78,155,227,0,0,,,,,,
broadcast_test,praseodymium,ls-id-log-20160427034406.log.Hrzqz1.gz,0,0,1,,,4263666358,0,4,4,0,6,50,0,0,,,,,,
broadcast_test,promethium,ls-id-log-20160427121501.log.NxGuW1.gz,0,0,0,,,,0,9,9,0,11,304,0,0,,,,,,
broadcast_test,rhenium,ls-id-log-20160427100047.log.734gxg.gz,0,0,1,,,971579870,0,3,3,0,5,25,0,0,,,,,,
broadcast_test,rhodium,ls-id-log-20160427131458.log.ewsqIB.gz,0,0,0,,,,0,150,150,0,152,963,0,0,,,,,,
broadcast_test,rubidium,ls-id-log-20160427091345.log.BMn5Ek.gz,0,0,1,,,32283974627,0,8,8,0,10,529,0,0,,,,,,
broadcast_test,ruthenium,ls-id-log-20160427205023.log.7vlDzm.gz,0,0,0,,,,0,10,10,0,12,194,0,0,,,,,,
broadcast_test,samarium,ls-id-log-20160428001524.log.u0x8Dr.gz,0,0,0,,,,0,47,47,0,55,470,0,0,,,,,,
broadcast_test,scandium,ls-id-log-20160429153213.log.ylWzbB.gz,0,0,1,,,817567240,0,2,2,0,4,16,1,0,,,,,,
broadcast_test,selenium,ls-id-log-20160428012704.log.F4jSRv.gz,0,0,0,,,,0,15,15,0,23,182,0,0,,,,,,
broadcast_test,silicon,ls-id-log-20160427182422.log.Eg2ZQk.gz,1,0,0,18195890,41534285,,0,5,5,0,8,66,2,0,,,,,,
broadcast_test,silver,ls-id-log-20160427152210.log.IhX87y.gz,0,0,0,,,,0,18,18,0,20,275,0,0,,,,,,
broadcast_test,sodium,ls-id-log-20160804192920.log.pKxPBw.gz,0,0,0,,,,0,35,35,0,37,796,2,0,,,,,,
broadcast_test,strontium,ls-id-log-20160427065544.log.lHogkW.gz,0,0,0,,,,0,34,34,0,37,866,0,0,,,,,,
broadcast_test,sulfur,ls-id-log-20160427130822.log.ZeiDpg.gz,0,0,0,,,,1,24,80,56,87,121,6,0,,,,,,
broadcast_test,tantalum,ls-id-log-20160427085759.log.aY7urt.gz,0,0,0,,,,0,40,43,3,42,287,0,0,,,,,,
broadcast_test,technetium,ls-id-log-20160517050500.log.ssMN9q.gz,1,0,0,17611218,39159102,,0,2,2,0,4,6,0,0,bugtype USE AFTER FREE,,,,,
broadcast_test,tellurium,ls-id-log-20160427201552.log.tNPDpN.gz,0,0,0,,,,0,14,14,0,16,391,0,0,,,,,,
broadcast_test,terbium,ls-id-log-20160427064832.log.rWtCNw.gz,0,0,1,,,2268220375,0,4,4,0,6,41,0,0,,,,,,
broadcast_test,thulium,ls-id-log-20160427182743.log.v6TsTq.gz,0,0,0,,,,0,10,10,0,12,613,2,0,,,,,,
broadcast_test,tin,ls-id-log-20160427064623.log.x3GX3G.gz,0,0,0,,,,0,19,19,0,21,224,3,0,,,,,,
broadcast_test,titanium,ls-id-log-20160427180054.log.X4ld1s.gz,0,0,0,,,,1,0,68,68,0,0,0,0,,,,,,
broadcast_test,tungsten,ls-id-log-20160427094144.log.uVUC0s.gz,0,0,1,,,135328905,0,0,0,0,2,4,0,0,,,,,,
broadcast_test,vanadium,ls-id-log-20160427095926.log.isrFkd.gz,0,0,1,,,58635584,0,0,0,0,2,4,0,0,,,,,,
broadcast_test,xenon,ls-id-log-20160427222254.log.sCqpGE.gz,0,0,0,,,,1,22,26,4,28,207,0,0,,,,,,
broadcast_test,ytterbium,ls-id-log-20160429185954.log.cN2Bvn.gz,0,0,1,,,104883311,0,1,1,0,3,8,0,0,,,,,,
broadcast_test,yttrium,ls-id-log-20160427074756.log.LPN2yu.gz,0,0,0,,,,0,101,150,49,192,327,0,0,,,,,,
broadcast_test,zinc,ls-id-log-20160427151056.log.ETeON9.gz,0,0,0,,,,0,8,8,0,10,322,0,0,,,,,,
broadcast_test,zirconium,ls-id-log-20160427130829.log.y8WEvQ.gz,0,0,1,,,147416839,0,0,0,0,2,4,0,0,,,,,,
mutex_test,aluminum,ls-id-log-20151025020656.log.Paj6AG.gz,0,0,1,,,210343959,0,2,2,0,4,15,0,0,,,,,,
mutex_test,antimony,ls-id-log-20151025180521.log.lrGscu.gz,0,0,1,,,169096422,0,1,1,0,3,8,0,0,,,,,,
mutex_test,argon,ls-id-log-20151025062214.log.OxP3Zw.gz,0,0,0,,,,0,11,11,0,13,2011,0,0,,,,,,
mutex_test,arsenic,ls-id-log-20151025021116.log.3wX0Am.gz,0,0,1,,,3800351054,0,5,5,0,7,86,0,0,,,,,,
mutex_test,barium,ls-id-log-20151025021454.log.1BDrOE.gz,1,1,0,167999145,1257818100,,0,22,22,0,24,1439,0,0,"bugtype USERSPACE PANIC: 410user/progs/mutex_test.c:35: failed assertion `num_in_section == 1 && ""o noes, mutex didn't mutually exclude""'",,,,,
mutex_test,beryllium,ls-id-log-20151026103806.log.hde1yg.gz,0,0,1,,,3165939189,0,5,5,0,7,94,0,0,,,,,,
mutex_test,boron,ls-id-log-20151025234459.log.PtC1bR.gz,0,0,1,,,26753649898,0,7,7,0,9,322,0,0,,,,,,
mutex_test,bromine,ls-id-log-20151027012530.log.xjQEH7.gz,0,0,0,,,,0,30,30,0,32,2141,0,0,,,,,,
mutex_test,cadmium,ls-id-log-20151025142529.log.FsVcNY.gz,0,0,1,,,96475170,0,1,1,0,3,8,0,0,,,,,,
mutex_test,caesium,ls-id-log-20151026070718.log.YY38d9.gz,1,1,0,28712104,104576109,,0,10,10,0,12,688,0,0,bugtype Deadlock -- no threads are runnable!,,,,,
mutex_test,calcium,ls-id-log-20151025081012.log.YcdEVH.gz,0,0,0,,,,0,21,21,0,23,1816,0,0,,,,,,
mutex_test,carbon,ls-id-log-20151025142826.log.acQRvZ.gz,0,0,0,,,,0,10,10,0,12,664,0,0,,,,,,
mutex_test,cerium,ls-id-log-20151027002413.log.1QQioO.gz,0,0,0,,,,0,23,23,0,25,1544,0,0,,,,,,
mutex_test,chlorine,ls-id-log-20151025132953.log.QAAUb4.gz,0,0,1,,,1235852497,0,4,4,0,6,45,0,0,,,,,,
mutex_test,chromium,ls-id-log-20151025211829.log.tjdc3l.gz,0,0,1,,,616131512,0,2,2,0,4,16,0,0,,,,,,
mutex_test,cobalt,ls-id-log-20151025072904.log.amRTMF.gz,0,0,1,,,436188396,0,3,3,0,5,32,0,0,,,,,,
mutex_test,copper,ls-id-log-20151026062558.log.sUUKFJ.gz,0,0,0,,,,0,8,8,0,10,470,0,0,,,,,,
mutex_test,dysprosium,ls-id-log-20151025030556.log.ZE6HAD.gz,0,0,1,,,1081387371,0,4,4,0,6,64,0,0,,,,,,
mutex_test,erbium,ls-id-log-20151025062522.log.EzJ6fE.gz,0,0,1,,,646876943,0,4,4,0,6,45,0,0,,,,,,
mutex_test,europium,ls-id-log-20151026001905.log.pnNEnK.gz,0,0,0,,,,0,8,8,0,10,603,0,0,,,,,,
mutex_test,fluorine,ls-id-log-20151026084937.log.sh9YwC.gz,1,1,0,26693495,93975184,,0,42,42,0,44,784,0,0,bugtype Deadlock -- no threads are runnable!,,,,,
mutex_test,gadolinium,ls-id-log-20151025061607.log.Et6PwP.gz,0,0,1,,,91726579,0,1,1,0,3,8,0,0,,,,,,
mutex_test,gallium,ls-id-log-20151025135410.log.9qTGYI.gz,0,0,0,,,,0,8,8,0,10,682,0,0,,,,,,
mutex_test,germanium,ls-id-log-20151025113614.log.BzNVIa.gz,0,0,1,,,187565119,0,2,2,0,4,15,0,0,,,,,,
mutex_test,gold,ls-id-log-20151025093224.log.1VsfyY.gz,0,0,1,,,5708448805,0,8,8,0,10,398,0,0,,,,,,
mutex_test,hafnium,ls-id-log-20151025120333.log.mBNLmg.gz,0,0,1,,,4370462203,0,4,4,0,6,53,0,0,,,,,,
mutex_test,helium,ls-id-log-20151026034616.log.DcUDoT.gz,0,0,1,,,1272924616,0,4,4,0,6,39,0,0,,,,,,
mutex_test,holmium,ls-id-log-20151025092110.log.m1hY7g.gz,0,0,1,,,957509328,0,4,4,0,6,45,0,0,,,,,,
mutex_test,hydrogen,ls-id-log-20151025233350.log.zEbaxA.gz,0,0,0,,,,0,23,23,0,25,1634,1,0,,,,,,
mutex_test,indium,ls-id-log-20151025030501.log.ZVdjMP.gz,0,0,0,,,,0,27,27,0,29,920,0,0,,,,,,
mutex_test,iodine,ls-id-log-20151025173345.log.3UGXDg.gz,0,0,0,,,,0,37,38,1,40,856,0,0,,,,,,
mutex_test,iridium,ls-id-log-20151025144422.log.hEuY5N.gz,0,0,1,,,9294078415,0,7,7,0,9,296,0,0,,,,,,
mutex_test,iron,ls-id-log-20151026000702.log.IMei7O.gz,0,0,1,,,175871502,0,2,2,0,4,16,0,0,,,,,,
mutex_test,kyrpton,ls-id-log-20151025183342.log.7lCpVg.gz,0,0,0,,,,0,24,24,0,26,1718,0,0,,,,,,
mutex_test,lanthanum,ls-id-log-20151025020553.log.23TqBd.gz,0,0,1,,,9101133379,0,6,6,0,8,199,0,0,,,,,,
mutex_test,lithium,ls-id-log-20151027012436.log.hLVWhL.gz,1,1,0,112342651,816080472,,0,27,30,3,32,891,0,0,bugtype [multiple],TID 4 was killed by a page fault! (Faulting eip: 0x1000498; addr: 0x4),TID 5 was killed by a page fault! (Faulting eip: 0x1000498; addr: 0x4),,,
mutex_test,lutetium,ls-id-log-20151025051602.log.pqWU5h.gz,0,0,0,,,,0,5,5,0,7,70,0,0,,,,,,
mutex_test,magnesium,ls-id-log-20151025121949.log.zJ6fiT.gz,0,0,0,,,,0,10,10,0,12,1829,0,0,,,,,,
mutex_test,manganese,ls-id-log-20151026101324.log.bc4cfH.gz,1,1,0,30600370,122546490,,0,21,22,1,24,1125,0,0,bugtype Deadlock -- no threads are runnable!,,,,,
mutex_test,molybdenum,ls-id-log-20151025051246.log.CVihQr.gz,0,0,1,,,93187457,0,1,1,0,3,8,0,0,,,,,,
mutex_test,neodymium,ls-id-log-20151026063113.log.tCttUs.gz,0,0,0,,,,0,5,5,0,7,76,0,0,,,,,,
mutex_test,neon,ls-id-log-20151026122634.log.TxZj6n.gz,0,0,1,,,224604916,0,2,2,0,4,16,0,0,,,,,,
mutex_test,nickel,ls-id-log-20151025030458.log.OHNssW.gz,1,1,0,65549479,375260412,,0,29,37,8,38,1193,2,1,bugtype [multiple],TID 4 was killed by a page fault! (Faulting eip: 0x10010d8; addr: 0x0),TID 5 was killed by a page fault! (Faulting eip: 0x1000f2a; addr: 0x4),TID 5 was killed by a page fault! (Faulting eip: 0x10010d8; addr: 0x0),USE AFTER FREE,
mutex_test,niobium,ls-id-log-20151026104730.log.7v6Z1s.gz,0,0,1,,,959498635,0,4,4,0,6,45,0,0,,,,,,
mutex_test,nitrogen,ls-id-log-20151025224902.log.8rEfoQ.gz,0,0,0,,,,0,46,46,0,48,1351,0,0,,,,,,
mutex_test,osmium,ls-id-log-20151026071524.log.h1OLzD.gz,0,0,0,,,,0,10,10,0,12,921,0,0,,,,,,
mutex_test,oxygen,ls-id-log-20151026010849.log.KJ5pe5.gz,0,0,0,,,,0,15,15,0,17,1613,0,0,,,,,,
mutex_test,palladium,ls-id-log-20151025030557.log.Ig7Y93.gz,0,0,0,,,,0,37,37,0,39,1236,0,0,,,,,,
mutex_test,phosphorus,ls-id-log-20151025091902.log.eIYsTs.gz,1,1,0,28975943,103523732,,0,100,101,1,103,1560,0,0,bugtype Deadlock -- no threads are runnable!,,,,,
mutex_test,platinum,ls-id-log-20151025191632.log.s2MCVr.gz,0,0,1,,,25164250201,0,7,7,0,9,296,0,0,,,,,,
mutex_test,potassium,ls-id-log-20151025194252.log.vGXman.gz,0,0,0,,,,0,51,51,0,53,1421,0,0,,,,,,
mutex_test,praseodymium,ls-id-log-20151025102323.log.VB1VNf.gz,0,0,1,,,803683589,0,4,4,0,6,45,0,0,,,,,,
mutex_test,promethium,ls-id-log-20151026094602.log.3GLuVI.gz,0,0,0,,,,0,7,7,0,9,314,0,0,,,,,,
mutex_test,rhenium,ls-id-log-20151026145215.log.8gTFbU.gz,0,0,0,,,,0,13,13,0,15,954,0,0,,,,,,
mutex_test,rhodium,ls-id-log-20151025163645.log.QD9ysc.gz,0,0,1,,,153740573,0,2,2,0,4,13,0,0,,,,,,
mutex_test,rubidium,ls-id-log-20151026050251.log.dnbSNm.gz,0,0,0,,,,0,13,13,0,15,1330,0,0,,,,,,
mutex_test,ruthenium,ls-id-log-20151026062316.log.kqZjNB.gz,0,0,0,,,,0,8,8,0,10,637,0,0,,,,,,
mutex_test,samarium,ls-id-log-20151027012330.log.yuMXiI.gz,0,0,0,,,,0,34,34,0,36,842,0,0,,,,,,
mutex_test,scandium,ls-id-log-20151025122912.log.hpsdHb.gz,0,0,0,,,,0,12,12,0,14,2088,0,0,,,,,,
mutex_test,selenium,ls-id-log-20151025185339.log.1fOAWl.gz,1,1,0,53757528,322956047,,0,19,19,0,21,573,0,0,bugtype Deadlock -- no threads are runnable!,,,,,
mutex_test,silicon,ls-id-log-20151025074319.log.UEkYQc.gz,0,0,0,,,,0,9,9,0,11,515,3,0,,,,,,
mutex_test,silver,ls-id-log-20151025071900.log.EjvVmq.gz,0,0,0,,,,0,6,6,0,8,131,0,0,,,,,,
mutex_test,sodium,ls-id-log-20151025131823.log.vddS7t.gz,0,0,1,,,28524339564,0,7,7,0,9,296,0,0,,,,,,
mutex_test,strontium,ls-id-log-20151026090706.log.ie1bW6.gz,0,0,1,,,987767503,0,4,4,0,6,49,0,0,,,,,,
mutex_test,sulfur,ls-id-log-20151025075520.log.uQecA0.gz,0,0,0,,,,0,21,21,0,23,1162,0,0,,,,,,
mutex_test,tantalum,ls-id-log-20151025071330.log.LF7GRM.gz,0,0,0,,,,0,70,70,0,72,924,0,0,,,,,,
mutex_test,technetium,ls-id-log-20151026054528.log.YstozC.gz,0,0,0,,,,0,6,6,0,8,136,0,0,,,,,,
mutex_test,tellurium,ls-id-log-20151025043101.log.El78HW.gz,0,0,1,,,9077050426,0,8,8,0,10,642,0,0,,,,,,
mutex_test,terbium,ls-id-log-20151025202041.log.HQzI4d.gz,0,0,1,,,972903298,0,5,5,0,7,78,0,0,,,,,,
mutex_test,thulium,ls-id-log-20151025130440.log.MAWbEo.gz,0,0,1,,,186688964,0,2,2,0,4,14,0,0,,,,,,
mutex_test,tin,ls-id-log-20151026232618.log.uyPkiW.gz,0,0,0,,,,0,27,27,0,29,1927,1,0,,,,,,
mutex_test,titanium,ls-id-log-20151026052329.log.N4qOA9.gz,0,0,0,,,,0,23,23,0,25,207,0,0,,,,,,
mutex_test,tungsten,ls-id-log-20151025020553.log.JRjDBj.gz,0,0,0,,,,0,7,7,0,9,210,0,0,,,,,,
mutex_test,vanadium,ls-id-log-20151025115031.log.LFHv0P.gz,0,0,1,,,5186424784,0,5,5,0,7,86,0,0,,,,,,
mutex_test,xenon,ls-id-log-20151025223419.log.nEa2MD.gz,0,0,0,,,,0,9,9,0,11,436,0,0,,,,,,
mutex_test,ytterbium,ls-id-log-20151025235737.log.ji2lsB.gz,0,0,0,,,,0,14,14,0,16,1507,0,0,,,,,,
mutex_test,yttrium,ls-id-log-20151025193432.log.AQX7By.gz,1,1,0,2634594090,24156911041,,0,53,53,0,55,1258,0,0,bugtype [multiple],TID 4 was killed by a page fault! (Faulting eip: 0x1000342; addr: 0x8),TID 5 was killed by a page fault! (Faulting eip: 0x1000342; addr: 0x8),"bugtype NO PROGRESS (infinite loop?) ((custom note: stuck in ""while (p->next)"" loop in dequeue(); probably list got corrupted to circular))",,
mutex_test,zinc,ls-id-log-20151025030455.log.D1yMFV.gz,1,0,0,20186696,51690667,,0,2,2,0,4,8,0,0,"bugtype USERSPACE PANIC: 410user/progs/mutex_test.c:35: failed assertion `num_in_section == 1 && ""o noes, mutex didn't mutually exclude""'",,,,,
mutex_test,zirconium,ls-id-log-20151025173507.log.dGTZbL.gz,0,0,0,,,,0,13,13,0,15,1004,0,0,,,,,,
paradise_lost (aka sem),aluminum,ls-id-log-20160427125650.log.YSQN61.gz,0,0,0,,,,1,2,2,0,7,47,1,1,,,,,,
paradise_lost (aka sem),antimony,ls-id-log-20160427150919.log.2uPwB6.gz,0,0,0,,,,1,2,2,0,5,32,1,2,,,,,,
paradise_lost (aka sem),argon,ls-id-log-20160427164024.log.mZ1bwz.gz,0,0,0,,,,0,0,1,1,2,4,0,0,,,,,,
paradise_lost (aka sem),arsenic,ls-id-log-20160428013147.log.loXCtW.gz,1,0,0,27032235,89400622,,0,0,3,3,4,5,2,0,,,,,,
paradise_lost (aka sem),barium,ls-id-log-20160427161618.log.sC1yxt.gz,0,0,0,,,,1,14,28,14,31,53,1,4,,,,,,
paradise_lost (aka sem),beryllium,ls-id-log-20160430000803.log.9hvLs7.gz,0,0,0,,,,1,3,4,1,7,34,0,0,,,,,,
paradise_lost (aka sem),boron,ls-id-log-20160427083859.log.rwAHEB.gz,0,0,0,,,,1,12,12,0,32,206,0,0,,,,,,
paradise_lost (aka sem),bromine,ls-id-log-20160428030144.log.3eIBXE.gz,0,0,0,,,,0,42,43,1,46,98,0,0,,,,,,
paradise_lost (aka sem),cadmium,ls-id-log-20160429190115.log.SBSjbU.gz,0,0,0,,,,1,12,12,0,20,85,0,0,,,,,,
paradise_lost (aka sem),caesium,ls-id-log-20160427191942.log.vHSbkp.gz,0,0,0,,,,1,2,2,0,5,32,0,1,,,,,,
paradise_lost (aka sem),calcium,ls-id-log-20160428005935.log.woZmUA.gz,0,0,0,,,,0,23,23,0,58,247,0,0,,,,,,
paradise_lost (aka sem),carbon,ls-id-log-20160428003716.log.Q3YJLM.gz,0,0,0,,,,1,20,28,8,45,95,9,0,,,,,,
paradise_lost (aka sem),cerium,ls-id-log-20160427054824.log.qW8UdS.gz,0,0,0,,,,1,15,22,7,45,79,0,0,,,,,,
paradise_lost (aka sem),chlorine,ls-id-log-20160427171752.log.Kk6oGq.gz,0,0,0,,,,1,7,7,0,13,225,0,0,,,,,,
paradise_lost (aka sem),chromium,ls-id-log-20160427111500.log.tSzqnL.gz,0,0,0,,,,1,0,0,0,0,1,0,0,,,,,,
paradise_lost (aka sem),cobalt,ls-id-log-20160429230739.log.KIzdNG.gz,0,0,0,,,,1,10,14,4,38,59,0,0,,,,,,
paradise_lost (aka sem),copper,ls-id-log-20160427151515.log.FVC7c1.gz,0,0,0,,,,1,8,8,0,18,115,0,0,,,,,,
paradise_lost (aka sem),dysprosium,ls-id-log-20160427133711.log.A4a2BQ.gz,0,0,0,,,,1,8,11,3,28,59,0,0,,,,,,
paradise_lost (aka sem),erbium,ls-id-log-20160427064950.log.K13asO.gz,1,1,0,59469978,437774514,,0,14,15,1,21,123,0,0,,,,,,
paradise_lost (aka sem),europium,ls-id-log-20160428032851.log.QurcY6.gz,0,0,0,,,,1,0,0,0,0,1,45,0,,,,,,
paradise_lost (aka sem),fluorine,ls-id-log-20160427232610.log.UWPTKw.gz,1,1,0,49202929,309186037,,0,8,98,90,61,68,0,0,,,,,,
paradise_lost (aka sem),gadolinium,ls-id-log-20160427034410.log.jvsEm9.gz,0,0,0,,,,1,13,15,2,30,270,0,0,,,,,,
paradise_lost (aka sem),gallium,ls-id-log-20160429210445.log.RFFgBD.gz,0,0,0,,,,1,2,9,7,9,11,0,0,,,,,,
paradise_lost (aka sem),germanium,ls-id-log-20160427171343.log.6YYVkF.gz,0,0,0,,,,1,4,4,0,7,70,0,0,,,,,,
paradise_lost (aka sem),gold,ls-id-log-20160427231458.log.EBDUO9.gz,0,0,0,,,,1,4,28,24,11,13,2,0,,,,,,
paradise_lost (aka sem),hafnium,ls-id-log-20160428011647.log.jg2m6s.gz,0,0,0,,,,1,11,11,0,19,175,0,3,,,,,,
paradise_lost (aka sem),helium,ls-id-log-20160427054607.log.TQ1ALa.gz,0,0,1,,,317050802,0,0,0,0,2,4,8,0,,,,,,
paradise_lost (aka sem),holmium,ls-id-log-20160427120558.log.w4UTtr.gz,0,0,0,,,,1,4,5,1,9,74,0,0,,,,,,
paradise_lost (aka sem),hydrogen,ls-id-log-20160427034413.log.YMP9Tu.gz,0,0,0,,,,1,0,0,0,0,1,3,0,,,,,,
paradise_lost (aka sem),indium,ls-id-log-20160427215218.log.gUckPM.gz,0,0,0,,,,1,0,24,24,0,0,0,0,,,,,,
paradise_lost (aka sem),iodine,ls-id-log-20160427191427.log.I72EkD.gz,0,0,0,,,,1,8,11,3,20,312,25,1,,,,,,
paradise_lost (aka sem),iridium,ls-id-log-20160427081240.log.ONY6Ab.gz,0,0,0,,,,1,7,7,0,16,121,0,0,,,,,,
paradise_lost (aka sem),iron,ls-id-log-20160428013733.log.97qJtA.gz,1,0,0,18560179,38137642,,0,0,0,0,2,3,0,0,,,,,,
paradise_lost (aka sem),kyrpton,ls-id-log-20160427091307.log.yf73By.gz,0,0,0,,,,0,2,20,18,13,15,0,0,,,,,,
paradise_lost (aka sem),lanthanum,ls-id-log-20160427155927.log.WGmHvh.gz,1,0,0,17967526,40155778,,0,0,16,16,2,3,0,0,,,,,,
paradise_lost (aka sem),lithium,ls-id-log-20160427201016.log.HhDwFG.gz,1,1,0,1266143640,12497937160,,0,17,89,72,82,120,0,0,,,,,,
paradise_lost (aka sem),lutetium,ls-id-log-20160427110322.log.C6OfXL.gz,0,0,0,,,,1,3,3,0,6,13,0,0,,,,,,
paradise_lost (aka sem),magnesium,ls-id-log-20160427122244.log.VClb8i.gz,0,0,1,,,19750766749,0,2,2,0,5,31,0,0,,,,,,
paradise_lost (aka sem),manganese,ls-id-log-20160427190120.log.inrLym.gz,0,0,0,,,,1,0,1,1,1,2,0,0,,,,,,
paradise_lost (aka sem),molybdenum,ls-id-log-20160427120706.log.kSGv7I.gz,0,0,0,,,,1,0,7,7,3,4,2,5,,,,,,
paradise_lost (aka sem),neodymium,ls-id-log-20160517071006.log.x5BwiJ.gz,0,0,0,,,,1,7,7,0,15,80,0,0,,,,,,
paradise_lost (aka sem),neon,ls-id-log-20160427151807.log.6zYZIp.gz,1,0,0,23651591,67778495,,0,0,4,4,1,2,4,0,,,,,,
paradise_lost (aka sem),nickel,ls-id-log-20160427223502.log.hN0YNo.gz,0,0,0,,,,1,0,5,5,0,0,10,2,,,,,,
paradise_lost (aka sem),niobium,ls-id-log-20160427101333.log.4I84cB.gz,0,0,0,,,,1,5,6,1,12,94,0,0,,,,,,
paradise_lost (aka sem),nitrogen,ls-id-log-20160427091726.log.rkAyZv.gz,0,0,0,,,,0,45,45,0,98,427,0,0,,,,,,
paradise_lost (aka sem),osmium,ls-id-log-20160427225400.log.0BLRv7.gz,1,0,0,18625782,42230674,,0,0,10,10,1,2,0,0,,,,,,
paradise_lost (aka sem),oxygen,ls-id-log-20160427044540.log.aLjjm7.gz,0,0,0,,,,1,5,12,7,16,74,0,0,,,,,,
paradise_lost (aka sem),palladium,ls-id-log-20160427061029.log.PjVEY6.gz,1,1,0,808151863,7897285003,,0,22,23,1,42,114,0,0,,,,,,
paradise_lost (aka sem),phosphorus,ls-id-log-20160428001931.log.OHXWbb.gz,1,0,0,42383471,265764314,,0,0,189,189,0,1,0,0,,,,,,
paradise_lost (aka sem),platinum,ls-id-log-20160805024055.log.RHFN31.gz,0,0,0,,,,1,12,14,2,32,113,0,0,,,,,,
paradise_lost (aka sem),potassium,ls-id-log-20160427065020.log.N93tSz.gz,0,0,0,,,,1,4,161,157,89,100,0,0,,,,,,
paradise_lost (aka sem),praseodymium,ls-id-log-20160428010139.log.mILS6U.gz,0,0,0,,,,1,6,6,0,10,121,0,0,,,,,,
paradise_lost (aka sem),promethium,ls-id-log-20160427225521.log.6FzmTz.gz,0,0,0,,,,1,31,31,0,67,197,0,0,,,,,,
paradise_lost (aka sem),rhenium,ls-id-log-20160428023209.log.nFg96C.gz,1,1,0,823441913,8054987712,,0,13,50,37,103,295,0,0,,,,,,
paradise_lost (aka sem),rhodium,ls-id-log-20160427110902.log.5Wk5DB.gz,0,0,0,,,,0,7,7,0,16,84,0,0,,,,,,
paradise_lost (aka sem),rubidium,ls-id-log-20160427071055.log.ANpVpX.gz,0,0,0,,,,1,16,36,20,52,77,0,0,,,,,,
paradise_lost (aka sem),ruthenium,ls-id-log-20160427152049.log.lBKZN9.gz,1,0,0,20910038,56392791,,0,0,6,6,0,1,0,0,,,,,,
paradise_lost (aka sem),samarium,ls-id-log-20160427221432.log.f1OhTk.gz,0,0,0,,,,1,23,95,72,98,137,0,0,,,,,,
paradise_lost (aka sem),scandium,ls-id-log-20160427034413.log.EyeWhp.gz,0,0,0,,,,0,6,6,0,15,96,0,0,,,,,,
paradise_lost (aka sem),selenium,ls-id-log-20160427202138.log.sUdy0D.gz,0,0,0,,,,1,4,22,18,24,28,0,0,,,,,,
paradise_lost (aka sem),silicon,ls-id-log-20160427151729.log.rbcmBi.gz,0,0,0,,,,1,1,1,0,3,6,28,0,,,,,,
paradise_lost (aka sem),silver,ls-id-log-20160427185656.log.f6zPY6.gz,0,0,0,,,,1,19,23,4,54,97,0,0,,,,,,
paradise_lost (aka sem),sodium,ls-id-log-20160427091216.log.cCelOP.gz,0,0,0,,,,1,0,33,33,24,25,3,5,,,,,,
paradise_lost (aka sem),strontium,ls-id-log-20160427212401.log.lsFUCr.gz,1,1,0,152704982,1356759411,,0,7,9,2,21,180,4,0,,,,,,
paradise_lost (aka sem),sulfur,ls-id-log-20160427192809.log.ovbdc9.gz,0,0,0,,,,1,13,16,3,28,174,0,0,,,,,,
paradise_lost (aka sem),tantalum,ls-id-log-20160429200405.log.pQQjbs.gz,0,0,0,,,,0,0,135,135,0,0,0,0,,,,,,
paradise_lost (aka sem),technetium,ls-id-log-20160429220613.log.1CgUGX.gz,0,0,0,,,,1,2,2,0,5,49,13,1,,,,,,
paradise_lost (aka sem),tellurium,ls-id-log-20160427130724.log.eN915m.gz,0,0,0,,,,1,31,34,3,69,146,0,0,,,,,,
paradise_lost (aka sem),terbium,ls-id-log-20160427190949.log.jGLlPv.gz,0,0,0,,,,0,4,4,0,12,42,2,3,,,,,,
paradise_lost (aka sem),thulium,ls-id-log-20160427111812.log.4pJ96y.gz,0,0,0,,,,0,6,6,0,15,327,0,0,,,,,,
paradise_lost (aka sem),tin,ls-id-log-20160427181409.log.0GfwF1.gz,0,0,0,,,,1,0,8,8,0,0,3,0,,,,,,
paradise_lost (aka sem),titanium,ls-id-log-20160427211039.log.xPmkUm.gz,1,0,0,713217040,6894440214,,0,0,12,12,0,1,0,0,,,,,,
paradise_lost (aka sem),tungsten,ls-id-log-20160427181128.log.Kyp6WO.gz,0,0,0,,,,1,0,3,3,2,3,0,0,,,,,,
paradise_lost (aka sem),vanadium,ls-id-log-20160429200244.log.i7fvoG.gz,1,0,0,27009453,66506061,,0,0,0,0,2,3,0,0,"bugtype USERSPACE PANIC: 410user/progs/paradise_lost.c:41: failed assertion `num_in_section == 1 && ""long is the way, and hard, that out of hell leads up to light""'",,,,,
paradise_lost (aka sem),xenon,ls-id-log-20160427235646.log.DJod2D.gz,0,0,0,,,,1,7,13,6,11,15,0,0,,,,,,
paradise_lost (aka sem),ytterbium,ls-id-log-20160427171009.log.8k8UdU.gz,0,0,0,,,,1,7,13,6,15,146,0,0,,,,,,
paradise_lost (aka sem),yttrium,ls-id-log-20160427055518.log.jZeINB.gz,1,1,0,2301327561,22424545465,,0,0,139,139,9,9,0,0,,,,,,
paradise_lost (aka sem),zinc,ls-id-log-20160427192017.log.EQlD9d.gz,1,0,0,62378158,450791799,,0,8,13,5,22,93,0,0,,,,,,
paradise_lost (aka sem),zirconium,ls-id-log-20160427034409.log.hlmrJh.gz,0,0,0,,,,1,0,0,0,0,0,0,0,,,,,,
paraguay (aka signal),aluminum,ls-id-log-20160427121619.log.p96ONi.gz,0,0,0,,,,1,1,2,1,4,6,3,0,,,,,,
paraguay (aka signal),antimony,ls-id-log-20160427151708.log.2qbXwW.gz,0,0,0,,,,1,1,2,1,4,6,8,0,,,,,,
paraguay (aka signal),argon,ls-id-log-20160427075707.log.CW7lPI.gz,0,0,1,,,64280312,0,0,0,0,2,4,1,0,,,,,,
paraguay (aka signal),arsenic,ls-id-log-20160427212950.log.KZMXf2.gz,1,0,0,19525100,43889000,,0,1,3,2,5,8,1,0,,,,,,
paraguay (aka signal),barium,ls-id-log-20160427055525.log.kiyVhT.gz,0,0,0,,,,1,12,12,0,13,39,5,1,,,,,,
paraguay (aka signal),beryllium,ls-id-log-20160429153256.log.ZpNeT1.gz,0,0,0,,,,1,4,4,0,6,31,0,0,,,,,,
paraguay (aka signal),boron,ls-id-log-20160429163420.log.t4PQ55.gz,0,0,0,,,,1,25,37,12,40,68,0,0,,,,,,
paraguay (aka signal),bromine,ls-id-log-20160427233529.log.TplpSt.gz,0,0,0,,,,1,0,71,71,22,23,0,0,,,,,,
paraguay (aka signal),cadmium,ls-id-log-20160430021109.log.7tuFuB.gz,0,0,0,,,,1,12,18,6,20,62,0,0,,,,,,
paraguay (aka signal),caesium,ls-id-log-20160427060004.log.nOREPa.gz,0,0,0,,,,1,1,1,0,3,6,1,0,,,,,,
paraguay (aka signal),calcium,ls-id-log-20160427181041.log.hLCPen.gz,0,0,0,,,,0,19,19,0,25,77,0,0,,,,,,
paraguay (aka signal),carbon,ls-id-log-20160427123023.log.3jbn1u.gz,0,0,0,,,,1,54,54,0,58,187,0,0,,,,,,
paraguay (aka signal),cerium,ls-id-log-20160427110927.log.98tcFO.gz,0,0,0,,,,0,43,43,0,47,105,0,0,,,,,,
paraguay (aka signal),chlorine,ls-id-log-20160427235237.log.tsL9no.gz,0,0,0,,,,1,6,12,6,13,64,0,0,,,,,,
paraguay (aka signal),chromium,ls-id-log-20160427075119.log.iE79jU.gz,0,0,1,,,1506136521,0,0,0,0,2,4,2,0,,,,,,
paraguay (aka signal),cobalt,ls-id-log-20160427084918.log.gH9Dyq.gz,0,0,0,,,,0,23,23,0,25,80,0,0,,,,,,
paraguay (aka signal),copper,ls-id-log-20160427135740.log.EQ7hbV.gz,0,0,0,,,,1,13,13,0,15,149,0,0,,,,,,
paraguay (aka signal),dysprosium,ls-id-log-20160427054600.log.DWNHvI.gz,0,0,0,,,,0,23,23,0,25,190,0,0,,,,,,
paraguay (aka signal),erbium,ls-id-log-20160427153902.log.OBHW3i.gz,0,0,0,,,,0,12,12,0,14,404,0,0,,,,,,
paraguay (aka signal),europium,ls-id-log-20160427161731.log.5FTZfy.gz,0,0,0,,,,1,0,0,0,2,3,11,0,,,,,,
paraguay (aka signal),fluorine,ls-id-log-20160427034415.log.CeCAkf.gz,1,1,0,139491094,1206137096,,0,17,102,85,76,94,0,0,,,,,,
paraguay (aka signal),gadolinium,ls-id-log-20160427215146.log.s2P1a0.gz,0,0,0,,,,1,2,4,2,5,9,0,0,,,,,,
paraguay (aka signal),gallium,ls-id-log-20160427141703.log.wYFjmi.gz,0,0,0,,,,1,7,8,1,8,79,2,1,,,,,,
paraguay (aka signal),germanium,ls-id-log-20160427141141.log.uOpDsP.gz,1,1,0,287100086,2703142058,,0,4,8,4,10,38,0,0,,,,,,
paraguay (aka signal),gold,ls-id-log-20160430031237.log.fw7I5j.gz,0,0,0,,,,0,56,56,0,58,404,1,0,,,,,,
paraguay (aka signal),hafnium,ls-id-log-20160427084933.log.GddY6l.gz,0,0,0,,,,1,5,5,0,8,47,7,2,,,,,,
paraguay (aka signal),helium,ls-id-log-20160427085123.log.zP9GIV.gz,0,0,1,,,100140322,0,0,0,0,2,4,3,0,,,,,,
paraguay (aka signal),holmium,ls-id-log-20160428002745.log.C6s0iC.gz,0,0,0,,,,1,11,16,5,17,27,0,0,,,,,,
paraguay (aka signal),hydrogen,ls-id-log-20160427184114.log.hqVwcq.gz,0,0,1,,,4067071918,0,2,2,0,4,16,2,0,,,,,,
paraguay (aka signal),indium,ls-id-log-20160430041402.log.e0lQNe.gz,0,0,0,,,,1,2,51,49,7,8,0,0,,,,,,
paraguay (aka signal),iodine,ls-id-log-20160428031102.log.t2fsAu.gz,0,0,0,,,,1,2,26,24,24,26,35,0,,,,,,
paraguay (aka signal),iridium,ls-id-log-20160427192115.log.ZC2sfp.gz,0,0,0,,,,0,7,7,0,9,64,7,0,,,,,,
paraguay (aka signal),iron,ls-id-log-20160427140849.log.jC1DWb.gz,1,0,0,17611674,37395854,,0,0,0,0,2,3,2,0,,,,,,
paraguay (aka signal),kyrpton,ls-id-log-20160427210627.log.2pjg7I.gz,0,0,0,,,,1,10,10,0,20,101,0,0,,,,,,
paraguay (aka signal),lanthanum,ls-id-log-20160427112956.log.Ku5Re4.gz,1,0,0,19482882,48275787,,0,0,9,9,5,4,0,0,,,,,,
paraguay (aka signal),lithium,ls-id-log-20160427114655.log.XSoRvM.gz,1,1,0,362891331,3458140547,,0,16,39,23,41,64,3,0,,,,,,
paraguay (aka signal),lutetium,ls-id-log-20160427034409.log.CvTc58.gz,0,0,0,,,,1,3,3,0,4,8,9,0,,,,,,
paraguay (aka signal),magnesium,ls-id-log-20160427125456.log.fnEhzh.gz,0,0,1,,,272876375,0,2,2,0,4,15,2,0,,,,,,
paraguay (aka signal),manganese,ls-id-log-20160427201333.log.vFUAB0.gz,0,0,1,,,2567234822,0,0,0,0,2,4,2,0,,,,,,
paraguay (aka signal),molybdenum,ls-id-log-20160430010947.log.mfdqMj.gz,0,0,0,,,,1,0,0,0,2,3,4,0,,,,,,
paraguay (aka signal),neodymium,ls-id-log-20160427105122.log.16USeK.gz,0,0,0,,,,0,5,5,0,7,56,1,0,,,,,,
paraguay (aka signal),neon,ls-id-log-20160427111556.log.Zmvto6.gz,0,0,0,,,,1,4,4,0,5,13,0,0,,,,,,
paraguay (aka signal),nickel,ls-id-log-20160427155959.log.Ff06i5.gz,0,0,0,,,,1,5,5,0,6,14,15,1,,,,,,
paraguay (aka signal),niobium,ls-id-log-20160427174051.log.U7yxNx.gz,0,0,0,,,,0,2,2,0,4,12,0,0,,,,,,
paraguay (aka signal),nitrogen,ls-id-log-20160429173447.log.95sQXT.gz,0,0,0,,,,0,46,58,12,76,147,0,0,,,,,,
paraguay (aka signal),osmium,ls-id-log-20160427035616.log.vmVmSP.gz,0,0,0,,,,1,15,15,0,17,64,0,0,,,,,,
paraguay (aka signal),oxygen,ls-id-log-20160427205843.log.35aVn9.gz,0,0,0,,,,1,5,5,0,7,40,0,0,,,,,,
paraguay (aka signal),palladium,ls-id-log-20160427151730.log.0gYlap.gz,0,0,0,,,,1,6,24,18,30,39,3,1,,,,,,
paraguay (aka signal),phosphorus,ls-id-log-20160427170025.log.swgGfR.gz,1,1,0,497130905,4761350466,,0,21,215,194,73,98,0,0,bugtype INVALID HEAP ACCESS (never allocated) - write to 0x01008fb4 at eip 0x00102917,,,,,
paraguay (aka signal),platinum,ls-id-log-20160427045350.log.fn6cpX.gz,0,0,0,,,,1,16,23,7,25,46,0,0,,,,,,
paraguay (aka signal),potassium,ls-id-log-20160429183615.log.iOBzi0.gz,1,1,0,181714295,1611631897,,0,75,124,49,130,309,0,0,bugtype USE AFTER FREE,,,,,
paraguay (aka signal),praseodymium,ls-id-log-20160427125717.log.IToHkX.gz,0,0,0,,,,0,6,6,0,8,108,0,0,,,,,,
paraguay (aka signal),promethium,ls-id-log-20160427100408.log.jeCZKv.gz,0,0,0,,,,1,31,31,0,32,165,0,0,,,,,,
paraguay (aka signal),rhenium,ls-id-log-20160427214331.log.ULGvjl.gz,1,0,0,60738784,442110047,,0,13,24,11,26,142,4,0,,,,,,
paraguay (aka signal),rhodium,ls-id-log-20160430051544.log.x6BNNW.gz,0,0,0,,,,0,44,45,1,48,262,0,0,,,,,,
paraguay (aka signal),rubidium,ls-id-log-20160427211615.log.Aac8O2.gz,0,0,0,,,,1,13,17,4,19,49,0,0,,,,,,
paraguay (aka signal),ruthenium,ls-id-log-20160805044357.log.kESyV4.gz,0,0,0,,,,1,16,18,2,20,69,0,0,,,,,,
paraguay (aka signal),samarium,ls-id-log-20160429203808.log.4y21oE.gz,0,0,0,,,,1,28,60,32,81,121,0,0,,,,,,
paraguay (aka signal),scandium,ls-id-log-20160427035427.log.HGEWak.gz,0,0,1,,,29276468536,0,5,5,0,7,128,0,0,,,,,,
paraguay (aka signal),selenium,ls-id-log-20160427080148.log.sLV6rC.gz,0,0,0,,,,1,20,20,0,27,92,0,0,,,,,,
paraguay (aka signal),silicon,ls-id-log-20160427094944.log.DTT99l.gz,0,0,0,,,,1,1,1,0,2,4,5,0,,,,,,
paraguay (aka signal),silver,ls-id-log-20160427095000.log.OlP00x.gz,0,0,0,,,,0,13,13,0,17,79,0,0,,,,,,
paraguay (aka signal),sodium,ls-id-log-20160427232538.log.iIr6Jx.gz,0,0,0,,,,1,32,32,0,33,449,2,0,,,,,,
paraguay (aka signal),strontium,ls-id-log-20160427141433.log.73y9iB.gz,0,0,0,,,,1,39,46,7,49,122,0,0,,,,,,
paraguay (aka signal),sulfur,ls-id-log-20160427161758.log.jYzuik.gz,1,1,0,2280575973,22632108424,,0,57,68,11,71,151,6,0,,,,,,
paraguay (aka signal),tantalum,ls-id-log-20160427034412.log.G55YEe.gz,0,0,0,,,,1,0,90,90,0,0,0,0,,,,,,
paraguay (aka signal),technetium,ls-id-log-20160427213440.log.1OJZeL.gz,0,0,0,,,,1,2,2,0,3,5,15,0,,,,,,
paraguay (aka signal),tellurium,ls-id-log-20160427232718.log.YyThQe.gz,0,0,0,,,,1,27,27,0,29,86,0,0,,,,,,
paraguay (aka signal),terbium,ls-id-log-20160427205054.log.UfPi0q.gz,0,0,0,,,,0,4,4,0,6,32,4,0,,,,,,
paraguay (aka signal),thulium,ls-id-log-20160427131624.log.E6bUog.gz,0,0,0,,,,0,13,13,0,15,151,6,0,,,,,,
paraguay (aka signal),tin,ls-id-log-20160429193642.log.zFHsuS.gz,0,0,0,,,,0,7,7,0,9,33,3,0,,,,,,
paraguay (aka signal),titanium,ls-id-log-20160805034122.log.Uj0cX5.gz,0,0,0,,,,1,0,74,74,0,0,0,0,,,,,,
paraguay (aka signal),tungsten,ls-id-log-20160427181854.log.8zEuiO.gz,0,0,0,,,,0,0,0,0,2,3,2,0,,,,,,
paraguay (aka signal),vanadium,ls-id-log-20160428000118.log.x2ABqS.gz,0,0,0,,,,1,0,0,0,2,3,3,0,,,,,,
paraguay (aka signal),xenon,ls-id-log-20160427171242.log.f4K1fd.gz,0,0,0,,,,1,0,27,27,3,4,0,0,,,,,,
paraguay (aka signal),ytterbium,ls-id-log-20160427065550.log.MJ0DXS.gz,0,0,0,,,,1,3,3,0,5,24,0,0,,,,,,
paraguay (aka signal),yttrium,ls-id-log-20160427075828.log.chdTIc.gz,0,0,0,,,,1,29,194,165,146,171,0,0,,,,,,
paraguay (aka signal),zinc,ls-id-log-20160427212428.log.7Fyff0.gz,0,0,0,,,,1,13,13,0,15,146,0,0,,,,,,
paraguay (aka signal),zirconium,ls-id-log-20160428020939.log.rlVWOd.gz,0,0,0,,,,1,0,0,0,1,2,0,0,,,,,,
priority-sema (aka sched),algeria,ls-id-log-20151104042619.log.mMjxxW.gz,0,0,1,,,666621788,0,1,1,0,5,9,0,0,,,,,,
priority-sema (aka sched),angola,ls-id-log-20151104030638.log.UqONWn.gz,0,0,1,,,3513662763,0,1,1,0,5,9,0,0,,,,,,
priority-sema (aka sched),argentina,ls-id-log-20151111220931.log.zq5JPR.gz,1,1,0,98032330,772679389,,0,0,5,5,8,10,0,0,bugtype KERNEL PANIC: ../../lib/kernel/list.c:106: assertion `is_head (elem) || is_interior (elem)' failed.,,,,,
priority-sema (aka sched),australia,ls-id-log-20160804233353.log.mJDTRl.gz,0,0,0,,,,0,8,8,0,12,697,0,0,,,,,,
priority-sema (aka sched),benelux,ls-id-log-20160804213200.log.ykDgNz.gz,0,0,0,,,,0,9,9,0,13,760,0,0,,,,,,
priority-sema (aka sched),bolivia,ls-id-log-20160804223327.log.a61VTV.gz,0,0,0,,,,0,8,8,0,12,195,0,0,,,,,,
priority-sema (aka sched),botswana,ls-id-log-20151104031759.log.drkslr.gz,0,0,0,,,,0,0,1,1,4,6,0,0,,,,,,
priority-sema (aka sched),brazil,ls-id-log-20151104025317.log.RR3xTQ.gz,0,0,1,,,813681755,0,0,0,0,4,6,0,0,,,,,,
priority-sema (aka sched),bulgaria,ls-id-log-20151104053622.log.R4KB8q.gz,0,0,1,,,694438328,0,1,1,0,5,9,0,0,,,,,,
priority-sema (aka sched),burma,ls-id-log-20151104030939.log.jwfya6.gz,0,0,1,,,764404560,0,1,1,0,5,9,0,0,,,,,,
priority-sema (aka sched),cameroon,ls-id-log-20151104154251.log.cJFbZx.gz,0,0,1,,,796527839,0,1,1,0,5,9,0,0,,,,,,
priority-sema (aka sched),chile,ls-id-log-20151104164322.log.9kRWgg.gz,0,0,1,,,697550615,0,1,1,0,5,9,0,0,,,,,,
priority-sema (aka sched),costarica,ls-id-log-20151104161158.log.rrz60e.gz,0,0,0,,,,0,11,11,0,16,381,0,0,,,,,,
priority-sema (aka sched),cuba,ls-id-log-20151111220926.log.1EnROq.gz,1,1,0,24556401,64056988,,0,2,9,7,13,21,0,0,bugtype KERNEL PANIC: ../../lib/kernel/list.c:106: assertion `is_head (elem) || is_interior (elem)' failed.,,,,,
priority-sema (aka sched),czechoslovakia,ls-id-log-20151104165042.log.uAFkGf.gz,0,0,0,,,,1,2,2,0,6,13,0,0,,,,,,
priority-sema (aka sched),denmark,ls-id-log-20151104034239.log.uIVPrj.gz,0,0,1,,,3588277984,0,1,1,0,5,9,0,0,,,,,,
priority-sema (aka sched),eastgermany,ls-id-log-20151104060630.log.tbRbOj.gz,0,0,0,,,,0,1,1,0,5,9,0,0,,,,,,
priority-sema (aka sched),ecuador,ls-id-log-20151111220936.log.acgcvi.gz,0,0,0,,,,0,8,8,0,12,169,0,0,,,,,,
priority-sema (aka sched),egypt,ls-id-log-20151104035019.log.HkdrGL.gz,0,0,1,,,568973826,0,1,1,0,5,9,0,0,,,,,,
priority-sema (aka sched),finland,ls-id-log-20151104052902.log.BbMsg8.gz,0,0,1,,,904760182,0,1,1,0,5,12,0,0,,,,,,
priority-sema (aka sched),france,ls-id-log-20151111231152.log.nBuVG7.gz,1,1,0,33440278,120696353,,0,8,12,4,16,605,0,0,bugtype KERNEL PANIC: ../../lib/kernel/list.c:106: assertion `is_head (elem) || is_interior (elem)' failed.,,,,,
priority-sema (aka sched),guatemala,ls-id-log-20151104030818.log.OCeBuf.gz,0,0,1,,,759376542,0,1,1,0,5,9,0,0,,,,,,
priority-sema (aka sched),haiti,ls-id-log-20151104022437.log.lx8wfJ.gz,0,0,0,,,,0,2,3,1,6,23,0,0,,,,,,
priority-sema (aka sched),honduras,ls-id-log-20151104041406.log.ulNbUr.gz,0,0,1,,,842657594,0,1,1,0,5,9,0,0,,,,,,
priority-sema (aka sched),india,ls-id-log-20151104034301.log.dq22uA.gz,0,0,1,,,831420620,0,1,1,0,5,9,0,0,,,,,,
priority-sema (aka sched),indonesia,ls-id-log-20151104054442.log.63QRsp.gz,0,0,1,,,648509272,0,1,1,0,5,9,0,0,,,,,,
priority-sema (aka sched),iran,ls-id-log-20151104154254.log.k1RUtV.gz,0,0,0,,,,1,2,2,0,6,13,0,0,,,,,,
priority-sema (aka sched),iraq,ls-id-log-20151112001240.log.obAifb.gz,0,0,0,,,,0,10,10,0,14,704,0,0,,,,,,
priority-sema (aka sched),israel,ls-id-log-20151104035245.log.IhET7n.gz,0,0,1,,,3621569349,0,2,2,0,6,14,0,0,,,,,,
priority-sema (aka sched),italy,ls-id-log-20151104045242.log.rOKcl1.gz,0,0,1,,,3589445568,0,1,1,0,5,10,0,0,,,,,,
priority-sema (aka sched),ivorycoast,ls-id-log-20160805013543.log.ZjXohl.gz,1,0,0,26943684,89111485,,0,8,8,0,12,657,0,0,bugtype KERNEL PANIC: ../../threads/thread.c:616: assertion `t->magic == THREAD_MAGIC' failed.,,,,,
priority-sema (aka sched),japan,ls-id-log-20151104030319.log.CPN3Ig.gz,0,0,1,,,610182111,0,1,1,0,5,9,0,0,,,,,,
priority-sema (aka sched),malaysia,ls-id-log-20151111231115.log.b5LKXW.gz,0,0,0,,,,0,9,9,0,13,305,0,0,,,,,,
priority-sema (aka sched),mexico,ls-id-log-20151104071512.log.3NS2wn.gz,0,0,1,,,2673788521,0,1,1,0,5,12,0,0,,,,,,
priority-sema (aka sched),morocco,ls-id-log-20151104041859.log.tF0GbM.gz,0,0,1,,,637597481,0,1,1,0,5,9,0,0,,,,,,
priority-sema (aka sched),nicaragua,ls-id-log-20151104051246.log.hzt0Gc.gz,0,0,1,,,653760565,0,1,1,0,5,9,0,0,,,,,,
priority-sema (aka sched),nigeria,ls-id-log-20151111220928.log.H9zVBr.gz,1,1,0,29855215,99706684,,0,1,5,4,9,13,0,0,bugtype KERNEL PANIC: ../../lib/kernel/list.c:106: assertion `is_head (elem) || is_interior (elem)' failed.,,,,,
priority-sema (aka sched),northkorea,ls-id-log-20160805003520.log.RZK4L1.gz,1,1,0,24875110,68820226,,0,2,6,4,10,19,0,0,bugtype KERNEL PANIC: ../../lib/kernel/list.c:106: assertion `is_head (elem) || is_interior (elem)' failed.,,,,,
priority-sema (aka sched),norway,ls-id-log-20151104073732.log.GT9ZXy.gz,0,0,1,,,6739054469,0,2,2,0,6,14,0,0,,,,,,
priority-sema (aka sched),pakistan,ls-id-log-20151104050526.log.lgd6yp.gz,0,0,1,,,618778470,0,1,1,0,5,9,0,0,,,,,,
priority-sema (aka sched),panama,ls-id-log-20151104045748.log.Shveim.gz,0,0,1,,,795435720,0,1,1,0,5,9,0,0,,,,,,
priority-sema (aka sched),paraguay,ls-id-log-20151104155110.log.z8KMzx.gz,0,0,1,,,693086159,0,1,1,0,5,9,0,0,,,,,,
priority-sema (aka sched),peru,ls-id-log-20151104035639.log.a92teq.gz,0,0,1,,,735258724,0,1,1,0,5,9,0,0,,,,,,
priority-sema (aka sched),philippines,ls-id-log-20151104050608.log.98f86O.gz,0,0,1,,,10027369211,0,2,2,0,6,14,0,0,,,,,,
priority-sema (aka sched),poland,ls-id-log-20151104070651.log.y6mEjD.gz,0,0,1,,,747226975,0,1,1,0,5,9,0,0,,,,,,
priority-sema (aka sched),saudiarabia,ls-id-log-20151111231201.log.1vRC7S.gz,1,1,0,48426579,210411072,,0,8,12,4,16,227,0,0,bugtype KERNEL PANIC: ../../lib/kernel/list.c:106: assertion `is_head (elem) || is_interior (elem)' failed.,,,,,
priority-sema (aka sched),somalia,ls-id-log-20151104032359.log.5fkCSF.gz,0,0,1,,,631716879,0,1,1,0,5,9,0,0,,,,,,
priority-sema (aka sched),southafrica,ls-id-log-20151104042427.log.yFEeTr.gz,0,0,0,,,,0,0,1,1,4,6,0,0,,,,,,
priority-sema (aka sched),spainportugal,ls-id-log-20151112165506.log.rQfaQs.gz,0,0,0,,,,0,8,8,0,12,381,0,0,,,,,,
priority-sema (aka sched),sudan,ls-id-log-20151118000534.log.psGzoz.gz,0,0,1,,,633383863,0,1,1,0,5,9,0,0,,,,,,
priority-sema (aka sched),syria,ls-id-log-20151103194138.log.2Ffto4.gz,0,0,0,,,,0,9,9,0,13,892,0,0,,,,,,
priority-sema (aka sched),taiwan,ls-id-log-20151104023257.log.WP4E7n.gz,0,0,1,,,3297790118,0,1,1,0,5,9,0,0,,,,,,
priority-sema (aka sched),thailand,ls-id-log-20160804203133.log.1RBLL0.gz,0,0,0,,,,0,8,8,0,12,228,0,0,,,,,,
priority-sema (aka sched),uruguay,ls-id-log-20151104154418.log.zXRSt9.gz,0,0,1,,,2746678000,0,1,1,0,5,12,0,0,,,,,,
priority-sema (aka sched),venezuela,ls-id-log-20151104031639.log.wqe393.gz,0,0,1,,,638995745,0,1,1,0,5,9,0,0,,,,,,
priority-sema (aka sched),vietnam,ls-id-log-20151104034158.log.P5th6j.gz,0,0,1,,,761863736,0,1,1,0,5,9,0,0,,,,,,
priority-sema (aka sched),westgermany,ls-id-log-20151104033119.log.FlHRm6.gz,0,0,1,,,1175380218,0,1,1,0,5,12,0,0,,,,,,
priority-sema (aka sched),yugoslavia,ls-id-log-20151104161155.log.WmsZfg.gz,0,0,0,,,,0,9,9,0,13,421,0,0,,,,,,
priority-sema (aka sched),zimbabwe,ls-id-log-20151104174545.log.Yp0NWZ.gz,0,0,1,,,983179656,0,1,1,0,5,9,0,0,,,,,,
rwlock_downgrade_read_test,aluminum,ls-id-log-20160427101749.log.ht8NJj.gz,0,0,0,,,,1,5,5,0,5,23,3,0,,,,,,
rwlock_downgrade_read_test,antimony,ls-id-log-20160427131049.log.pBZbRV.gz,0,0,0,,,,1,3,3,0,4,11,19,0,,,,,,
rwlock_downgrade_read_test,argon,ls-id-log-20160427054802.log.JkRqkE.gz,0,0,1,,,535219907,0,0,0,0,2,4,0,0,,,,,,
rwlock_downgrade_read_test,arsenic,ls-id-log-20160430003859.log.BazOJf.gz,1,0,0,32868487,84438690,,0,0,1,1,2,3,0,0,bugtype Deadlock -- no threads are runnable!,,,,,
rwlock_downgrade_read_test,barium,ls-id-log-20160427065554.log.Q1SJv8.gz,0,0,0,,,,1,11,11,0,14,179,0,0,,,,,,
rwlock_downgrade_read_test,beryllium,ls-id-log-20160428002704.log.GClCIf.gz,1,0,0,29589342,132967189,,0,2,9,7,11,14,0,0,,,,,,
rwlock_downgrade_read_test,boron,ls-id-log-20160427202144.log.uyZmYR.gz,1,0,0,19630998,44955450,,0,2,3,1,6,12,0,0,,,,,,
rwlock_downgrade_read_test,bromine,ls-id-log-20160427161541.log.FGQcBI.gz,0,0,0,,,,1,58,69,11,75,187,0,0,,,,,,
rwlock_downgrade_read_test,cadmium,ls-id-log-20160429213836.log.OroNtb.gz,0,0,0,,,,1,12,12,0,13,157,3,0,,,,,,
rwlock_downgrade_read_test,caesium,ls-id-log-20160427095917.log.CbmKSh.gz,1,0,0,24330770,61130400,,0,0,0,0,2,3,3,0,,,,,,
rwlock_downgrade_read_test,calcium,ls-id-log-20160427124836.log.4EluxZ.gz,1,0,0,32656975,157894946,,0,3,3,0,5,11,0,0,,,,,,
rwlock_downgrade_read_test,carbon,ls-id-log-20160805054520.log.5GluFM.gz,1,0,0,20096261,52727913,,0,35,35,0,40,1574,0,0,,,,,,
rwlock_downgrade_read_test,cerium,ls-id-log-20160427160945.log.x707Q8.gz,0,0,0,,,,0,8,8,0,10,73,0,0,,,,,,
rwlock_downgrade_read_test,chlorine,ls-id-log-20160427145803.log.UqD47x.gz,0,0,0,,,,1,12,12,0,13,1336,0,0,,,,,,
rwlock_downgrade_read_test,chromium,ls-id-log-20160428032530.log.ngFEes.gz,0,0,0,,,,1,3,7,4,7,12,7,0,,,,,,
rwlock_downgrade_read_test,cobalt,ls-id-log-20160427044536.log.ZYR4AB.gz,0,0,0,,,,1,0,0,0,1,2,0,0,,,,,,
rwlock_downgrade_read_test,copper,ls-id-log-20160427121522.log.HlzZVq.gz,1,0,0,17837961,37301599,,0,0,0,0,2,3,0,0,,,,,,
rwlock_downgrade_read_test,dysprosium,ls-id-log-20160427094023.log.gH4fld.gz,1,0,0,28095798,71760622,,0,0,0,0,2,3,0,0,,,,,,
rwlock_downgrade_read_test,erbium,ls-id-log-20160427171705.log.es25Bx.gz,0,0,0,,,,1,11,11,0,13,193,0,0,,,,,,
rwlock_downgrade_read_test,europium,ls-id-log-20160427131114.log.G7QV3m.gz,0,0,0,,,,1,0,11,11,11,12,4,0,,,,,,
rwlock_downgrade_read_test,fluorine,ls-id-log-20160517060844.log.NVFVXS.gz,1,1,0,123128257,1059872753,,0,62,90,28,116,570,0,0,bugtype Deadlock -- no threads are runnable!,,,,,
rwlock_downgrade_read_test,gadolinium,ls-id-log-20160428033832.log.GqBEaF.gz,1,1,0,51403192,332936119,,0,17,25,8,41,1679,0,0,,,,,,
rwlock_downgrade_read_test,gallium,ls-id-log-20160427064951.log.7fLxig.gz,0,0,0,,,,1,4,4,0,4,13,0,0,,,,,,
rwlock_downgrade_read_test,germanium,ls-id-log-20160427141033.log.et3BLk.gz,0,0,0,,,,0,3,3,0,5,20,0,0,,,,,,
rwlock_downgrade_read_test,gold,ls-id-log-20160428042913.log.Wxl64V.gz,1,0,0,19077487,44610677,,0,9,9,0,11,356,1,0,,,,,,
rwlock_downgrade_read_test,hafnium,ls-id-log-20160427151456.log.wLJhfy.gz,0,0,0,,,,1,3,3,0,6,16,7,0,,,,,,
rwlock_downgrade_read_test,helium,ls-id-log-20160805064643.log.4mjkKf.gz,1,0,0,394000355,3723896289,,0,3,6,3,8,17,1,0,bugtype NO PROGRESS (infinite loop?),,,,,
rwlock_downgrade_read_test,holmium,ls-id-log-20160427161119.log.LESIub.gz,0,0,0,,,,1,4,4,0,5,25,0,0,,,,,,
rwlock_downgrade_read_test,hydrogen,ls-id-log-20160427224456.log.eme87h.gz,0,0,0,,,,1,2,2,0,2,4,1,0,,,,,,
rwlock_downgrade_read_test,indium,ls-id-log-20160427231904.log.0AAOaK.gz,0,0,0,,,,0,0,27,27,0,0,2,0,,,,,,
rwlock_downgrade_read_test,iodine,ls-id-log-20160427141646.log.bG8MtY.gz,1,0,0,18970126,46228186,,0,0,2,2,3,5,23,0,,,,,,
rwlock_downgrade_read_test,iridium,ls-id-log-20160428004930.log.b4ysio.gz,0,0,0,,,,1,6,7,1,7,20,3,0,,,,,,
rwlock_downgrade_read_test,iron,ls-id-log-20160427185135.log.8Zg9cX.gz,1,0,0,21954950,47982805,,0,0,0,0,2,3,2,0,,,,,,
rwlock_downgrade_read_test,kyrpton,ls-id-log-20160428013738.log.VUsK2P.gz,0,0,0,,,,1,10,13,3,19,188,0,0,,,,,,
rwlock_downgrade_read_test,lanthanum,ls-id-log-20160427110729.log.UeZhUn.gz,0,0,0,,,,1,0,7,7,0,0,0,0,,,,,,
rwlock_downgrade_read_test,lithium,ls-id-log-20160427054839.log.6OupnV.gz,1,1,0,36579903,185311005,,0,0,127,127,145,146,0,0,bugtype WARNING: Recursive call of mutex_lock,,,,,
rwlock_downgrade_read_test,lutetium,ls-id-log-20160517034517.log.eMZWK5.gz,0,0,0,,,,1,0,3,3,2,3,5,0,,,,,,
rwlock_downgrade_read_test,magnesium,ls-id-log-20160427221742.log.KpKlep.gz,0,0,0,,,,1,2,2,0,4,12,0,0,,,,,,
rwlock_downgrade_read_test,manganese,ls-id-log-20160427064852.log.MYMkTR.gz,1,0,0,18192804,38163256,,0,0,0,0,2,4,2,0,,,,,,
rwlock_downgrade_read_test,molybdenum,ls-id-log-20160427120952.log.ejQgxX.gz,0,0,0,,,,1,0,0,0,1,2,7,0,,,,,,
rwlock_downgrade_read_test,neodymium,ls-id-log-20160430024245.log.L0co3z.gz,0,0,0,,,,1,4,4,0,5,21,1,0,,,,,,
rwlock_downgrade_read_test,neon,ls-id-log-20160427081222.log.ZqNhK0.gz,0,0,0,,,,1,3,3,0,3,8,4,0,,,,,,
rwlock_downgrade_read_test,nickel,ls-id-log-20160427234645.log.9eo5os.gz,0,0,0,,,,1,7,7,0,7,33,11,1,,,,,,
rwlock_downgrade_read_test,niobium,ls-id-log-20160427044535.log.MMJrEV.gz,0,0,0,,,,1,2,2,0,4,12,0,0,,,,,,
rwlock_downgrade_read_test,nitrogen,ls-id-log-20160427034415.log.wj5TTc.gz,0,0,0,,,,0,23,23,0,33,336,0,0,,,,,,
rwlock_downgrade_read_test,osmium,ls-id-log-20160427111433.log.1t4isZ.gz,0,0,0,,,,1,7,8,1,9,226,0,0,,,,,,
rwlock_downgrade_read_test,oxygen,ls-id-log-20160428022827.log.O8lsiS.gz,0,0,0,,,,1,0,3,3,5,6,0,0,,,,,,
rwlock_downgrade_read_test,palladium,ls-id-log-20160428022402.log.4PKPNt.gz,0,0,0,,,,1,9,27,18,31,57,1,1,,,,,,
rwlock_downgrade_read_test,phosphorus,ls-id-log-20160427181815.log.tBtlhH.gz,0,0,0,,,,1,4,123,119,124,131,0,0,,,,,,
rwlock_downgrade_read_test,platinum,ls-id-log-20160427222553.log.nFJzcL.gz,0,0,0,,,,1,5,5,0,5,24,0,0,,,,,,
rwlock_downgrade_read_test,potassium,ls-id-log-20160427151254.log.nf1bSM.gz,0,0,0,,,,1,55,119,64,119,173,0,0,,,,,,
rwlock_downgrade_read_test,praseodymium,ls-id-log-20160427220027.log.477lYR.gz,1,0,0,21021190,44958196,,0,0,4,4,5,7,0,0,,,,,,
rwlock_downgrade_read_test,promethium,ls-id-log-20160427070126.log.2Werqi.gz,0,0,0,,,,1,4,4,0,5,15,0,0,,,,,,
rwlock_downgrade_read_test,rhenium,ls-id-log-20160428005814.log.KdvNn3.gz,0,0,1,,,119642236,0,0,0,0,2,4,0,0,,,,,,
rwlock_downgrade_read_test,rhodium,ls-id-log-20160427044542.log.Kq0sp1.gz,0,0,0,,,,1,8,8,0,10,149,5,0,,,,,,
rwlock_downgrade_read_test,rubidium,ls-id-log-20160427101007.log.xtkkHq.gz,0,0,0,,,,0,8,8,0,10,63,0,0,,,,,,
rwlock_downgrade_read_test,ruthenium,ls-id-log-20160427191436.log.pOidNH.gz,1,0,0,20082134,51974694,,0,6,6,0,7,48,0,0,,,,,,
rwlock_downgrade_read_test,samarium,ls-id-log-20160427213219.log.dNUiv8.gz,1,0,0,42097637,236020526,,0,0,15,15,17,19,0,0,,,,,,
rwlock_downgrade_read_test,scandium,ls-id-log-20160427085211.log.YReE4w.gz,1,0,0,38367841,215289042,,0,6,6,0,8,23,1,0,,,,,,
rwlock_downgrade_read_test,selenium,ls-id-log-20160427104527.log.BYYVas.gz,1,0,0,19243600,45595459,,0,19,20,1,30,628,0,0,,,,,,
rwlock_downgrade_read_test,silicon,ls-id-log-20160429234130.log.xHxXKP.gz,1,0,0,2302072582,22660075555,,0,6,6,0,9,130,3,0,bugtype Deadlock -- no threads are runnable!,,,,,
rwlock_downgrade_read_test,silver,ls-id-log-20160429224003.log.8N7pW6.gz,0,0,0,,,,1,1,16,15,18,20,0,0,,,,,,
rwlock_downgrade_read_test,sodium,ls-id-log-20160428023805.log.yId09J.gz,0,0,0,,,,1,40,44,4,45,165,5,0,,,,,,
rwlock_downgrade_read_test,strontium,ls-id-log-20160428004813.log.wOgXSp.gz,0,0,0,,,,1,12,13,1,18,86,0,0,,,,,,
rwlock_downgrade_read_test,sulfur,ls-id-log-20160427212419.log.weMz1p.gz,0,0,0,,,,1,13,13,0,15,194,0,0,,,,,,
rwlock_downgrade_read_test,tantalum,ls-id-log-20160427141624.log.sHlmWO.gz,0,0,0,,,,1,0,85,85,0,0,0,0,,,,,,
rwlock_downgrade_read_test,technetium,ls-id-log-20160517044539.log.H5E0cj.gz,1,0,0,230401328,1500045407,,0,2,2,0,4,8,17,0,bugtype USE AFTER FREE,,,,,
rwlock_downgrade_read_test,tellurium,ls-id-log-20160427064626.log.EduQ3l.gz,1,0,0,26367165,96808360,,0,17,22,5,18,350,0,0,,,,,,
rwlock_downgrade_read_test,terbium,ls-id-log-20160427054928.log.41iHHq.gz,0,0,0,,,,1,4,4,0,6,19,3,1,,,,,,
rwlock_downgrade_read_test,thulium,ls-id-log-20160427075048.log.lxwwBl.gz,0,0,0,,,,1,2,2,0,4,10,3,0,,,,,,
rwlock_downgrade_read_test,tin,ls-id-log-20160427110530.log.L1VXQV.gz,0,0,0,,,,1,0,20,20,10,11,3,0,,,,,,
rwlock_downgrade_read_test,titanium,ls-id-log-20160805074907.log.fu41lb.gz,0,0,0,,,,1,0,33,33,0,0,0,0,,,,,,
rwlock_downgrade_read_test,tungsten,ls-id-log-20160427094404.log.8GtBA6.gz,0,0,0,,,,1,1,2,1,4,7,2,0,,,,,,
rwlock_downgrade_read_test,vanadium,ls-id-log-20160427085533.log.mBJ1Cm.gz,0,0,0,,,,1,0,0,0,2,3,4,0,,,,,,
rwlock_downgrade_read_test,xenon,ls-id-log-20160427101249.log.1iEkU2.gz,0,0,0,,,,1,10,12,2,13,31,0,0,,,,,,
rwlock_downgrade_read_test,ytterbium,ls-id-log-20160427095655.log.yiyl0d.gz,0,0,1,,,1095951221,0,1,1,0,3,8,0,0,,,,,,
rwlock_downgrade_read_test,yttrium,ls-id-log-20160427065613.log.dQGHWu.gz,1,1,0,471680988,4331234562,,0,92,110,18,141,1528,0,0,,,,,,
rwlock_downgrade_read_test,zinc,ls-id-log-20160427110101.log.vTmVYC.gz,1,0,0,27841509,99022353,,0,4,4,0,6,14,0,0,,,,,,
rwlock_downgrade_read_test,zirconium,ls-id-log-20160428020203.log.Ljwxin.gz,1,0,0,26984853,75363975,,0,0,0,0,1,2,0,0,,,,,,
thr_exit_join,aluminum,ls-id-log-20160428003255.log.ahAk7z.gz,0,0,1,,,984357931,0,2,2,0,4,16,0,0,,,,,,
thr_exit_join,antimony,ls-id-log-20160427034355.log.y7AYcD.gz,0,0,1,,,5522642178,0,4,4,0,6,53,2,0,,,,,,
thr_exit_join,argon,ls-id-log-20160427083638.log.o5VgP1.gz,0,0,1,,,124566705,0,0,0,0,2,4,0,0,,,,,,
thr_exit_join,arsenic,ls-id-log-20160427202109.log.HjNA9w.gz,1,0,0,42390195,262942408,,0,10,13,3,25,121,0,0,,,,,,
thr_exit_join,barium,ls-id-log-20160427200142.log.fru2gJ.gz,1,1,0,44356699,221346484,,0,10,12,2,14,1578,0,0,,,,,,
thr_exit_join,beryllium,ls-id-log-20160428034143.log.qcIeGG.gz,0,0,1,,,3483718789,0,3,3,0,5,32,0,0,,,,,,
thr_exit_join,boron,ls-id-log-20160428014838.log.vHZSol.gz,0,0,0,,,,0,9,9,0,12,623,0,0,,,,,,
thr_exit_join,bromine,ls-id-log-20160427161751.log.NKRLvY.gz,0,0,0,,,,0,42,46,4,56,125,0,0,,,,,,
thr_exit_join,cadmium,ls-id-log-20160427195820.log.F9kIZe.gz,0,0,0,,,,0,19,19,0,21,372,1,0,,,,,,
thr_exit_join,caesium,ls-id-log-20160427074749.log.vVvnmj.gz,1,0,0,23673032,75123418,,0,3,4,1,6,11,0,0,,,,,,
thr_exit_join,calcium,ls-id-log-20160427135713.log.OUqS8w.gz,1,0,0,19052035,43318951,,0,11,14,3,16,358,7,0,,,,,,
thr_exit_join,carbon,ls-id-log-20160427100342.log.FbQDnj.gz,1,0,0,21835649,56309078,,0,50,50,0,56,1766,0,0,,,,,,
thr_exit_join,cerium,ls-id-log-20160428021709.log.s83Hh1.gz,0,0,0,,,,0,8,8,0,10,501,0,0,,,,,,
thr_exit_join,chlorine,ls-id-log-20160427131210.log.nUKrmq.gz,0,0,0,,,,0,16,16,0,22,372,0,0,,,,,,
thr_exit_join,chromium,ls-id-log-20160427201501.log.eETQSQ.gz,0,0,1,,,13213918091,0,3,3,0,5,32,15,0,,,,,,
thr_exit_join,cobalt,ls-id-log-20160428020019.log.fdqBpP.gz,0,0,0,,,,0,19,19,0,21,117,16,0,,,,,,
thr_exit_join,copper,ls-id-log-20160430084606.log.AKhzOT.gz,1,0,0,43496446,252768445,,0,14,17,3,19,737,0,0,bugtype Deadlock -- no threads are runnable!,,,,,
thr_exit_join,dysprosium,ls-id-log-20160427160048.log.z4b79P.gz,0,0,0,,,,0,20,20,0,22,1432,0,0,,,,,,
thr_exit_join,erbium,ls-id-log-20160427212132.log.vTSWle.gz,0,0,0,,,,0,8,8,0,10,375,0,0,,,,,,
thr_exit_join,europium,ls-id-log-20160427080734.log.uiS05k.gz,0,0,0,,,,1,8,8,0,8,256,40,0,,,,,,
thr_exit_join,fluorine,ls-id-log-20160427171922.log.zc6jNr.gz,1,1,0,414287521,3900649722,,0,85,87,2,115,400,0,0,,,,,,
thr_exit_join,gadolinium,ls-id-log-20160427034411.log.6NBXdx.gz,0,0,0,,,,0,50,50,0,73,668,0,0,,,,,,
thr_exit_join,gallium,ls-id-log-20160430074444.log.a5DFCV.gz,1,1,0,44244681,283598612,,0,9,13,4,17,398,3,0,bugtype USERSPACE PANIC:  Panic in Thread: %d ,,,,,
thr_exit_join,germanium,ls-id-log-20160427115145.log.IF8BfZ.gz,0,0,0,,,,0,8,8,0,10,861,0,0,,,,,,
thr_exit_join,gold,ls-id-log-20160517081034.log.i7ePuQ.gz,0,0,0,,,,0,4,4,0,6,24,2,0,,,,,,
thr_exit_join,hafnium,ls-id-log-20160427172404.log.RGOgT9.gz,1,1,0,40130908,204807265,,0,5,8,3,11,178,0,0,,,,,,
thr_exit_join,helium,ls-id-log-20160427222523.log.QhKxu0.gz,0,0,1,,,1311842113,0,3,3,0,5,32,0,0,,,,,,
thr_exit_join,holmium,ls-id-log-20160427044443.log.6fdA6s.gz,0,0,0,,,,0,13,13,0,15,184,0,0,,,,,,
thr_exit_join,hydrogen,ls-id-log-20160427141011.log.LRhqjm.gz,0,0,1,,,67110379,0,0,0,0,2,4,0,0,,,,,,
thr_exit_join,indium,ls-id-log-20160428025451.log.N5qVo4.gz,1,1,0,82074995,660813293,,0,4,55,51,19,28,16,1,,,,,,
thr_exit_join,iodine,ls-id-log-20160427161321.log.ZtTbYm.gz,0,0,0,,,,0,17,17,0,19,127,0,0,,,,,,
thr_exit_join,iridium,ls-id-log-20160428002052.log.8f1qzF.gz,1,1,0,40989867,250582649,,0,10,10,0,17,226,0,0,,,,,,
thr_exit_join,iron,ls-id-log-20160428030225.log.gMF2oC.gz,0,0,1,,,525021094,0,3,3,0,5,32,0,0,,,,,,
thr_exit_join,kyrpton,ls-id-log-20160427085244.log.juFGhB.gz,0,0,0,,,,0,9,9,0,16,938,0,0,,,,,,
thr_exit_join,lanthanum,ls-id-log-20160427090214.log.qwXw0N.gz,0,0,0,,,,1,0,1,1,0,0,0,0,,,,,,
thr_exit_join,lithium,ls-id-log-20160427121026.log.DviRia.gz,1,1,0,38664149,215335523,,0,86,194,108,269,441,0,0,,,,,,
thr_exit_join,lutetium,ls-id-log-20160427110505.log.51SZbK.gz,0,0,1,,,942976820,0,2,2,0,4,15,0,0,,,,,,
thr_exit_join,magnesium,ls-id-log-20160428003552.log.DrPpRK.gz,0,0,1,,,6263021100,0,5,5,0,7,115,0,0,,,,,,
thr_exit_join,manganese,ls-id-log-20160427212305.log.DCmPqj.gz,0,0,1,,,53880641,0,0,0,0,2,4,0,0,,,,,,
thr_exit_join,molybdenum,ls-id-log-20160427133150.log.AR649O.gz,0,0,1,,,415257769,0,0,0,0,2,4,5,0,,,,,,
thr_exit_join,neodymium,ls-id-log-20160427100038.log.wJrcT1.gz,0,0,0,,,,0,4,4,0,6,48,0,0,,,,,,
thr_exit_join,neon,ls-id-log-20160428005303.log.8KQOVp.gz,0,0,0,,,,1,5,5,0,7,40,2,0,,,,,,
thr_exit_join,nickel,ls-id-log-20160430034309.log.Tmbnzg.gz,1,1,0,246850572,2293398549,,0,7,7,0,9,56,14,1,bugtype USERSPACE PANIC: Software Exception %d: Thread %d Exiting...,,,,,
thr_exit_join,niobium,ls-id-log-20160427120345.log.caAVgt.gz,0,0,1,,,801354415,0,2,2,0,4,15,0,0,,,,,,
thr_exit_join,nitrogen,ls-id-log-20160427225214.log.IHae7l.gz,1,1,0,393806844,3745859671,,0,40,41,1,45,643,9,0,,,,,,
thr_exit_join,osmium,ls-id-log-20160430094728.log.ozY4Cx.gz,1,0,0,19465728,48975254,,0,8,9,1,12,243,0,0,bugtype USE AFTER FREE,,,,,
thr_exit_join,oxygen,ls-id-log-20160428002641.log.egWqgl.gz,0,0,0,,,,1,3,3,0,7,30,0,0,,,,,,
thr_exit_join,palladium,ls-id-log-20160427223104.log.6QrI09.gz,0,0,0,,,,0,6,6,0,8,67,0,0,,,,,,
thr_exit_join,phosphorus,ls-id-log-20160427141335.log.lF5RcQ.gz,1,1,0,404233049,3653970760,,0,53,259,206,270,335,0,0,,,,,,
thr_exit_join,platinum,ls-id-log-20160428035504.log.mv9g1H.gz,0,0,0,,,,1,0,0,0,0,0,0,0,,,,,,
thr_exit_join,potassium,ls-id-log-20160427202348.log.IZVYy9.gz,0,0,0,,,,1,2,155,153,130,132,0,0,,,,,,
thr_exit_join,praseodymium,ls-id-log-20160430064421.log.SxW3nm.gz,0,0,0,,,,0,15,15,0,17,604,0,0,,,,,,
thr_exit_join,promethium,ls-id-log-20160427131641.log.uPPK9G.gz,0,0,0,,,,0,15,15,0,17,311,0,0,,,,,,
thr_exit_join,rhenium,ls-id-log-20160427141212.log.dfdX70.gz,0,0,1,,,413712845,0,3,3,0,5,29,0,0,,,,,,
thr_exit_join,rhodium,ls-id-log-20160427054507.log.Oq3ylb.gz,0,0,1,,,14011996580,0,7,7,0,9,392,0,0,,,,,,
thr_exit_join,rubidium,ls-id-log-20160427105431.log.ASL6uS.gz,0,0,1,,,17076862937,0,6,6,0,10,408,0,0,,,,,,
thr_exit_join,ruthenium,ls-id-log-20160427140852.log.W0uhAj.gz,1,0,0,16993010,36831987,,0,3,18,15,18,22,24,0,,,,,,
thr_exit_join,samarium,ls-id-log-20160428033332.log.bHinxc.gz,0,0,0,,,,0,50,50,0,53,415,0,0,,,,,,
thr_exit_join,scandium,ls-id-log-20160427112453.log.sJFAZM.gz,1,0,0,20171920,53466232,,0,3,28,25,15,21,10,16,,,,,,
thr_exit_join,selenium,ls-id-log-20160430044336.log.ySm9qd.gz,1,0,0,18731627,40908817,,0,17,19,2,27,358,0,0,bugtype [multiple],Deadlock -- no threads are runnable!,,,,
thr_exit_join,silicon,ls-id-log-20160430054359.log.wdVQ3X.gz,0,0,0,,,,0,6,6,0,9,150,3,0,,,,,,
thr_exit_join,silver,ls-id-log-20160805084933.log.zPwIp6.gz,0,0,0,,,,0,19,19,0,22,153,0,0,,,,,,
thr_exit_join,sodium,ls-id-log-20160428024117.log.DBn7ry.gz,0,0,0,,,,0,37,37,0,39,492,4,0,,,,,,
thr_exit_join,strontium,ls-id-log-20160427162333.log.VmNC63.gz,0,0,0,,,,1,12,12,0,15,227,0,0,,,,,,
thr_exit_join,sulfur,ls-id-log-20160428012335.log.zKq12d.gz,0,0,0,,,,1,26,45,19,51,96,0,0,,,,,,
thr_exit_join,tantalum,ls-id-log-20160427075623.log.yciV4n.gz,0,0,0,,,,1,0,78,78,0,0,0,0,,,,,,
thr_exit_join,technetium,ls-id-log-20160427075713.log.3oCckA.gz,0,0,1,,,1721192773,0,2,2,0,4,14,0,0,,,,,,
thr_exit_join,tellurium,ls-id-log-20160427141131.log.yfdqnz.gz,1,0,0,26177350,97306361,,0,29,29,0,31,1560,0,0,,,,,,
thr_exit_join,terbium,ls-id-log-20160427091005.log.6mK91y.gz,0,0,1,,,2306740528,0,4,4,0,6,36,0,0,,,,,,
thr_exit_join,thulium,ls-id-log-20160427172038.log.9T0Ip4.gz,0,0,1,,,331419109,0,2,2,0,4,14,0,0,,,,,,
thr_exit_join,tin,ls-id-log-20160427203056.log.jL2IRJ.gz,0,0,0,,,,0,24,24,0,26,113,3,0,,,,,,
thr_exit_join,titanium,ls-id-log-20160427230050.log.2CKVBw.gz,0,0,0,,,,1,0,19,19,0,1,0,0,,,,,,
thr_exit_join,tungsten,ls-id-log-20160427085740.log.XrzGzq.gz,0,0,1,,,1753008393,0,2,2,0,4,16,0,0,,,,,,
thr_exit_join,vanadium,ls-id-log-20160427075736.log.v1eH0H.gz,0,0,0,,,,1,1,1,0,3,6,4,0,,,,,,
thr_exit_join,xenon,ls-id-log-20160427191251.log.xc4dHO.gz,0,0,0,,,,1,12,33,21,35,48,0,0,,,,,,
thr_exit_join,ytterbium,ls-id-log-20160427222447.log.J37itO.gz,0,0,0,,,,0,9,9,0,13,521,147,0,,,,,,
thr_exit_join,yttrium,ls-id-log-20160427054557.log.eRM9RB.gz,1,1,0,652877988,6332072296,,0,60,140,80,175,271,0,0,,,,,,
thr_exit_join,zinc,ls-id-log-20160427210306.log.4Afr8A.gz,1,0,0,19608361,50141778,,0,6,16,10,12,69,3,6,,,,,,
thr_exit_join,zirconium,ls-id-log-20160427220750.log.HF7Zex.gz,1,0,0,46792892,273008985,,0,3,3,0,5,13,8,0,,,,,,
wait-simple,afghanistan,ls-id-log-20151111232323.log.iBQF2M.gz,1,0,0,26821113,101141091,,0,0,13,13,30,36,0,0,bugtype [multiple],KERNEL PANIC: ../../lib/kernel/list.c:106: assertion `is_head (elem) || is_interior (elem)' failed.,KERNEL PANIC: ../../lib/kernel/list.c:284: assertion `is_interior (elem)' failed.,KERNEL PANIC: ../../lib/kernel/list.c:318: assertion `!list_empty (list)' failed.,USE AFTER FREE,
wait-simple,algeria,ls-id-log-20151112203249.log.kYYzVw.gz,1,0,0,24193435,75730529,,0,2,10,8,18,20,0,0,bugtype USE AFTER FREE,,,,,
wait-simple,angola,ls-id-log-20151111231009.log.uKWLj3.gz,1,0,0,26292267,80112990,,0,4,5,1,12,22,0,0,bugtype USE AFTER FREE,,,,,
wait-simple,australia,ls-id-log-20151112145710.log.NJvqtI.gz,1,0,0,68933910,463664797,,0,17,19,2,25,117,0,0,bugtype [multiple],Kernel page faulted! Faulting eip: 0xc002dbaa; address: 0x4c,TID 4 was killed by a page fault! (Faulting eip: 0x80483ca; addr: 0x0),TID 4 was killed by a page fault! (Faulting eip: 0x8049341; addr: 0x0),,
wait-simple,austria,ls-id-log-20160805023713.log.x7Xzxh.gz,0,0,0,,,,0,4,4,0,8,33,0,0,,,,,,
wait-simple,benelux,ls-id-log-20151104154254.log.lolEGZ.gz,0,0,0,,,,1,7,7,0,12,38,0,0,,,,,,
wait-simple,bulgaria,ls-id-log-20151112155617.log.Mh1Iku.gz,1,0,0,28559729,115586888,,0,8,11,3,19,99,0,0,bugtype USE AFTER FREE,,,,,
wait-simple,burma,ls-id-log-20151103214428.log.U1oNQT.gz,0,0,0,,,,0,5,5,0,9,55,0,0,,,,,,
wait-simple,cameroon,ls-id-log-20151112164931.log.pcEVNu.gz,1,0,0,24234715,79877823,,0,9,13,4,20,77,0,0,bugtype USE AFTER FREE,,,,,
wait-simple,chile,ls-id-log-20151104164423.log.XKOK4v.gz,0,0,0,,,,1,3,4,1,8,13,0,0,,,,,,
wait-simple,colombia,ls-id-log-20151104155119.log.vsfT5i.gz,0,0,0,,,,1,3,3,0,7,17,0,0,,,,,,
wait-simple,costarica,ls-id-log-20151103153449.log.uhjKQt.gz,0,0,0,,,,1,2,2,0,6,13,0,0,,,,,,
wait-simple,denmark,ls-id-log-20151112013411.log.QwA4K7.gz,0,0,0,,,,1,12,12,0,17,69,0,0,,,,,,
wait-simple,eastgermany,ls-id-log-20151103234716.log.xlCWBL.gz,0,0,0,,,,0,6,6,0,12,94,0,0,,,,,,
wait-simple,ecuador,ls-id-log-20151112003218.log.duUnQf.gz,1,0,0,23261527,65601548,,0,0,16,16,26,27,0,0,bugtype [multiple],Deadlock -- no threads are runnable!,KERNEL PANIC: ../../threads/thread.c:258: assertion `t->status == THREAD_BLOCKED' failed.,USE AFTER FREE,,
wait-simple,egypt,ls-id-log-20151112154800.log.tNmZrr.gz,1,0,0,28019552,106702727,,0,8,11,3,15,51,0,0,bugtype [multiple],Kernel page faulted! Faulting eip: 0xc0028b53; address: 0xccccccd0,TID 4 was killed by a page fault! (Faulting eip: 0xb0e8d889; addr: 0xb0e8d889),,,
wait-simple,elsalvador,ls-id-log-20151112203247.log.fZL9gv.gz,1,0,0,35167245,152042405,,0,1,4,3,11,14,0,0,bugtype Kernel page faulted! Faulting eip: 0xc002a67c; address: 0x38,,,,,
wait-simple,ethiopia,ls-id-log-20151112184445.log.scyCKa.gz,1,1,0,352032587,3321310137,,0,1,12,11,25,60,0,0,bugtype [multiple],Kernel page faulted! Faulting eip: 0xc0022c32; address: 0x28,USE AFTER FREE,,,
wait-simple,france,ls-id-log-20151112012240.log.Di80Zk.gz,0,0,0,,,,1,7,11,4,14,30,0,0,,,,,,
wait-simple,greece,ls-id-log-20151112155721.log.Zv9SwM.gz,1,0,0,22277988,65258305,,0,0,8,8,4,3,0,0,bugtype [multiple],TID 4 was killed by a page fault! (Faulting eip: 0x80483ca; addr: 0x0),USE AFTER FREE,,,
wait-simple,guatemala,ls-id-log-20151103214437.log.Qpq3dI.gz,0,0,0,,,,1,6,6,0,11,66,0,0,,,,,,
wait-simple,hungary,ls-id-log-20151112001331.log.R279E3.gz,1,0,0,36154733,181653364,,0,0,1,1,3,4,0,0,bugtype USE AFTER FREE,,,,,
wait-simple,india,ls-id-log-20151112011456.log.HYv7zX.gz,1,1,0,55167796,380221346,,0,6,8,2,14,35,0,0,bugtype USE AFTER FREE,,,,,
wait-simple,iran,ls-id-log-20151112184348.log.9ybg2I.gz,1,1,0,2456858913,24363214077,,0,6,17,11,22,36,0,0,bugtype [multiple],TID 4 was killed by a page fault! (Faulting eip: 0x8049629; addr: 0x2),TID 4 was killed by a page fault! (Faulting eip: 0xb0e8d889; addr: 0xb0e8d889),,,
wait-simple,iraq,ls-id-log-20151104164547.log.snrd3I.gz,0,0,0,,,,1,4,4,0,8,29,4,0,,,,,,
wait-simple,ivorycoast,ls-id-log-20151112021613.log.5HV8Og.gz,1,0,0,84210113,617736286,,0,2,9,7,12,17,0,0,bugtype USE AFTER FREE,,,,,
wait-simple,japan,ls-id-log-20151112145452.log.Uux2tj.gz,1,0,0,29369220,127810423,,0,5,5,0,12,28,0,0,bugtype USE AFTER FREE,,,,,
wait-simple,jordan,ls-id-log-20151103204304.log.5syhDW.gz,0,0,0,,,,0,5,5,0,9,23,0,0,,,,,,
wait-simple,kenya,ls-id-log-20151112155928.log.Nvnjvc.gz,1,0,0,32494778,141992309,,0,6,11,5,18,35,13,0,bugtype [multiple],Kernel page faulted! Faulting eip: 0xc002925a; address: 0x4c,Kernel page faulted! Faulting eip: 0xc0029407; address: 0xf8d43092,USE AFTER FREE,,
wait-simple,laoscambodia,ls-id-log-20151103204102.log.ptqQMD.gz,0,0,0,,,,1,6,11,5,19,78,7,0,,,,,,
wait-simple,lebanon,ls-id-log-20151112203250.log.TIEGa8.gz,1,0,0,26108367,84657224,,0,1,4,3,10,17,0,0,bugtype [multiple],Kernel page faulted! Faulting eip: 0xc00231ad; address: 0x4c,USE AFTER FREE,,,
wait-simple,libya,ls-id-log-20151112031707.log.Ntvpsq.gz,0,0,0,,,,0,13,13,0,20,76,0,0,,,,,,
wait-simple,malaysia,ls-id-log-20151112203255.log.WR8MFP.gz,1,1,0,896650167,8697435133,,0,11,16,5,19,121,0,0,bugtype [multiple],"KERNEL PANIC: Access past end of device %s (sector=%u, size=%u)",TID 4 was killed by a page fault! (Faulting eip: 0x8048e22; addr: 0x73),TID 4 was killed by a page fault! (Faulting eip: 0x8049629; addr: 0x2),TID 4 was killed by a page fault! (Faulting eip: 0x804a2df; addr: 0x0),USE AFTER FREE
wait-simple,pakistan,ls-id-log-20151112155841.log.X9zgkT.gz,1,0,0,25349079,86851432,,0,17,21,4,37,208,0,0,bugtype [multiple],TID 4 was killed by a page fault! (Faulting eip: 0x80495a0; addr: 0x0),TID 4 was killed by a page fault! (Faulting eip: 0x804a66e; addr: 0x0),TID 4 was killed by a page fault! (Faulting eip: 0xb0e8d889; addr: 0xb0e8d889),TID 4 was killed by a page fault! (Faulting eip: 0xbfffff60; addr: 0x804a670),USE AFTER FREE
wait-simple,panama,ls-id-log-20151112001140.log.fVKcMl.gz,1,0,0,23109960,72451920,,0,5,7,2,12,25,0,0,bugtype USE AFTER FREE,,,,,
wait-simple,paraguay,ls-id-log-20151112155719.log.m6JCEV.gz,1,0,0,21356862,60047792,,0,0,3,3,8,9,0,0,bugtype [multiple],Kernel page faulted! Faulting eip: 0xc002a6ac; address: 0x23,USE AFTER FREE,,,
wait-simple,peru,ls-id-log-20151112002742.log.GuBL9x.gz,1,1,0,47417038,212247479,,0,2,3,1,7,15,0,0,bugtype KERNEL PANIC: ../../lib/kernel/list.c:318: assertion `!list_empty (list)' failed.,,,,,
wait-simple,poland,ls-id-log-20160804165302.log.lS15NX.gz,1,0,0,26042284,92121484,,0,0,4,4,9,11,1,0,bugtype USE AFTER FREE,,,,,
wait-simple,romania,ls-id-log-20151112011409.log.Bl0wA3.gz,1,1,0,110788447,887320373,,0,0,15,15,24,28,0,0,bugtype USE AFTER FREE,,,,,
wait-simple,saudiarabia,ls-id-log-20151112155846.log.DlK8Mt.gz,1,0,0,31119434,107723360,,0,5,7,2,14,104,0,0,bugtype Kernel page faulted! Faulting eip: 0xc002f4d2; address: 0x58,,,,,
wait-simple,southkorea,ls-id-log-20160803050437.log.E4X0pG.gz,0,0,0,,,,1,5,6,1,11,42,0,0,,,,,,
wait-simple,sudan,ls-id-log-20151115113122.log.I7Olw1.gz,0,0,0,,,,1,9,10,1,14,52,0,0,,,,,,
wait-simple,sweden,ls-id-log-20151103214414.log.gI7gMb.gz,0,0,0,,,,1,2,3,1,3,7,0,0,,,,,,
wait-simple,syria,ls-id-log-20151103194147.log.VNzZwO.gz,0,0,0,,,,0,2,2,0,6,16,0,0,,,,,,
wait-simple,thailand,ls-id-log-20151103153447.log.hK7wp1.gz,0,0,0,,,,1,1,4,3,6,8,0,0,,,,,,
wait-simple,tunisia,ls-id-log-20160804155129.log.Fw2WCK.gz,1,1,0,404239370,3860465248,,0,9,32,23,47,78,0,0,bugtype [multiple],TID 4 was killed by a page fault! (Faulting eip: 0xbffffff3; addr: 0x69),USE AFTER FREE,,,
wait-simple,turkey,ls-id-log-20151112021636.log.h20aow.gz,1,0,0,23758788,82429194,,0,9,13,4,21,77,0,0,bugtype USE AFTER FREE,,,,,
wait-simple,venezuela,ls-id-log-20151112011548.log.TUmdNB.gz,1,0,0,21301007,61982603,,0,5,7,2,11,43,0,0,bugtype USE AFTER FREE,,,,,
wait-simple,vietnam,ls-id-log-20151111232126.log.7ey99P.gz,1,0,0,22654094,69493605,,0,0,1,1,5,6,6,0,bugtype KERNEL PANIC: ../../userprog/process.c:126: assertion `ws->ref_cnt == 1' failed.,,,,,
wait-simple,yugoslavia,ls-id-log-20160805033840.log.nUp6iu.gz,0,0,0,,,,1,0,6,6,0,0,0,0,,,,,,
wait-simple,zaire,ls-id-log-20151104164421.log.NkxQZP.gz,0,0,1,,,79170727,0,0,0,0,4,6,0,0,,,,,,
wait-simple,zimbabwe,ls-id-log-20151112150258.log.caDTxG.gz,0,0,0,,,,1,13,18,5,23,45,0,0,,,,,,