Test name,P2/Pintos group ID (anonymized),Log file name,Bug found?,Data-race (DR) PPs needed?,Total verif?,Bug wall time (usecs),Bug CPU time (usecs),Verif CPU time (usecs),Completed DR PPs,Total DR PPs,Untested DR PPs,Completed PPs,Completed SSes,Malloc-recycle PPs avoided,Bug type,,,,,,
alarm-simultaneous,algeria,ls-id-log-20160703172618.log.mybefO.gz,0,0,0,,,,0,0,0,2,3,0,,,,,,,
alarm-simultaneous,angola,ls-id-log-20160803030250.log.WqtxcQ.gz,0,0,0,,,,0,0,0,0,1,0,,,,,,,
alarm-simultaneous,argentina,ls-id-log-20160703205104.log.0U5jmd.gz,0,0,0,,,,0,4,4,0,0,0,,,,,,,
alarm-simultaneous,australia,ls-id-log-20160703180257.log.HXFSHL.gz,0,0,0,,,,2,2,0,3,6,0,,,,,,,
alarm-simultaneous,benelux,ls-id-log-20160703222128.log.FIKo2u.gz,0,0,0,,,,0,0,0,2,3,0,,,,,,,
alarm-simultaneous,bolivia,ls-id-log-20160703185153.log.tFS6ae.gz,0,0,0,,,,0,0,0,2,3,0,,,,,,,
alarm-simultaneous,botswana,ls-id-log-20160703190233.log.KmIVd6.gz,0,0,0,,,,0,1,1,2,3,0,,,,,,,
alarm-simultaneous,brazil,ls-id-log-20160703143449.log.WH2Mvm.gz,0,0,0,,,,0,0,0,2,3,0,,,,,,,
alarm-simultaneous,costarica,ls-id-log-20160703164241.log.5bu6gx.gz,0,0,0,,,,0,9,9,11,12,0,,,,,,,
alarm-simultaneous,cuba,ls-id-log-20160703160111.log.93DXUD.gz,1,1,0,1058009111,8558316686,,0,7,7,7,8,0,bugtype KERNEL PANIC: ../../lib/kernel/list.c:106: assertion `is_head (elem) || is_interior (elem)' failed.,,,,,,
alarm-simultaneous,czechoslovakia,ls-id-log-20160703185121.log.qfP5RI.gz,0,0,0,,,,0,0,0,2,3,0,,,,,,,
alarm-simultaneous,denmark,ls-id-log-20160703154012.log.7turfl.gz,0,0,0,,,,0,0,0,2,3,0,,,,,,,
alarm-simultaneous,eastgermany,ls-id-log-20160703204805.log.0QWU0C.gz,0,0,0,,,,1,1,0,3,5,0,,,,,,,
alarm-simultaneous,ecuador,ls-id-log-20160703143227.log.ORQvqM.gz,0,0,0,,,,0,0,0,2,3,0,,,,,,,
alarm-simultaneous,finland,ls-id-log-20160703182537.log.1LQMx5.gz,0,0,0,,,,0,3,3,5,6,0,,,,,,,
alarm-simultaneous,france,ls-id-log-20160703170134.log.cZwttI.gz,1,1,0,3122640114,30944380320,,0,4,4,4,5,0,bugtype KERNEL PANIC: ../../lib/kernel/list.c:106: assertion `is_head (elem) || is_interior (elem)' failed.,,,,,,
alarm-simultaneous,haiti,ls-id-log-20160703153250.log.o2r4n8.gz,0,0,0,,,,2,2,0,6,18,0,,,,,,,
alarm-simultaneous,honduras,ls-id-log-20160703153248.log.ONeAUt.gz,1,0,0,480111914,2770330578,,0,0,0,4,5,0,"bugtype Sleep-related deadlock (TID 1 fell into a hole, and could take no more.",,,,,,
alarm-simultaneous,indonesia,ls-id-log-20160703154207.log.9VuZ1Q.gz,1,1,0,173098513,1529397000,,4,9,5,20,23,0,bugtype [multiple],Kernel page faulted! Faulting eip: 0xc00293e2; address: 0xccccccd0,Kernel page faulted! Faulting eip: 0xc00293ea; address: 0xcccccccc,"Sleep-related deadlock (TID 1 fell into a hole, and could take no more.","Sleep-related deadlock (TID 3 fell into a hole, and could take no more.","Sleep-related deadlock (TID 4 fell into a hole, and could take no more.",USE AFTER FREE
alarm-simultaneous,iran,ls-id-log-20160703143551.log.7nRB0p.gz,0,0,0,,,,0,0,0,2,3,0,,,,,,,
alarm-simultaneous,iraq,ls-id-log-20160703164034.log.VBtzJI.gz,0,0,0,,,,0,3,3,2,3,0,,,,,,,
alarm-simultaneous,israel,ls-id-log-20160703172232.log.aaJd14.gz,0,0,0,,,,0,0,0,2,3,0,,,,,,,
alarm-simultaneous,italy,ls-id-log-20160703173922.log.LETs5s.gz,0,0,0,,,,0,0,0,2,3,0,,,,,,,
alarm-simultaneous,ivorycoast,ls-id-log-20160703164722.log.YnYwzr.gz,1,1,0,1632272613,13891719965,,0,4,4,4,6,0,bugtype USE AFTER FREE,,,,,,
alarm-simultaneous,malaysia,ls-id-log-20160703205506.log.qRBRzG.gz,0,0,0,,,,0,0,0,2,3,0,,,,,,,
alarm-simultaneous,mexico,ls-id-log-20160703153511.log.frHOU5.gz,0,0,0,,,,0,0,0,0,0,0,,,,,,,
alarm-simultaneous,morocco,ls-id-log-20160703163312.log.smfvuZ.gz,0,0,0,,,,0,0,0,2,3,0,,,,,,,
alarm-simultaneous,nicaragua,ls-id-log-20160703154434.log.cmr2Ly.gz,0,0,0,,,,0,0,0,2,3,0,,,,,,,
alarm-simultaneous,nigeria,ls-id-log-20160703153405.log.2DmxVt.gz,1,1,0,1039786007,5735024070,,0,1,1,3,4,0,bugtype KERNEL PANIC: ../../threads/thread.c:701: assertion `is_thread (next)' failed.,,,,,,
alarm-simultaneous,northkorea,ls-id-log-20160703163515.log.agwIO7.gz,0,0,0,,,,0,4,4,10,11,0,,,,,,,
alarm-simultaneous,norway,ls-id-log-20160703160937.log.3vpg8Z.gz,1,1,0,1333869305,12026801091,,0,3,3,9,12,0,bugtype [multiple],Free (in kernel) reentered Malloc!,KERNEL PANIC: ../../threads/synch.c:276: assertion `!lock_held_by_current_thread (lock)' failed.,KERNEL PANIC: ../../threads/synch.c:298: assertion `lock_held_by_current_thread (lock)' failed.,,,
alarm-simultaneous,peru,ls-id-log-20160703204503.log.uXlk2p.gz,0,0,0,,,,0,0,0,2,3,0,,,,,,,
alarm-simultaneous,philippines,ls-id-log-20160803040410.log.iAHjm0.gz,1,0,0,489989552,2874104657,,0,0,0,2,3,0,"bugtype Sleep-related deadlock (TID 1 fell into a hole, and could take no more.",,,,,,
alarm-simultaneous,saudiarabia,ls-id-log-20160703170119.log.kRkQgi.gz,1,1,0,1389168294,11508131511,,0,3,3,4,5,0,bugtype [multiple],KERNEL PANIC: ../../lib/kernel/list.c:106: assertion `is_head (elem) || is_interior (elem)' failed.,KERNEL PANIC: ../../threads/thread.c:641: assertion `is_thread (t)' failed.,,,,
alarm-simultaneous,somalia,ls-id-log-20160703175130.log.wT8YiN.gz,0,0,0,,,,0,0,0,2,3,0,,,,,,,
alarm-simultaneous,southafrica,ls-id-log-20160703190542.log.SICTy8.gz,0,0,0,,,,0,0,0,2,3,0,,,,,,,
alarm-simultaneous,spainportugal,ls-id-log-20160703144249.log.8lSsgh.gz,0,0,0,,,,0,0,0,2,3,0,,,,,,,
alarm-simultaneous,syria,ls-id-log-20160703195903.log.dMo9MY.gz,0,0,0,,,,0,2,2,3,4,0,,,,,,,
alarm-simultaneous,taiwan,ls-id-log-20160703154219.log.3M4Lyl.gz,1,0,0,1295028374,3943364209,,0,0,0,3,4,0,bugtype USE AFTER FREE,,,,,,
alarm-simultaneous,thailand,ls-id-log-20160703143226.log.WRuhew.gz,1,0,0,600085630,3459267364,,0,0,0,3,4,0,bugtype Kernel page faulted! Faulting eip: 0xc00210e7; address: 0xccccccc8,,,,,,
alarm-simultaneous,uruguay,ls-id-log-20160703221403.log.1GXKTl.gz,0,0,0,,,,0,2,2,4,5,0,,,,,,,
alarm-simultaneous,westgermany,ls-id-log-20160703143229.log.g7TUOv.gz,0,0,0,,,,1,2,1,4,7,0,,,,,,,
alarm-simultaneous,yugoslavia,ls-id-log-20160703143950.log.7oTWCx.gz,0,0,0,,,,0,0,0,1,2,0,,,,,,,
alarm-simultaneous,zimbabwe,ls-id-log-20160703155110.log.P0f7jc.gz,1,0,0,487892326,2813854535,,0,0,0,4,5,0,"bugtype Sleep-related deadlock (TID 1 fell into a hole, and could take no more.",,,,,,
broadcast_test,aluminum,ls-id-log-20160701182415.log.usDMxb.gz,0,0,1,,,103180455,2,2,0,4,14,0,,,,,,,
broadcast_test,antimony,ls-id-log-20160701161818.log.s5rbfd.gz,0,0,1,,,260365173,2,2,0,4,14,0,,,,,,,
broadcast_test,argon,ls-id-log-20160630192548.log.rIT4i8.gz,0,0,1,,,72082288,0,0,0,2,4,0,,,,,,,
broadcast_test,arsenic,ls-id-log-20160701144830.log.A24MmK.gz,1,0,0,18926893,42709096,,0,2,2,4,5,0,bugtype Deadlock -- no threads are runnable!,,,,,,
broadcast_test,barium,ls-id-log-20160701110414.log.P1m611.gz,0,0,0,,,,9,9,0,11,377,0,,,,,,,
broadcast_test,beryllium,ls-id-log-20160701011019.log.1ndtSv.gz,0,0,1,,,185599912,2,2,0,4,16,0,,,,,,,
broadcast_test,boron,ls-id-log-20160630225838.log.ihpXoO.gz,0,0,0,,,,8,8,0,11,425,0,,,,,,,
broadcast_test,bromine,ls-id-log-20160701081704.log.T2SPcV.gz,0,0,0,,,,37,37,0,39,122,0,,,,,,,
broadcast_test,cadmium,ls-id-log-20160701150529.log.8OSVeR.gz,0,0,0,,,,12,12,0,14,729,0,,,,,,,
broadcast_test,caesium,ls-id-log-20160701024728.log.Uj7DnM.gz,0,0,1,,,322528791,0,0,0,2,4,0,,,,,,,
broadcast_test,calcium,ls-id-log-20160701074639.log.XDLLZn.gz,0,0,1,,,86371342,3,3,0,5,27,0,,,,,,,
broadcast_test,carbon,ls-id-log-20160630215358.log.v6OBBt.gz,0,0,1,,,110245598,3,3,0,5,27,0,,,,,,,
broadcast_test,cerium,ls-id-log-20160701172401.log.ouN2hg.gz,0,0,1,,,301026429,8,8,0,10,598,0,,,,,,,
broadcast_test,chlorine,ls-id-log-20160630190613.log.epTOX0.gz,0,0,1,,,93110778,2,2,0,4,14,0,,,,,,,
broadcast_test,chromium,ls-id-log-20160701053431.log.TsATgI.gz,1,0,0,18934582,42734434,,0,0,0,2,4,0,bugtype Deadlock -- no threads are runnable!,,,,,,
broadcast_test,cobalt,ls-id-log-20160630204014.log.kBKjrE.gz,0,0,1,,,167471648,2,2,0,4,14,0,,,,,,,
broadcast_test,copper,ls-id-log-20160701003841.log.ICcW4D.gz,0,0,1,,,183952584,2,2,0,4,14,0,,,,,,,
broadcast_test,dysprosium,ls-id-log-20160701060739.log.eE2ksQ.gz,0,0,1,,,95294259,3,3,0,5,20,0,,,,,,,
broadcast_test,erbium,ls-id-log-20160630182550.log.4SnG7l.gz,0,0,1,,,141544183,5,5,0,7,241,0,,,,,,,
broadcast_test,europium,ls-id-log-20160701051311.log.JVAyh3.gz,0,0,1,,,381496144,0,0,0,2,4,0,,,,,,,
broadcast_test,fluorine,ls-id-log-20160701011920.log.t4BSP9.gz,1,1,0,33577804,177057744,,41,43,2,50,215,0,bugtype Deadlock -- no threads are runnable!,,,,,,
broadcast_test,gadolinium,ls-id-log-20160701114759.log.4u0fV8.gz,0,0,1,,,96084982,2,2,0,4,14,0,,,,,,,
broadcast_test,gallium,ls-id-log-20160701045601.log.O422Ye.gz,0,0,0,,,,4,4,0,6,40,0,,,,,,,
broadcast_test,germanium,ls-id-log-20160630223431.log.qMuphv.gz,0,0,1,,,171362432,2,2,0,4,14,0,,,,,,,
broadcast_test,gold,ls-id-log-20160701152309.log.5oajW0.gz,0,0,0,,,,3,3,0,5,22,0,,,,,,,
broadcast_test,hafnium,ls-id-log-20160701140112.log.dothnN.gz,0,0,1,,,93603776,1,1,0,4,14,0,,,,,,,
broadcast_test,helium,ls-id-log-20160630204336.log.beeCYk.gz,0,0,1,,,186697757,0,0,0,2,4,0,,,,,,,
broadcast_test,holmium,ls-id-log-20160701023634.log.xcPIx1.gz,0,0,1,,,103744265,4,4,0,6,55,0,,,,,,,
broadcast_test,hydrogen,ls-id-log-20160701100908.log.4fYP5y.gz,0,0,1,,,470148184,1,1,0,3,8,1,,,,,,,
broadcast_test,indium,ls-id-log-20160630182548.log.ObK2nE.gz,0,0,0,,,,12,12,0,14,188,0,,,,,,,
broadcast_test,iodine,ls-id-log-20160630203052.log.LccUHe.gz,0,0,1,,,199297174,2,2,0,4,14,0,,,,,,,
broadcast_test,iridium,ls-id-log-20160701100225.log.y513uD.gz,0,0,1,,,50628312,3,3,0,5,27,0,,,,,,,
broadcast_test,iron,ls-id-log-20160630192613.log.EOBtiv.gz,1,0,0,18646341,41147802,,0,0,0,2,4,0,bugtype Deadlock -- no threads are runnable!,,,,,,
broadcast_test,kyrpton,ls-id-log-20160630213334.log.SzJ3Sp.gz,0,0,0,,,,10,10,0,21,182,0,,,,,,,
broadcast_test,lanthanum,ls-id-log-20160701030132.log.MJ0x8i.gz,1,0,0,18815344,44510965,,0,1,1,2,2,0,bugtype Deadlock -- no threads are runnable!,,,,,,
broadcast_test,lithium,ls-id-log-20160701015945.log.TEvAR2.gz,0,0,0,,,,4,23,19,24,33,0,,,,,,,
broadcast_test,lutetium,ls-id-log-20160630214955.log.vNtJM8.gz,0,0,1,,,103642745,2,2,0,4,14,0,,,,,,,
broadcast_test,magnesium,ls-id-log-20160701014445.log.PNKC3K.gz,0,0,1,,,87551953,2,2,0,4,15,0,,,,,,,
broadcast_test,manganese,ls-id-log-20160701155932.log.ScRxOw.gz,0,0,1,,,352672379,0,0,0,2,4,0,,,,,,,
broadcast_test,molybdenum,ls-id-log-20160630213512.log.u1KQtv.gz,0,0,1,,,63568849,0,0,0,2,4,0,,,,,,,
broadcast_test,neodymium,ls-id-log-20160701084146.log.DTCbyJ.gz,0,0,1,,,257076117,4,4,0,6,49,0,,,,,,,
broadcast_test,neon,ls-id-log-20160701160414.log.Y5hw5W.gz,0,0,0,,,,4,4,0,6,29,0,,,,,,,
broadcast_test,nickel,ls-id-log-20160701023324.log.fFq6mi.gz,0,0,0,,,,4,4,0,6,23,14,,,,,,,
broadcast_test,niobium,ls-id-log-20160630213244.log.02i0Ss.gz,0,0,1,,,209263437,0,0,0,2,4,0,,,,,,,
broadcast_test,nitrogen,ls-id-log-20160630222844.log.SvGMBK.gz,0,0,0,,,,21,21,0,24,1351,0,,,,,,,
broadcast_test,osmium,ls-id-log-20160701064029.log.H2zNtw.gz,0,0,1,,,206763850,6,6,0,8,218,0,,,,,,,
broadcast_test,oxygen,ls-id-log-20160630194907.log.dW8pNK.gz,0,0,0,,,,3,3,0,7,32,0,,,,,,,
broadcast_test,palladium,ls-id-log-20160701160746.log.WFDHBs.gz,0,0,0,,,,6,6,0,8,81,0,,,,,,,
broadcast_test,phosphorus,ls-id-log-20160630224818.log.mhn5c1.gz,1,1,0,702128992,6652059820,,142,146,4,169,523,0,bugtype [multiple],Deadlock -- no threads are runnable!,INVALID HEAP ACCESS (never allocated) - write to 0x01008fb4 at eip 0x00102917,,,,
broadcast_test,platinum,ls-id-log-20160701053242.log.D0vgpj.gz,0,0,1,,,178816776,5,5,0,7,90,0,,,,,,,
broadcast_test,potassium,ls-id-log-20160701101403.log.1Mk0iq.gz,0,0,0,,,,55,66,11,69,140,0,,,,,,,
broadcast_test,praseodymium,ls-id-log-20160701040033.log.8gLQ0B.gz,0,0,1,,,103051567,3,3,0,5,27,0,,,,,,,
broadcast_test,promethium,ls-id-log-20160701010947.log.jmrgEL.gz,0,0,1,,,393750205,4,4,0,6,54,0,,,,,,,
broadcast_test,rhenium,ls-id-log-20160701134524.log.7N9q1O.gz,0,0,1,,,438708878,2,2,0,4,15,0,,,,,,,
broadcast_test,rhodium,ls-id-log-20160701091240.log.TvwPJp.gz,0,0,0,,,,26,26,0,28,1218,0,,,,,,,
broadcast_test,rubidium,ls-id-log-20160701093603.log.YBhqfd.gz,0,0,1,,,392224010,7,7,0,9,272,0,,,,,,,
broadcast_test,ruthenium,ls-id-log-20160701164803.log.VOBT73.gz,0,0,0,,,,6,6,0,8,80,0,,,,,,,
broadcast_test,samarium,ls-id-log-20160701052549.log.u4JUqb.gz,0,0,0,,,,30,30,0,38,401,0,,,,,,,
broadcast_test,scandium,ls-id-log-20160701010658.log.JOHOPo.gz,0,0,1,,,46847860,2,2,0,4,16,0,,,,,,,
broadcast_test,selenium,ls-id-log-20160701142626.log.Ysq3vW.gz,0,0,0,,,,15,15,0,23,165,0,,,,,,,
broadcast_test,silicon,ls-id-log-20160701135959.log.trtMuV.gz,1,0,0,19364791,43540270,,0,0,0,2,4,2,bugtype Deadlock -- no threads are runnable!,,,,,,
broadcast_test,silver,ls-id-log-20160701145043.log.Gj3uar.gz,0,0,0,,,,13,13,0,15,224,0,,,,,,,
broadcast_test,sodium,ls-id-log-20160701160804.log.BtUNEe.gz,0,0,0,,,,19,19,0,21,137,0,,,,,,,
broadcast_test,strontium,ls-id-log-20160630234841.log.7IEQBG.gz,0,0,1,,,160048828,2,2,0,4,15,0,,,,,,,
broadcast_test,sulfur,ls-id-log-20160701055745.log.qh81d6.gz,0,0,0,,,,10,12,2,16,47,0,,,,,,,
broadcast_test,tantalum,ls-id-log-20160701060404.log.E155v7.gz,0,0,0,,,,24,24,0,26,210,0,,,,,,,
broadcast_test,technetium,ls-id-log-20160708232504.log.DtXEg0.gz,1,0,0,19121051,43500893,,2,2,0,4,7,0,bugtype USE AFTER FREE,,,,,,
broadcast_test,tellurium,ls-id-log-20160701045033.log.YPCDQ2.gz,0,0,0,,,,5,5,0,7,93,0,,,,,,,
broadcast_test,terbium,ls-id-log-20160702050137.log.c5PAJL.gz,0,0,1,,,462643296,4,4,0,6,41,0,,,,,,,
broadcast_test,thulium,ls-id-log-20160701125440.log.09o9Wk.gz,0,0,1,,,66140931,2,2,0,4,14,0,,,,,,,
broadcast_test,tin,ls-id-log-20160701150355.log.agBqU9.gz,0,0,1,,,453780524,0,0,0,2,4,3,,,,,,,
broadcast_test,titanium,ls-id-log-20160701135017.log.9gnLt4.gz,0,0,0,,,,0,61,61,0,0,0,,,,,,,
broadcast_test,tungsten,ls-id-log-20160701025358.log.iV19VD.gz,0,0,1,,,77574182,0,0,0,2,4,0,,,,,,,
broadcast_test,vanadium,ls-id-log-20160701210308.log.bNiOVS.gz,0,0,1,,,76727139,0,0,0,2,4,0,,,,,,,
broadcast_test,xenon,ls-id-log-20160630233818.log.zpKVen.gz,0,0,0,,,,1,5,4,7,12,0,,,,,,,
broadcast_test,ytterbium,ls-id-log-20160701135723.log.oiY8D9.gz,0,0,1,,,261196872,1,1,0,3,8,0,,,,,,,
broadcast_test,yttrium,ls-id-log-20160701063653.log.g42LpU.gz,0,0,0,,,,67,120,53,152,236,0,,,,,,,
broadcast_test,zinc,ls-id-log-20160701140120.log.cHgqfw.gz,0,0,1,,,59745988,2,2,0,4,16,0,,,,,,,
broadcast_test,zirconium,ls-id-log-20160701014033.log.0Gs3Q5.gz,0,0,1,,,157975669,0,0,0,2,4,0,,,,,,,
mutex_test,aluminum,ls-id-log-20160630192835.log.xnxuJz.gz,0,0,1,,,677606570,2,2,0,4,15,0,,,,,,,
mutex_test,antimony,ls-id-log-20160630192724.log.pPCYBn.gz,0,0,1,,,761944126,1,1,0,3,8,0,,,,,,,
mutex_test,argon,ls-id-log-20160701154159.log.HPNttR.gz,0,0,0,,,,11,11,0,13,1971,0,,,,,,,
mutex_test,arsenic,ls-id-log-20160701011259.log.MtCIaS.gz,0,0,1,,,680625812,5,5,0,7,86,0,,,,,,,
mutex_test,barium,ls-id-log-20160708030824.log.XeddI8.gz,1,1,0,66257138,427798488,,22,22,0,24,842,0,"bugtype USERSPACE PANIC: 410user/progs/mutex_test.c:35: failed assertion `num_in_section == 1 && ""o noes, mutex didn't mutually exclude""'",,,,,,
mutex_test,beryllium,ls-id-log-20160701084302.log.ZYDYBW.gz,0,0,1,,,718163933,5,5,0,7,94,0,,,,,,,
mutex_test,boron,ls-id-log-20160630223752.log.3IgV9y.gz,0,0,1,,,722522564,7,7,0,9,296,0,,,,,,,
mutex_test,bromine,ls-id-log-20160701084923.log.7twoRI.gz,0,0,0,,,,28,28,0,30,2126,0,,,,,,,
mutex_test,cadmium,ls-id-log-20160701140636.log.SXmjBw.gz,0,0,1,,,581963154,1,1,0,3,8,0,,,,,,,
mutex_test,caesium,ls-id-log-20160701063619.log.EP1eiD.gz,1,1,0,97352367,689775321,,10,10,0,12,846,0,bugtype Deadlock -- no threads are runnable!,,,,,,
mutex_test,calcium,ls-id-log-20160701121937.log.0e7plf.gz,0,0,0,,,,21,21,0,23,1428,0,,,,,,,
mutex_test,carbon,ls-id-log-20160701073742.log.xMhPiT.gz,0,0,0,,,,10,10,0,12,784,0,,,,,,,
mutex_test,cerium,ls-id-log-20160701171629.log.EdoBdB.gz,0,0,0,,,,23,23,0,25,1142,0,,,,,,,
mutex_test,chlorine,ls-id-log-20160701123517.log.7bNafe.gz,0,0,1,,,644003341,4,4,0,6,49,0,,,,,,,
mutex_test,chromium,ls-id-log-20160701085223.log.Xq83UH.gz,0,0,1,,,782438597,2,2,0,4,16,0,,,,,,,
mutex_test,cobalt,ls-id-log-20160701035812.log.wZKYLX.gz,0,0,1,,,697080501,3,3,0,5,28,0,,,,,,,
mutex_test,copper,ls-id-log-20160701160053.log.aWWXUS.gz,0,0,0,,,,8,8,0,10,518,0,,,,,,,
mutex_test,dysprosium,ls-id-log-20160701023313.log.iKL94H.gz,0,0,1,,,666555688,4,4,0,6,53,0,,,,,,,
mutex_test,erbium,ls-id-log-20160630182548.log.vPBBvW.gz,0,0,1,,,682724478,4,4,0,6,49,0,,,,,,,
mutex_test,europium,ls-id-log-20160701043408.log.5pSaPN.gz,0,0,0,,,,8,8,0,10,640,0,,,,,,,
mutex_test,fluorine,ls-id-log-20160701050616.log.Nn6eKZ.gz,1,1,0,40810033,188622730,,37,37,0,39,1528,0,bugtype Deadlock -- no threads are runnable!,,,,,,
mutex_test,gadolinium,ls-id-log-20160701030012.log.LqUy4W.gz,0,0,1,,,671125176,1,1,0,3,8,0,,,,,,,
mutex_test,gallium,ls-id-log-20160701164054.log.C7pheG.gz,0,0,0,,,,8,8,0,10,598,0,,,,,,,
mutex_test,germanium,ls-id-log-20160701083905.log.dt7ZSR.gz,0,0,1,,,707084674,2,2,0,4,15,0,,,,,,,
mutex_test,gold,ls-id-log-20160701195024.log.2c3chG.gz,0,0,1,,,599630269,8,8,0,10,397,0,,,,,,,
mutex_test,hafnium,ls-id-log-20160701003840.log.N0sYmr.gz,0,0,1,,,648722285,4,4,0,6,53,0,,,,,,,
mutex_test,helium,ls-id-log-20160630223359.log.hlhVx9.gz,0,0,1,,,722868482,4,4,0,6,39,0,,,,,,,
mutex_test,holmium,ls-id-log-20160701004102.log.bgOsyL.gz,0,0,1,,,679270310,4,4,0,6,45,0,,,,,,,
mutex_test,hydrogen,ls-id-log-20160701025255.log.uVfJvw.gz,0,0,0,,,,23,23,0,25,1482,1,,,,,,,
mutex_test,indium,ls-id-log-20160630235901.log.MeTvks.gz,0,0,0,,,,27,27,0,29,859,0,,,,,,,
mutex_test,iodine,ls-id-log-20160701082615.log.MF22l3.gz,0,0,0,,,,37,38,1,40,149,0,,,,,,,
mutex_test,iridium,ls-id-log-20160701081100.log.IcHhrz.gz,0,0,1,,,544067652,7,7,0,9,322,0,,,,,,,
mutex_test,iron,ls-id-log-20160701084025.log.TWoYqk.gz,0,0,1,,,784084994,2,2,0,4,15,0,,,,,,,
mutex_test,kyrpton,ls-id-log-20160701103017.log.7Hycrl.gz,0,0,0,,,,24,24,0,26,1088,0,,,,,,,
mutex_test,lanthanum,ls-id-log-20160701045349.log.vdXdWm.gz,0,0,1,,,594001379,6,6,0,8,241,0,,,,,,,
mutex_test,lithium,ls-id-log-20160701071926.log.F0ObEJ.gz,1,1,0,112524913,799877032,,27,30,3,32,847,0,bugtype [multiple],TID 4 was killed by a page fault! (Faulting eip: 0x1000498; addr: 0x4),TID 5 was killed by a page fault! (Faulting eip: 0x1000498; addr: 0x4),,,,
mutex_test,lutetium,ls-id-log-20160702032651.log.EQII0e.gz,0,0,0,,,,5,5,0,7,73,0,,,,,,,
mutex_test,magnesium,ls-id-log-20160702031434.log.rJaDJt.gz,0,0,0,,,,10,10,0,12,1794,0,,,,,,,
mutex_test,manganese,ls-id-log-20160701185352.log.nNnpOn.gz,1,1,0,32937325,147941493,,18,18,0,20,948,0,bugtype Deadlock -- no threads are runnable!,,,,,,
mutex_test,molybdenum,ls-id-log-20160630182549.log.51lPsd.gz,0,0,1,,,571306322,1,1,0,3,8,0,,,,,,,
mutex_test,neodymium,ls-id-log-20160701184956.log.QkAblx.gz,0,0,0,,,,5,5,0,7,76,0,,,,,,,
mutex_test,neon,ls-id-log-20160630182520.log.UumYSM.gz,0,0,1,,,784642165,2,2,0,4,15,0,,,,,,,
mutex_test,nickel,ls-id-log-20160701044411.log.w8vQbS.gz,1,1,0,59876902,340375313,,29,37,8,38,775,2,bugtype [multiple],TID 4 was killed by a page fault! (Faulting eip: 0x10010d8; addr: 0x0),TID 5 was killed by a page fault! (Faulting eip: 0x1000f2a; addr: 0x4),TID 5 was killed by a page fault! (Faulting eip: 0x10010d8; addr: 0x0),USE AFTER FREE,,
mutex_test,niobium,ls-id-log-20160701163012.log.Sb9goW.gz,0,0,1,,,724702586,4,4,0,6,45,0,,,,,,,
mutex_test,nitrogen,ls-id-log-20160630192712.log.vQx9So.gz,0,0,0,,,,45,45,0,47,1451,0,,,,,,,
mutex_test,osmium,ls-id-log-20160630182611.log.9eDHcZ.gz,0,0,0,,,,10,10,0,12,918,0,,,,,,,
mutex_test,oxygen,ls-id-log-20160701180849.log.YFTwkb.gz,0,0,0,,,,15,15,0,17,951,0,,,,,,,
mutex_test,palladium,ls-id-log-20160701120437.log.c7yhPW.gz,0,0,0,,,,37,37,0,39,1328,0,,,,,,,
mutex_test,phosphorus,ls-id-log-20160701210055.log.CBl1ko.gz,1,1,0,26598879,87730937,,100,101,1,103,1637,0,bugtype Deadlock -- no threads are runnable!,,,,,,
mutex_test,platinum,ls-id-log-20160630201306.log.PcPUPu.gz,0,0,1,,,714522985,7,7,0,9,296,0,,,,,,,
mutex_test,potassium,ls-id-log-20160701065935.log.te9PY7.gz,0,0,0,,,,49,49,0,51,1366,0,,,,,,,
mutex_test,praseodymium,ls-id-log-20160630192809.log.zWH7SH.gz,0,0,1,,,673241763,4,4,0,6,45,0,,,,,,,
mutex_test,promethium,ls-id-log-20160701095329.log.GWpU8v.gz,0,0,0,,,,7,7,0,9,284,0,,,,,,,
mutex_test,rhenium,ls-id-log-20160701164323.log.iy6nbw.gz,0,0,0,,,,13,13,0,15,934,0,,,,,,,
mutex_test,rhodium,ls-id-log-20160701063533.log.xqJ0ao.gz,0,0,1,,,660427236,2,2,0,4,13,0,,,,,,,
mutex_test,rubidium,ls-id-log-20160630203122.log.ogtsOd.gz,0,0,0,,,,16,44,28,46,660,0,,,,,,,
mutex_test,ruthenium,ls-id-log-20160630193029.log.n7JVqn.gz,0,0,0,,,,8,2,0,10,642,0,,,,,,,
mutex_test,samarium,ls-id-log-20160702053540.log.2CEas2.gz,0,0,0,,,,32,32,0,34,609,0,,,,,,,
mutex_test,scandium,ls-id-log-20160630193140.log.jlHu2I.gz,0,0,0,,,,12,12,0,14,1485,0,,,,,,,
mutex_test,selenium,ls-id-log-20160701092112.log.gqnm07.gz,1,1,0,123864342,919186416,,19,19,0,21,1301,0,bugtype Deadlock -- no threads are runnable!,,,,,,
mutex_test,silicon,ls-id-log-20160701064601.log.kS0Eje.gz,0,0,0,,,,9,9,0,11,411,3,,,,,,,
mutex_test,silver,ls-id-log-20160701155138.log.FHlfgJ.gz,0,0,0,,,,6,6,0,8,129,0,,,,,,,
mutex_test,sodium,ls-id-log-20160701111437.log.yNEIxM.gz,0,0,1,,,633217020,7,7,0,9,322,0,,,,,,,
mutex_test,strontium,ls-id-log-20160702063706.log.RSKE14.gz,0,0,1,,,691061353,4,4,0,6,49,0,,,,,,,
mutex_test,sulfur,ls-id-log-20160701111426.log.EBSsrp.gz,0,0,0,,,,20,20,0,22,1105,0,,,,,,,
mutex_test,tantalum,ls-id-log-20160701102135.log.HdoWGQ.gz,0,0,0,,,,69,69,0,71,914,0,,,,,,,
mutex_test,technetium,ls-id-log-20160707032745.log.y6Vuwu.gz,0,0,0,,,,6,6,0,8,135,0,,,,,,,
mutex_test,tellurium,ls-id-log-20160702051619.log.toWeWq.gz,0,0,1,,,597540655,8,8,0,10,642,0,,,,,,,
mutex_test,terbium,ls-id-log-20160701052201.log.WqZTVc.gz,0,0,1,,,787528758,5,5,0,7,82,0,,,,,,,
mutex_test,thulium,ls-id-log-20160701142122.log.gs8QGb.gz,0,0,1,,,597707581,2,2,0,4,13,0,,,,,,,
mutex_test,tin,ls-id-log-20160630215715.log.Yq7tqT.gz,0,0,0,,,,27,27,0,29,1704,1,,,,,,,
mutex_test,titanium,ls-id-log-20160630203218.log.bayhlH.gz,0,0,0,,,,23,38,15,25,110,0,,,,,,,
mutex_test,tungsten,ls-id-log-20160701155205.log.NcE49k.gz,0,0,0,,,,6,6,0,8,151,0,,,,,,,
mutex_test,vanadium,ls-id-log-20160630192613.log.IbLRkp.gz,0,0,1,,,611269605,5,5,0,7,86,0,,,,,,,
mutex_test,xenon,ls-id-log-20160630195434.log.39xPqk.gz,0,0,0,,,,9,9,0,11,458,0,,,,,,,
mutex_test,ytterbium,ls-id-log-20160701085607.log.Xb9G3h.gz,0,0,0,,,,14,14,0,16,1042,0,,,,,,,
mutex_test,yttrium,ls-id-log-20160630214655.log.U7V2Kx.gz,0,0,0,,,,52,52,0,54,1234,0,,,,,,,
mutex_test,zinc,ls-id-log-20160708040850.log.F81HOk.gz,1,0,0,19504011,46867055,,2,2,0,4,8,0,"bugtype USERSPACE PANIC: 410user/progs/mutex_test.c:35: failed assertion `num_in_section == 1 && ""o noes, mutex didn't mutually exclude""'",,,,,,
mutex_test,zirconium,ls-id-log-20160701060959.log.0DsseL.gz,0,0,0,,,,13,13,0,15,706,0,,,,,,,
paradise_lost (aka sem),aluminum,ls-id-log-20160701035539.log.Mi9fSq.gz,0,0,0,,,,2,2,0,7,28,0,,,,,,,
paradise_lost (aka sem),antimony,ls-id-log-20160701140355.log.L1VkYO.gz,0,0,0,,,,2,2,0,5,28,0,,,,,,,
paradise_lost (aka sem),argon,ls-id-log-20160701055055.log.8RRgj9.gz,0,0,0,,,,0,1,1,2,4,0,,,,,,,
paradise_lost (aka sem),arsenic,ls-id-log-20160702011350.log.f7jf1V.gz,1,0,0,24098545,64030883,,0,2,2,3,4,0,bugtype Deadlock -- no threads are runnable!,,,,,,
paradise_lost (aka sem),barium,ls-id-log-20160701080207.log.hmriQi.gz,0,0,0,,,,19,24,5,29,84,0,,,,,,,
paradise_lost (aka sem),beryllium,ls-id-log-20160630204929.log.6AygnU.gz,0,0,0,,,,2,2,0,3,8,0,,,,,,,
paradise_lost (aka sem),boron,ls-id-log-20160701142243.log.h8HW5t.gz,0,0,0,,,,8,8,0,21,103,0,,,,,,,
paradise_lost (aka sem),bromine,ls-id-log-20160702012506.log.NRIlPS.gz,0,0,0,,,,21,23,2,25,74,0,,,,,,,
paradise_lost (aka sem),cadmium,ls-id-log-20160701011540.log.AKlJ4B.gz,0,0,0,,,,12,12,0,20,116,0,,,,,,,
paradise_lost (aka sem),caesium,ls-id-log-20160701174934.log.GgZntp.gz,0,0,0,,,,0,0,0,1,2,0,,,,,,,
paradise_lost (aka sem),calcium,ls-id-log-20160701015138.log.dleXTw.gz,0,0,0,,,,23,23,0,58,346,0,,,,,,,
paradise_lost (aka sem),carbon,ls-id-log-20160630224911.log.HQrLz4.gz,0,0,0,,,,3,3,0,7,71,0,,,,,,,
paradise_lost (aka sem),cerium,ls-id-log-20160701150620.log.d3YoA0.gz,0,0,0,,,,9,16,7,35,88,0,,,,,,,
paradise_lost (aka sem),chlorine,ls-id-log-20160701005601.log.foVJA2.gz,0,0,0,,,,5,5,0,9,240,0,,,,,,,
paradise_lost (aka sem),chromium,ls-id-log-20160701101429.log.RoebpL.gz,0,0,0,,,,0,0,0,0,1,0,,,,,,,
paradise_lost (aka sem),cobalt,ls-id-log-20160630215619.log.p3HEnC.gz,0,0,0,,,,2,2,0,7,43,0,,,,,,,
paradise_lost (aka sem),copper,ls-id-log-20160701015336.log.0e0DdS.gz,0,0,0,,,,6,6,0,14,117,0,,,,,,,
paradise_lost (aka sem),dysprosium,ls-id-log-20160701025300.log.GnPiSn.gz,0,0,0,,,,3,3,0,9,119,0,,,,,,,
paradise_lost (aka sem),erbium,ls-id-log-20160701071032.log.cGXDPa.gz,1,1,0,39853988,238083300,,9,10,1,15,61,0,bugtype Deadlock -- no threads are runnable!,,,,,,
paradise_lost (aka sem),europium,ls-id-log-20160701151146.log.OBEAFE.gz,0,0,0,,,,0,0,0,0,1,0,,,,,,,
paradise_lost (aka sem),fluorine,ls-id-log-20160630225120.log.MorJIk.gz,1,1,0,51641569,352829832,,6,82,76,46,51,0,bugtype Deadlock -- no threads are runnable!,,,,,,
paradise_lost (aka sem),gadolinium,ls-id-log-20160630233847.log.ZYdDU3.gz,0,0,0,,,,7,7,0,11,196,0,,,,,,,
paradise_lost (aka sem),gallium,ls-id-log-20160701005308.log.VHz6sm.gz,0,0,0,,,,2,4,2,4,7,0,,,,,,,
paradise_lost (aka sem),germanium,ls-id-log-20160701101849.log.avtL6f.gz,0,0,0,,,,0,2,2,2,3,0,,,,,,,
paradise_lost (aka sem),gold,ls-id-log-20160701191249.log.t6yYCT.gz,0,0,0,,,,0,4,4,6,7,0,,,,,,,
paradise_lost (aka sem),hafnium,ls-id-log-20160701200245.log.WYKQtD.gz,0,0,0,,,,1,1,0,5,9,0,,,,,,,
paradise_lost (aka sem),helium,ls-id-log-20160701220456.log.3MODSj.gz,0,0,1,,,792827409,0,0,0,2,4,0,,,,,,,
paradise_lost (aka sem),holmium,ls-id-log-20160701075245.log.aIA34N.gz,0,0,0,,,,4,4,0,8,101,0,,,,,,,
paradise_lost (aka sem),hydrogen,ls-id-log-20160701082050.log.Z64eTX.gz,0,0,0,,,,0,0,0,0,1,3,,,,,,,
paradise_lost (aka sem),indium,ls-id-log-20160701123306.log.QISx4R.gz,0,0,0,,,,0,21,21,0,0,0,,,,,,,
paradise_lost (aka sem),iodine,ls-id-log-20160701135543.log.mZqqmB.gz,0,0,0,,,,8,8,0,17,267,0,,,,,,,
paradise_lost (aka sem),iridium,ls-id-log-20160701022334.log.26veXy.gz,0,0,0,,,,3,3,0,8,72,0,,,,,,,
paradise_lost (aka sem),iron,ls-id-log-20160701134745.log.Ad6nJC.gz,1,0,0,19720268,45945150,,0,0,0,2,3,0,bugtype Deadlock -- no threads are runnable!,,,,,,
paradise_lost (aka sem),kyrpton,ls-id-log-20160701131122.log.33Za0K.gz,0,0,0,,,,0,18,18,13,14,0,,,,,,,
paradise_lost (aka sem),lanthanum,ls-id-log-20160701171013.log.77QLOt.gz,1,0,0,17938943,39521938,,0,11,11,2,3,0,bugtype Deadlock -- no threads are runnable!,,,,,,
paradise_lost (aka sem),lithium,ls-id-log-20160701081217.log.Fod61N.gz,1,1,0,1305268452,12889152456,,19,82,63,84,130,0,bugtype [multiple],TID 5 was killed by a page fault! (Faulting eip: 0x1000554; addr: 0x4),TID 5 was killed by a page fault! (Faulting eip: 0x100057b; addr: 0x0),TID 5 was killed by a page fault! (Faulting eip: 0x100058d; addr: 0x4),TID 5 was killed by a page fault! (Faulting eip: 0x10005ed; addr: 0x0),TID 5 was killed by a page fault! (Faulting eip: 0x1000606; addr: 0x4),TID 5 was killed by a page fault! (Faulting eip: 0x1000630; addr: 0x10)
paradise_lost (aka sem),lutetium,ls-id-log-20160701143355.log.ffJi4i.gz,0,0,0,,,,2,2,0,5,8,0,,,,,,,
paradise_lost (aka sem),magnesium,ls-id-log-20160701020832.log.isCcab.gz,0,0,1,,,789919559,2,2,0,5,32,0,,,,,,,
paradise_lost (aka sem),manganese,ls-id-log-20160701003136.log.lf6d18.gz,0,0,0,,,,0,1,1,1,2,0,,,,,,,
paradise_lost (aka sem),molybdenum,ls-id-log-20160701034649.log.8KmY87.gz,0,0,0,,,,0,5,5,5,6,0,,,,,,,
paradise_lost (aka sem),neodymium,ls-id-log-20160708232625.log.nkBbKj.gz,0,0,0,,,,4,4,0,12,57,0,,,,,,,
paradise_lost (aka sem),neon,ls-id-log-20160701091445.log.OJAX7u.gz,1,0,0,21448559,60368818,,0,3,3,1,2,0,bugtype Deadlock -- no threads are runnable!,,,,,,
paradise_lost (aka sem),nickel,ls-id-log-20160701042422.log.Avl7uK.gz,0,0,0,,,,0,5,5,0,0,7,,,,,,,
paradise_lost (aka sem),niobium,ls-id-log-20160701120040.log.cxtmzF.gz,0,0,0,,,,7,7,0,13,445,0,,,,,,,
paradise_lost (aka sem),nitrogen,ls-id-log-20160701003910.log.ug68s2.gz,0,0,0,,,,45,45,0,98,451,0,,,,,,,
paradise_lost (aka sem),osmium,ls-id-log-20160701122159.log.CP8nxE.gz,1,0,0,18866410,42725522,,0,10,10,1,2,0,"bugtype USERSPACE PANIC: 410user/progs/paradise_lost.c:41: failed assertion `num_in_section == 1 && ""long is the way, and hard, that out of hell leads up to light""'",,,,,,
paradise_lost (aka sem),oxygen,ls-id-log-20160701174445.log.XtHCqT.gz,0,0,0,,,,0,9,9,12,13,0,,,,,,,
paradise_lost (aka sem),palladium,ls-id-log-20160701111033.log.REIkyZ.gz,1,1,0,701336008,6834308475,,11,12,1,23,200,0,bugtype Deadlock -- no threads are runnable!,,,,,,
paradise_lost (aka sem),phosphorus,ls-id-log-20160701035542.log.iyNBNR.gz,1,0,0,46242073,299626817,,0,164,164,0,1,0,bugtype Deadlock -- no threads are runnable!,,,,,,
paradise_lost (aka sem),platinum,ls-id-log-20160630192702.log.Gq2qbF.gz,0,0,0,,,,5,5,0,13,102,0,,,,,,,
paradise_lost (aka sem),potassium,ls-id-log-20160701122320.log.PqwRWk.gz,0,0,0,,,,12,76,64,145,156,0,,,,,,,
paradise_lost (aka sem),praseodymium,ls-id-log-20160701160949.log.MRHFRE.gz,0,0,0,,,,3,3,0,7,81,0,,,,,,,
paradise_lost (aka sem),promethium,ls-id-log-20160701105853.log.YRzVjm.gz,0,0,0,,,,19,19,0,42,199,0,,,,,,,
paradise_lost (aka sem),rhenium,ls-id-log-20160630192738.log.tOLxuv.gz,0,0,0,,,,3,43,40,48,175,0,,,,,,,
paradise_lost (aka sem),rhodium,ls-id-log-20160701232420.log.tkfkTg.gz,0,0,0,,,,7,7,0,15,82,0,,,,,,,
paradise_lost (aka sem),rubidium,ls-id-log-20160701051443.log.xyFgFX.gz,0,0,0,,,,11,31,20,42,61,0,,,,,,,
paradise_lost (aka sem),ruthenium,ls-id-log-20160701161656.log.lZFg4j.gz,1,0,0,19981884,43894357,,0,4,4,0,1,0,"bugtype USERSPACE PANIC: 410user/progs/paradise_lost.c:41: failed assertion `num_in_section == 1 && ""long is the way, and hard, that out of hell leads up to light""'",,,,,,
paradise_lost (aka sem),samarium,ls-id-log-20160701130329.log.92AyR4.gz,0,0,0,,,,45,62,17,118,221,0,,,,,,,
paradise_lost (aka sem),scandium,ls-id-log-20160701035323.log.G7lIUc.gz,0,0,0,,,,6,6,0,15,89,0,,,,,,,
paradise_lost (aka sem),selenium,ls-id-log-20160701140757.log.uNlJHK.gz,1,1,0,2711475936,26954126422,,12,17,5,23,46,0,bugtype Deadlock -- no threads are runnable!,,,,,,
paradise_lost (aka sem),silicon,ls-id-log-20160630231116.log.scURwQ.gz,0,0,0,,,,0,0,0,0,1,22,,,,,,,
paradise_lost (aka sem),silver,ls-id-log-20160630233007.log.gsrmES.gz,0,0,0,,,,0,16,16,33,34,0,,,,,,,
paradise_lost (aka sem),sodium,ls-id-log-20160630182521.log.bOBv9U.gz,0,0,0,,,,12,20,8,25,44,0,,,,,,,
paradise_lost (aka sem),strontium,ls-id-log-20160701133332.log.1f6Z4L.gz,1,1,0,125770065,1101448874,,5,7,2,16,171,0,"bugtype USERSPACE PANIC: 410user/progs/paradise_lost.c:41: failed assertion `num_in_section == 1 && ""long is the way, and hard, that out of hell leads up to light""'",,,,,,
paradise_lost (aka sem),sulfur,ls-id-log-20160630233812.log.egsQ0A.gz,0,0,0,,,,12,12,0,24,184,0,,,,,,,
paradise_lost (aka sem),tantalum,ls-id-log-20160701052553.log.eoDxx2.gz,0,0,0,,,,0,30,30,0,0,0,,,,,,,
paradise_lost (aka sem),technetium,ls-id-log-20160630192845.log.tTTVly.gz,0,0,0,,,,2,2,0,5,29,0,,,,,,,
paradise_lost (aka sem),tellurium,ls-id-log-20160630193153.log.fqUmzc.gz,0,0,0,,,,21,24,3,45,166,0,,,,,,,
paradise_lost (aka sem),terbium,ls-id-log-20160701130559.log.OaJYTo.gz,0,0,0,,,,4,4,0,12,92,0,,,,,,,
paradise_lost (aka sem),thulium,ls-id-log-20160630233114.log.RgyemV.gz,0,0,0,,,,2,2,0,7,50,0,,,,,,,
paradise_lost (aka sem),tin,ls-id-log-20160701100222.log.2xp5dq.gz,0,0,0,,,,0,1,1,0,0,3,,,,,,,
paradise_lost (aka sem),titanium,ls-id-log-20160630235704.log.S7RqcP.gz,1,0,0,664966696,6463265415,,0,12,12,0,1,0,"bugtype USERSPACE PANIC: 410user/progs/paradise_lost.c:41: failed assertion `num_in_section == 1 && ""long is the way, and hard, that out of hell leads up to light""'",,,,,,
paradise_lost (aka sem),tungsten,ls-id-log-20160701111712.log.mQvy5C.gz,0,0,0,,,,0,3,3,2,3,0,,,,,,,
paradise_lost (aka sem),vanadium,ls-id-log-20160630182440.log.Uw2Nur.gz,1,0,0,26094574,59605220,,0,0,0,2,3,0,"bugtype USERSPACE PANIC: 410user/progs/paradise_lost.c:41: failed assertion `num_in_section == 1 && ""long is the way, and hard, that out of hell leads up to light""'",,,,,,
paradise_lost (aka sem),xenon,ls-id-log-20160701141123.log.j38TkE.gz,0,0,0,,,,0,3,3,3,4,0,,,,,,,
paradise_lost (aka sem),ytterbium,ls-id-log-20160630214844.log.A3jDGb.gz,0,0,0,,,,3,10,7,12,25,0,,,,,,,
paradise_lost (aka sem),yttrium,ls-id-log-20160701145112.log.pNXvqm.gz,0,0,0,,,,0,120,120,9,10,0,,,,,,,
paradise_lost (aka sem),zinc,ls-id-log-20160701052522.log.IMsImw.gz,1,0,0,63093378,473926670,,2,2,0,5,9,0,bugtype [multiple],Deadlock -- no threads are runnable!,"USERSPACE PANIC: 410user/progs/paradise_lost.c:41: failed assertion `num_in_section == 1 && ""long is the way, and hard, that out of hell leads up to light""'",,,,
paradise_lost (aka sem),zirconium,ls-id-log-20160701015723.log.zZid32.gz,0,0,0,,,,0,0,0,0,0,0,,,,,,,
paraguay (aka signal),aluminum,ls-id-log-20160701090329.log.YSIwwB.gz,0,0,0,,,,2,2,0,4,7,0,,,,,,,
paraguay (aka signal),antimony,ls-id-log-20160701005923.log.WQjMAO.gz,0,0,0,,,,2,2,0,4,7,0,,,,,,,
paraguay (aka signal),argon,ls-id-log-20160701004955.log.xIbVam.gz,0,0,1,,,824439589,0,0,0,2,4,0,,,,,,,
paraguay (aka signal),arsenic,ls-id-log-20160630182809.log.6AplGm.gz,1,0,0,19138128,44188693,,0,2,2,4,5,0,bugtype Deadlock -- no threads are runnable!,,,,,,
paraguay (aka signal),barium,ls-id-log-20160701115922.log.lmPPZN.gz,0,0,0,,,,9,9,0,11,59,1,,,,,,,
paraguay (aka signal),beryllium,ls-id-log-20160701172353.log.LOGEZD.gz,0,0,0,,,,2,2,0,4,12,0,,,,,,,
paraguay (aka signal),boron,ls-id-log-20160701125600.log.WGY4ez.gz,0,0,0,,,,11,11,0,14,78,0,,,,,,,
paraguay (aka signal),bromine,ls-id-log-20160701125514.log.XxdZnM.gz,0,0,0,,,,0,46,46,26,27,0,,,,,,,
paraguay (aka signal),cadmium,ls-id-log-20160630182600.log.BsAVZO.gz,0,0,0,,,,12,12,0,14,103,0,,,,,,,
paraguay (aka signal),caesium,ls-id-log-20160701101853.log.usD4TA.gz,0,0,0,,,,0,0,0,2,3,0,,,,,,,
paraguay (aka signal),calcium,ls-id-log-20160701013517.log.mqupu7.gz,0,0,0,,,,7,7,0,9,171,0,,,,,,,
paraguay (aka signal),carbon,ls-id-log-20160701152751.log.2ZylhT.gz,0,0,0,,,,15,15,0,17,135,0,,,,,,,
paraguay (aka signal),cerium,ls-id-log-20160701112037.log.LyH8aZ.gz,0,0,0,,,,20,20,0,22,77,0,,,,,,,
paraguay (aka signal),chlorine,ls-id-log-20160701105352.log.aP8rOS.gz,0,0,0,,,,0,2,2,3,4,0,,,,,,,
paraguay (aka signal),chromium,ls-id-log-20160630213337.log.AIIfZC.gz,0,0,1,,,852245980,0,0,0,2,4,0,,,,,,,
paraguay (aka signal),cobalt,ls-id-log-20160701111914.log.IZypke.gz,0,0,0,,,,2,2,0,4,13,0,,,,,,,
paraguay (aka signal),copper,ls-id-log-20160701162339.log.gGhtZ3.gz,0,0,0,,,,2,2,0,4,10,0,,,,,,,
paraguay (aka signal),dysprosium,ls-id-log-20160701040554.log.b9yLrw.gz,0,0,0,,,,12,12,0,14,131,0,,,,,,,
paraguay (aka signal),erbium,ls-id-log-20160701125949.log.MxTELU.gz,0,0,0,,,,9,9,0,11,447,0,,,,,,,
paraguay (aka signal),europium,ls-id-log-20160701033822.log.DZzn30.gz,0,0,0,,,,0,0,0,2,3,0,,,,,,,
paraguay (aka signal),fluorine,ls-id-log-20160701092949.log.SdGLKD.gz,1,1,0,33784416,176092045,,0,50,50,53,54,0,bugtype Deadlock -- no threads are runnable!,,,,,,
paraguay (aka signal),gadolinium,ls-id-log-20160701031355.log.GwPIXV.gz,0,0,0,,,,2,2,0,3,5,0,,,,,,,
paraguay (aka signal),gallium,ls-id-log-20160702001327.log.suu2zI.gz,0,0,0,,,,4,4,0,5,16,0,,,,,,,
paraguay (aka signal),germanium,ls-id-log-20160630235146.log.5HndOG.gz,1,0,0,275375941,2586365286,,0,6,6,8,10,0,bugtype User test program reported failure!,,,,,,
paraguay (aka signal),gold,ls-id-log-20160701231302.log.X0XdXS.gz,0,0,0,,,,11,11,0,13,84,0,,,,,,,
paraguay (aka signal),hafnium,ls-id-log-20160630182549.log.ZF83KA.gz,0,0,0,,,,1,1,0,4,11,0,,,,,,,
paraguay (aka signal),helium,ls-id-log-20160701140346.log.BGCLX4.gz,0,0,1,,,841170854,0,0,0,2,4,0,,,,,,,
paraguay (aka signal),holmium,ls-id-log-20160701091606.log.KGE6k7.gz,0,0,0,,,,4,4,0,6,13,0,,,,,,,
paraguay (aka signal),hydrogen,ls-id-log-20160701050422.log.bkX7nR.gz,0,0,1,,,907538016,2,2,0,4,16,1,,,,,,,
paraguay (aka signal),indium,ls-id-log-20160701101410.log.bpxV6V.gz,0,0,0,,,,6,39,33,11,15,0,,,,,,,
paraguay (aka signal),iodine,ls-id-log-20160701003334.log.zW1Eoe.gz,0,0,0,,,,2,2,0,4,6,2,,,,,,,
paraguay (aka signal),iridium,ls-id-log-20160630182519.log.fGTFRc.gz,0,0,0,,,,3,3,0,5,30,0,,,,,,,
paraguay (aka signal),iron,ls-id-log-20160701130203.log.l4pUxu.gz,1,0,0,17350506,36597519,,0,0,0,2,4,0,bugtype Deadlock -- no threads are runnable!,,,,,,
paraguay (aka signal),kyrpton,ls-id-log-20160701041810.log.yl6n0S.gz,0,0,0,,,,8,10,2,18,87,0,,,,,,,
paraguay (aka signal),lanthanum,ls-id-log-20160701054008.log.arvcQi.gz,1,0,0,19037553,43546327,,0,0,0,2,2,0,bugtype Deadlock -- no threads are runnable!,,,,,,
paraguay (aka signal),lithium,ls-id-log-20160630192956.log.slNwga.gz,0,0,0,,,,12,19,7,21,57,0,,,,,,,
paraguay (aka signal),lutetium,ls-id-log-20160701132604.log.QeMIst.gz,0,0,0,,,,0,2,2,3,4,0,,,,,,,
paraguay (aka signal),magnesium,ls-id-log-20160701141002.log.HjhXun.gz,0,0,1,,,837848822,2,2,0,4,16,0,,,,,,,
paraguay (aka signal),manganese,ls-id-log-20160701072745.log.KxClSW.gz,0,0,1,,,873607209,0,0,0,2,4,0,,,,,,,
paraguay (aka signal),molybdenum,ls-id-log-20160630213727.log.7WNpEO.gz,0,0,0,,,,0,0,0,2,3,0,,,,,,,
paraguay (aka signal),neodymium,ls-id-log-20160702002443.log.oGoFNi.gz,0,0,0,,,,4,4,0,6,40,0,,,,,,,
paraguay (aka signal),neon,ls-id-log-20160701121100.log.I6Zvi6.gz,0,0,0,,,,3,3,0,4,9,0,,,,,,,
paraguay (aka signal),nickel,ls-id-log-20160701174825.log.HJvSgB.gz,0,0,0,,,,3,4,1,4,9,13,,,,,,,
paraguay (aka signal),niobium,ls-id-log-20160701132346.log.iZBZBv.gz,0,0,1,,,845611636,0,0,0,2,4,0,,,,,,,
paraguay (aka signal),nitrogen,ls-id-log-20160701074900.log.bnxWKM.gz,0,0,0,,,,18,18,0,21,98,0,,,,,,,
paraguay (aka signal),osmium,ls-id-log-20160630183111.log.0vCZCe.gz,0,0,0,,,,10,10,0,12,72,0,,,,,,,
paraguay (aka signal),oxygen,ls-id-log-20160701082922.log.uOUXlJ.gz,0,0,0,,,,2,2,0,4,8,0,,,,,,,
paraguay (aka signal),palladium,ls-id-log-20160701005924.log.NhlRmF.gz,0,0,0,,,,4,17,13,28,34,0,,,,,,,
paraguay (aka signal),phosphorus,ls-id-log-20160630203302.log.iuMtoh.gz,0,0,0,,,,13,232,219,43,66,0,,,,,,,
paraguay (aka signal),platinum,ls-id-log-20160701062719.log.LJhjms.gz,0,0,0,,,,5,8,3,10,19,0,,,,,,,
paraguay (aka signal),potassium,ls-id-log-20160630182641.log.YIklM0.gz,1,1,0,55572183,380938738,,7,52,45,56,163,0,bugtype USE AFTER FREE,,,,,,
paraguay (aka signal),praseodymium,ls-id-log-20160630233312.log.q1qGFi.gz,0,0,0,,,,4,4,0,6,49,0,,,,,,,
paraguay (aka signal),promethium,ls-id-log-20160701185910.log.71y3vY.gz,0,0,0,,,,20,20,0,21,256,0,,,,,,,
paraguay (aka signal),rhenium,ls-id-log-20160701121735.log.d2gWx9.gz,1,0,0,64488230,484421183,,3,19,16,21,26,0,bugtype User test program reported failure!,,,,,,
paraguay (aka signal),rhodium,ls-id-log-20160630213633.log.mcKti0.gz,0,0,0,,,,34,35,1,36,241,0,,,,,,,
paraguay (aka signal),rubidium,ls-id-log-20160701071034.log.ZNh0mu.gz,0,0,0,,,,4,8,4,10,21,0,,,,,,,
paraguay (aka signal),ruthenium,ls-id-log-20160630204821.log.YEL2My.gz,0,0,0,,,,6,6,0,8,58,0,,,,,,,
paraguay (aka signal),samarium,ls-id-log-20160630210507.log.oHH6vi.gz,0,0,0,,,,3,57,54,25,29,0,,,,,,,
paraguay (aka signal),scandium,ls-id-log-20160701160153.log.MO9Oxw.gz,0,0,1,,,803065098,2,2,0,4,16,0,,,,,,,
paraguay (aka signal),selenium,ls-id-log-20160701025746.log.mG32nC.gz,0,0,0,,,,17,17,0,20,72,0,,,,,,,
paraguay (aka signal),silicon,ls-id-log-20160701112258.log.hR9O3o.gz,0,0,0,,,,0,0,0,1,2,5,,,,,,,
paraguay (aka signal),silver,ls-id-log-20160701100749.log.uuZ7wv.gz,0,0,0,,,,13,13,0,15,47,0,,,,,,,
paraguay (aka signal),sodium,ls-id-log-20160701045846.log.CVEoDK.gz,0,0,0,,,,5,5,0,6,41,0,,,,,,,
paraguay (aka signal),strontium,ls-id-log-20160701070430.log.NIh93R.gz,0,0,0,,,,11,11,0,13,67,0,,,,,,,
paraguay (aka signal),sulfur,ls-id-log-20160630223240.log.QQhnsI.gz,1,1,0,222014045,2053271211,,6,23,17,27,79,0,bugtype User test program reported failure!,,,,,,
paraguay (aka signal),tantalum,ls-id-log-20160701014254.log.8cIWa4.gz,0,0,0,,,,0,22,22,0,0,0,,,,,,,
paraguay (aka signal),technetium,ls-id-log-20160701140506.log.CqG9fj.gz,0,0,0,,,,2,2,0,3,5,2,,,,,,,
paraguay (aka signal),tellurium,ls-id-log-20160630202950.log.nPOzzN.gz,0,0,0,,,,16,16,0,18,92,0,,,,,,,
paraguay (aka signal),terbium,ls-id-log-20160630230601.log.kQHfQB.gz,0,0,0,,,,4,4,0,6,38,0,,,,,,,
paraguay (aka signal),thulium,ls-id-log-20160630193714.log.3Um5IS.gz,0,0,1,,,807366644,2,2,0,4,14,0,,,,,,,
paraguay (aka signal),tin,ls-id-log-20160701092642.log.E4Rfuh.gz,0,0,1,,,903444178,0,0,0,2,4,2,,,,,,,
paraguay (aka signal),titanium,ls-id-log-20160701000623.log.UTUMVv.gz,0,0,0,,,,0,69,69,0,0,0,,,,,,,
paraguay (aka signal),tungsten,ls-id-log-20160702041557.log.X7ertX.gz,0,0,0,,,,0,0,0,2,3,0,,,,,,,
paraguay (aka signal),vanadium,ls-id-log-20160701074241.log.VxXPWb.gz,0,0,0,,,,0,0,0,2,3,0,,,,,,,
paraguay (aka signal),xenon,ls-id-log-20160701170826.log.yzZmrD.gz,0,0,0,,,,0,3,3,3,4,0,,,,,,,
paraguay (aka signal),ytterbium,ls-id-log-20160701061510.log.yKQPfH.gz,0,0,1,,,852700306,1,1,0,3,8,0,,,,,,,
paraguay (aka signal),yttrium,ls-id-log-20160701041418.log.9hounc.gz,0,0,0,,,,56,85,29,111,216,0,,,,,,,
paraguay (aka signal),zinc,ls-id-log-20160630202907.log.FiPcY6.gz,0,0,0,,,,2,2,0,4,12,0,,,,,,,
paraguay (aka signal),zirconium,ls-id-log-20160701003129.log.KugpO6.gz,0,0,0,,,,0,0,0,1,2,0,,,,,,,
priority-sema (aka sched),algeria,ls-id-log-20160703174309.log.k0Bo5k.gz,0,0,1,,,3147822052,1,1,0,5,9,0,,,,,,,
priority-sema (aka sched),angola,ls-id-log-20160703232150.log.vuImUS.gz,0,0,1,,,1178072755,1,1,0,5,9,0,,,,,,,
priority-sema (aka sched),argentina,ls-id-log-20160703161250.log.SV7Ur9.gz,1,1,0,301736060,2438539583,,0,5,5,8,9,0,bugtype KERNEL PANIC: ../../lib/kernel/list.c:106: assertion `is_head (elem) || is_interior (elem)' failed.,,,,,,
priority-sema (aka sched),australia,ls-id-log-20160703174155.log.d6A6FG.gz,0,0,1,,,995843295,1,1,0,5,10,0,,,,,,,
priority-sema (aka sched),benelux,ls-id-log-20160703164537.log.CIh4HW.gz,0,0,1,,,922894858,2,2,0,6,17,0,,,,,,,
priority-sema (aka sched),bolivia,ls-id-log-20160703175950.log.VfmrPF.gz,0,0,1,,,959822694,1,1,0,5,9,0,,,,,,,
priority-sema (aka sched),botswana,ls-id-log-20160703143231.log.eOqkYg.gz,0,0,1,,,1321564027,0,0,0,4,6,0,,,,,,,
priority-sema (aka sched),brazil,ls-id-log-20160703143231.log.thKoTK.gz,0,0,1,,,1045170736,0,0,0,4,6,0,,,,,,,
priority-sema (aka sched),bulgaria,ls-id-log-20160703155133.log.S7GPCw.gz,0,0,1,,,2548064434,1,1,0,5,9,0,,,,,,,
priority-sema (aka sched),burma,ls-id-log-20160703160429.log.d0WLGA.gz,0,0,1,,,1240227303,1,1,0,5,9,0,,,,,,,
priority-sema (aka sched),cameroon,ls-id-log-20160703201910.log.0bydM9.gz,0,0,1,,,1404572245,1,1,0,5,9,0,,,,,,,
priority-sema (aka sched),chile,ls-id-log-20160703154313.log.UKvmsN.gz,0,0,1,,,1593670242,1,1,0,5,9,0,,,,,,,
priority-sema (aka sched),costarica,ls-id-log-20160703144652.log.BKccHx.gz,0,0,0,,,,4,4,0,9,53,0,,,,,,,
priority-sema (aka sched),cuba,ls-id-log-20160703202438.log.Hc76rS.gz,1,1,0,24459034,69284162,,2,9,7,13,21,0,bugtype KERNEL PANIC: ../../lib/kernel/list.c:106: assertion `is_head (elem) || is_interior (elem)' failed.,,,,,,
priority-sema (aka sched),czechoslovakia,ls-id-log-20160703212104.log.RwRJWK.gz,0,0,0,,,,2,2,0,6,13,0,,,,,,,
priority-sema (aka sched),denmark,ls-id-log-20160703191430.log.XRCPVw.gz,0,0,1,,,2290963362,1,1,0,5,9,0,,,,,,,
priority-sema (aka sched),eastgermany,ls-id-log-20160703183944.log.mo6zL9.gz,0,0,0,,,,1,1,0,5,9,0,,,,,,,
priority-sema (aka sched),ecuador,ls-id-log-20160703233303.log.de4mov.gz,0,0,1,,,3236026963,1,1,0,5,9,0,,,,,,,
priority-sema (aka sched),egypt,ls-id-log-20160703153546.log.IkfyXJ.gz,0,0,1,,,1424940959,1,1,0,5,9,0,,,,,,,
priority-sema (aka sched),finland,ls-id-log-20160703153613.log.Pjgkel.gz,0,0,1,,,2234362119,1,1,0,5,10,0,,,,,,,
priority-sema (aka sched),france,ls-id-log-20160703194022.log.rQf8No.gz,1,1,0,35045676,138168746,,1,5,4,9,14,0,bugtype KERNEL PANIC: ../../lib/kernel/list.c:106: assertion `is_head (elem) || is_interior (elem)' failed.,,,,,,
priority-sema (aka sched),guatemala,ls-id-log-20160703200705.log.phG99o.gz,0,0,1,,,1384897875,1,1,0,5,9,0,,,,,,,
priority-sema (aka sched),haiti,ls-id-log-20160703161431.log.40nvJy.gz,0,0,0,,,,2,3,1,6,17,0,,,,,,,
priority-sema (aka sched),honduras,ls-id-log-20160703200255.log.zpLb1o.gz,0,0,1,,,1231835654,1,1,0,5,9,0,,,,,,,
priority-sema (aka sched),india,ls-id-log-20160703143226.log.R0CJj4.gz,0,0,1,,,1572908489,1,1,0,5,9,0,,,,,,,
priority-sema (aka sched),indonesia,ls-id-log-20160703190007.log.QAFrDG.gz,0,0,1,,,3039942582,1,1,0,5,9,0,,,,,,,
priority-sema (aka sched),iran,ls-id-log-20160703163533.log.LYusV4.gz,0,0,0,,,,1,2,1,6,9,0,,,,,,,
priority-sema (aka sched),iraq,ls-id-log-20160703182640.log.1D656P.gz,0,0,1,,,3710462579,3,3,0,7,30,0,,,,,,,
priority-sema (aka sched),israel,ls-id-log-20160703231425.log.Kf0vR3.gz,0,0,1,,,1099912491,2,2,0,6,14,0,,,,,,,
priority-sema (aka sched),italy,ls-id-log-20160703215316.log.oG0jg7.gz,0,0,1,,,1933108564,1,1,0,5,9,0,,,,,,,
priority-sema (aka sched),ivorycoast,ls-id-log-20160703154715.log.BrAcVF.gz,1,0,0,19651025,44096223,,1,1,0,5,8,0,bugtype KERNEL PANIC: ../../threads/thread.c:616: assertion `t->magic == THREAD_MAGIC' failed.,,,,,,
priority-sema (aka sched),japan,ls-id-log-20160703143228.log.X99fJ9.gz,0,0,1,,,1123155555,1,1,0,5,9,0,,,,,,,
priority-sema (aka sched),malaysia,ls-id-log-20160703164336.log.lmVywC.gz,0,0,1,,,931979950,2,2,0,6,14,0,,,,,,,
priority-sema (aka sched),mexico,ls-id-log-20160703173449.log.UkiKPm.gz,0,0,1,,,2494500322,1,1,0,5,10,0,,,,,,,
priority-sema (aka sched),morocco,ls-id-log-20160703195143.log.dHybw4.gz,0,0,1,,,2650000548,1,1,0,5,9,0,,,,,,,
priority-sema (aka sched),nicaragua,ls-id-log-20160703155953.log.ug47RS.gz,0,0,1,,,2311377713,1,1,0,5,9,0,,,,,,,
priority-sema (aka sched),nigeria,ls-id-log-20160703173333.log.ca7Mje.gz,1,1,0,25438605,77599558,,1,5,4,9,13,0,bugtype KERNEL PANIC: ../../lib/kernel/list.c:106: assertion `is_head (elem) || is_interior (elem)' failed.,,,,,,
priority-sema (aka sched),northkorea,ls-id-log-20160703193820.log.ojUKyz.gz,1,1,0,25074710,68406010,,2,6,4,10,17,0,bugtype KERNEL PANIC: ../../lib/kernel/list.c:106: assertion `is_head (elem) || is_interior (elem)' failed.,,,,,,
priority-sema (aka sched),norway,ls-id-log-20160703183346.log.lOx6oe.gz,0,0,1,,,2919926132,1,1,0,5,9,0,,,,,,,
priority-sema (aka sched),pakistan,ls-id-log-20160703174056.log.UKV2JS.gz,0,0,0,,,,1,1,0,6,9,0,,,,,,,
priority-sema (aka sched),panama,ls-id-log-20160703184201.log.jIb7YP.gz,0,0,1,,,1524231523,1,1,0,5,9,0,,,,,,,
priority-sema (aka sched),paraguay,ls-id-log-20160703143231.log.mQLwNd.gz,0,0,1,,,2033081829,1,1,0,5,9,0,,,,,,,
priority-sema (aka sched),peru,ls-id-log-20160703204044.log.JyW8Sq.gz,0,0,1,,,1597682561,1,1,0,5,9,0,,,,,,,
priority-sema (aka sched),philippines,ls-id-log-20160703143224.log.veGFN7.gz,0,0,1,,,1745505150,2,2,0,6,14,0,,,,,,,
priority-sema (aka sched),poland,ls-id-log-20160703180803.log.N57R7L.gz,0,0,1,,,2222471487,1,1,0,5,9,0,,,,,,,
priority-sema (aka sched),saudiarabia,ls-id-log-20160703195216.log.OpvuM8.gz,1,1,0,32188779,101139640,,1,5,4,9,14,0,bugtype KERNEL PANIC: ../../lib/kernel/list.c:106: assertion `is_head (elem) || is_interior (elem)' failed.,,,,,,
priority-sema (aka sched),somalia,ls-id-log-20160703165357.log.E0XOh3.gz,0,0,1,,,1820833273,1,1,0,5,9,0,,,,,,,
priority-sema (aka sched),southafrica,ls-id-log-20160703175116.log.msoMIa.gz,0,0,0,,,,0,1,1,4,6,0,,,,,,,
priority-sema (aka sched),spainportugal,ls-id-log-20160703185012.log.fs7sxl.gz,0,0,1,,,1887336647,1,1,0,5,10,0,,,,,,,
priority-sema (aka sched),sudan,ls-id-log-20160703193417.log.b9t37o.gz,0,0,1,,,2903249073,1,1,0,5,9,0,,,,,,,
priority-sema (aka sched),syria,ls-id-log-20160703192600.log.kxzFHn.gz,0,0,1,,,3728895175,2,2,0,6,17,0,,,,,,,
priority-sema (aka sched),taiwan,ls-id-log-20160703173542.log.Lkmv23.gz,0,0,1,,,1282853457,1,1,0,5,9,0,,,,,,,
priority-sema (aka sched),thailand,ls-id-log-20160703203842.log.rtW5X4.gz,0,0,1,,,916353155,1,1,0,5,9,0,,,,,,,
priority-sema (aka sched),uruguay,ls-id-log-20160703153251.log.JqV01d.gz,0,0,1,,,2310200357,1,1,0,5,10,0,,,,,,,
priority-sema (aka sched),venezuela,ls-id-log-20160703155035.log.RAV2Lh.gz,0,0,1,,,1577354498,1,1,0,5,9,0,,,,,,,
priority-sema (aka sched),vietnam,ls-id-log-20160703155609.log.Ej3gZ2.gz,0,0,1,,,1307097970,1,1,0,5,9,0,,,,,,,
priority-sema (aka sched),westgermany,ls-id-log-20160703180141.log.EbBf58.gz,0,0,1,,,1956140956,1,1,0,5,9,0,,,,,,,
priority-sema (aka sched),yugoslavia,ls-id-log-20160703181230.log.0zh3Xo.gz,0,0,1,,,3689617795,2,2,0,6,17,0,,,,,,,
priority-sema (aka sched),zimbabwe,ls-id-log-20160703171311.log.79FJib.gz,0,0,1,,,999303513,1,1,0,5,9,0,,,,,,,
rwlock_downgrade_read_test,aluminum,ls-id-log-20160701200033.log.OBbdSK.gz,0,0,0,,,,0,2,2,1,2,0,,,,,,,
rwlock_downgrade_read_test,antimony,ls-id-log-20160630223051.log.krw8eF.gz,0,0,0,,,,3,3,0,4,9,0,,,,,,,
rwlock_downgrade_read_test,argon,ls-id-log-20160701170809.log.GvTsOz.gz,0,0,1,,,3810079677,0,0,0,2,4,0,,,,,,,
rwlock_downgrade_read_test,arsenic,ls-id-log-20160701071122.log.aCz2Qt.gz,1,0,0,32450458,87625459,,0,0,0,1,2,0,bugtype Deadlock -- no threads are runnable!,,,,,,
rwlock_downgrade_read_test,barium,ls-id-log-20160701145706.log.j5Byxq.gz,0,0,0,,,,11,11,0,14,219,0,,,,,,,
rwlock_downgrade_read_test,beryllium,ls-id-log-20160701111451.log.zPwF5X.gz,1,0,0,35569905,187692793,,2,8,6,10,12,0,bugtype Deadlock -- no threads are runnable!,,,,,,
rwlock_downgrade_read_test,boron,ls-id-log-20160701140441.log.dGZPJr.gz,1,0,0,20077218,49597091,,2,2,0,5,10,0,bugtype [multiple],Deadlock -- no threads are runnable!,USE AFTER FREE,,,,
rwlock_downgrade_read_test,bromine,ls-id-log-20160630235902.log.ExOBaM.gz,0,0,0,,,,30,30,0,30,162,0,,,,,,,
rwlock_downgrade_read_test,cadmium,ls-id-log-20160701150823.log.gCZ4nl.gz,0,0,0,,,,12,12,0,13,194,0,,,,,,,
rwlock_downgrade_read_test,caesium,ls-id-log-20160701035418.log.EmFFTa.gz,1,0,0,23378196,58448743,,0,0,0,2,3,0,bugtype USE AFTER FREE,,,,,,
rwlock_downgrade_read_test,calcium,ls-id-log-20160701021944.log.aAnYx1.gz,1,0,0,27171290,104992467,,3,3,0,5,12,0,bugtype Deadlock -- no threads are runnable!,,,,,,
rwlock_downgrade_read_test,carbon,ls-id-log-20160701121832.log.9NccIZ.gz,1,0,0,20843875,56684445,,5,5,0,7,25,0,bugtype [multiple],Deadlock -- no threads are runnable!,USE AFTER FREE,,,,
rwlock_downgrade_read_test,cerium,ls-id-log-20160701040254.log.dnVAO7.gz,0,0,0,,,,8,8,0,10,78,0,,,,,,,
rwlock_downgrade_read_test,chlorine,ls-id-log-20160702021412.log.7NOHBI.gz,0,0,0,,,,5,5,0,6,40,0,,,,,,,
rwlock_downgrade_read_test,chromium,ls-id-log-20160701095730.log.4n3m8z.gz,0,0,0,,,,0,0,0,0,1,0,,,,,,,
rwlock_downgrade_read_test,cobalt,ls-id-log-20160701051836.log.ivsgj0.gz,0,0,0,,,,0,0,0,1,2,0,,,,,,,
rwlock_downgrade_read_test,copper,ls-id-log-20160701153418.log.OMsHM3.gz,1,0,0,20687751,47929202,,0,0,0,2,3,0,bugtype Deadlock -- no threads are runnable!,,,,,,
rwlock_downgrade_read_test,dysprosium,ls-id-log-20160701144951.log.ouDGy0.gz,1,0,0,29097136,72009810,,0,0,0,2,3,0,bugtype Deadlock -- no threads are runnable!,,,,,,
rwlock_downgrade_read_test,erbium,ls-id-log-20160701013258.log.3FS2RB.gz,0,0,0,,,,11,11,0,13,190,0,,,,,,,
rwlock_downgrade_read_test,europium,ls-id-log-20160701004423.log.UQOVm0.gz,0,0,0,,,,0,0,0,0,1,0,,,,,,,
rwlock_downgrade_read_test,fluorine,ls-id-log-20160709014735.log.8wA1q3.gz,1,1,0,41826013,254246861,,50,67,17,78,741,0,bugtype Deadlock -- no threads are runnable!,,,,,,
rwlock_downgrade_read_test,gadolinium,ls-id-log-20160701054534.log.tooCht.gz,1,1,0,32899413,163310471,,8,16,8,19,302,0,bugtype [multiple],USE AFTER FREE,USERSPACE PANIC: A thread exited while waiting on a cond_var,USERSPACE PANIC: Queue has a head but no tail. Something broke,,,
rwlock_downgrade_read_test,gallium,ls-id-log-20160701175328.log.s1UIxg.gz,0,0,0,,,,4,4,0,4,13,0,,,,,,,
rwlock_downgrade_read_test,germanium,ls-id-log-20160630202800.log.o6gxov.gz,0,0,0,,,,2,2,0,4,12,0,,,,,,,
rwlock_downgrade_read_test,gold,ls-id-log-20160701033701.log.TZqlfm.gz,1,0,0,17708350,38662291,,0,2,2,4,5,0,bugtype USE AFTER FREE,,,,,,
rwlock_downgrade_read_test,hafnium,ls-id-log-20160630205557.log.RBOLzo.gz,0,0,0,,,,1,1,0,4,11,0,,,,,,,
rwlock_downgrade_read_test,helium,ls-id-log-20160709030219.log.wUIXUr.gz,1,0,0,435359566,4119667187,,0,4,4,6,10,0,bugtype NO PROGRESS (infinite loop?),,,,,,
rwlock_downgrade_read_test,holmium,ls-id-log-20160701180338.log.Ui648O.gz,0,0,0,,,,3,4,1,4,7,0,,,,,,,
rwlock_downgrade_read_test,hydrogen,ls-id-log-20160701095731.log.PlSwJg.gz,0,0,0,,,,0,0,0,0,1,0,,,,,,,
rwlock_downgrade_read_test,indium,ls-id-log-20160630191237.log.m56rdu.gz,0,0,0,,,,0,18,18,0,0,0,,,,,,,
rwlock_downgrade_read_test,iodine,ls-id-log-20160701115914.log.7P8iJx.gz,1,0,0,19028563,43015332,,0,2,2,3,5,2,bugtype USE AFTER FREE,,,,,,
rwlock_downgrade_read_test,iridium,ls-id-log-20160701075543.log.B17PmD.gz,0,0,0,,,,3,3,0,4,8,0,,,,,,,
rwlock_downgrade_read_test,iron,ls-id-log-20160701073719.log.9PYC9G.gz,1,0,0,19329019,44659660,,0,0,0,2,4,0,bugtype Deadlock -- no threads are runnable!,,,,,,
rwlock_downgrade_read_test,kyrpton,ls-id-log-20160701031747.log.Pf1Box.gz,0,0,0,,,,8,10,2,16,202,0,,,,,,,
rwlock_downgrade_read_test,lanthanum,ls-id-log-20160702050857.log.wg5uKD.gz,0,0,0,,,,0,7,7,0,0,0,,,,,,,
rwlock_downgrade_read_test,lithium,ls-id-log-20160630204528.log.SFLrrM.gz,1,1,0,243176910,2177176050,,0,128,128,143,144,0,bugtype Recursive mutex lock (manually approved FP),,,,,,
rwlock_downgrade_read_test,lutetium,ls-id-log-20160709002652.log.KVfWhG.gz,0,0,0,,,,0,2,2,2,3,0,,,,,,,
rwlock_downgrade_read_test,magnesium,ls-id-log-20160701013151.log.g7x2EG.gz,0,0,0,,,,2,2,0,4,12,0,,,,,,,
rwlock_downgrade_read_test,manganese,ls-id-log-20160701163333.log.7lVntX.gz,1,0,0,18419742,41656621,,0,0,0,2,3,0,bugtype USE AFTER FREE,,,,,,
rwlock_downgrade_read_test,molybdenum,ls-id-log-20160630202729.log.fqpU7f.gz,0,0,0,,,,0,0,0,1,2,0,,,,,,,
rwlock_downgrade_read_test,neodymium,ls-id-log-20160701005116.log.MSeEUM.gz,0,0,0,,,,4,4,0,5,25,0,,,,,,,
rwlock_downgrade_read_test,neon,ls-id-log-20160701054838.log.TGZZVU.gz,0,0,0,,,,0,3,3,2,3,0,,,,,,,
rwlock_downgrade_read_test,nickel,ls-id-log-20160701135843.log.RHX8aI.gz,0,0,0,,,,0,2,2,2,3,11,,,,,,,
rwlock_downgrade_read_test,niobium,ls-id-log-20160701000925.log.ERjlWa.gz,0,0,0,,,,0,0,0,2,3,0,,,,,,,
rwlock_downgrade_read_test,nitrogen,ls-id-log-20160630183029.log.J7hZG8.gz,0,0,0,,,,22,22,0,32,622,0,,,,,,,
rwlock_downgrade_read_test,osmium,ls-id-log-20160701085307.log.wlLXBL.gz,0,0,0,,,,7,7,0,8,201,0,,,,,,,
rwlock_downgrade_read_test,oxygen,ls-id-log-20160630223749.log.Z1r13D.gz,0,0,0,,,,0,2,2,4,5,0,,,,,,,
rwlock_downgrade_read_test,palladium,ls-id-log-20160701081419.log.5DWdIH.gz,0,0,0,,,,7,19,12,30,48,0,,,,,,,
rwlock_downgrade_read_test,phosphorus,ls-id-log-20160701091121.log.njzxyf.gz,0,0,0,,,,3,122,119,123,129,0,,,,,,,
rwlock_downgrade_read_test,platinum,ls-id-log-20160701025519.log.6K76FX.gz,0,0,0,,,,0,5,5,3,4,0,,,,,,,
rwlock_downgrade_read_test,potassium,ls-id-log-20160630212929.log.QakFFH.gz,0,0,0,,,,19,19,0,19,505,0,,,,,,,
rwlock_downgrade_read_test,praseodymium,ls-id-log-20160701105852.log.iA0yxK.gz,1,0,0,18727657,41936981,,0,3,3,4,6,0,bugtype USE AFTER FREE,,,,,,
rwlock_downgrade_read_test,promethium,ls-id-log-20160701125936.log.bnin9y.gz,0,0,0,,,,4,4,0,5,11,0,,,,,,,
rwlock_downgrade_read_test,rhenium,ls-id-log-20160701021603.log.4AFBL6.gz,0,0,1,,,4169788381,0,0,0,2,4,0,,,,,,,
rwlock_downgrade_read_test,rhodium,ls-id-log-20160701191814.log.jilSqj.gz,0,0,0,,,,8,8,0,10,150,0,,,,,,,
rwlock_downgrade_read_test,rubidium,ls-id-log-20160701141150.log.VvYqWO.gz,0,0,0,,,,7,7,0,9,61,0,,,,,,,
rwlock_downgrade_read_test,ruthenium,ls-id-log-20160630212822.log.lqRLpi.gz,1,0,0,17740976,39056087,,0,5,5,5,6,0,bugtype USE AFTER FREE,,,,,,
rwlock_downgrade_read_test,samarium,ls-id-log-20160701101629.log.Ib8grt.gz,1,0,0,37413761,206852942,,0,15,15,17,18,0,bugtype Deadlock -- no threads are runnable!,,,,,,
rwlock_downgrade_read_test,scandium,ls-id-log-20160701111916.log.CFbCdH.gz,1,0,0,32818189,146637412,,2,2,0,4,6,0,bugtype USE AFTER FREE,,,,,,
rwlock_downgrade_read_test,selenium,ls-id-log-20160701164807.log.EaL6FC.gz,1,0,0,21719062,59255500,,18,19,1,27,306,0,bugtype [multiple],Deadlock -- no threads are runnable!,USERSPACE PANIC:,,,,
rwlock_downgrade_read_test,silicon,ls-id-log-20160701160652.log.BKp952.gz,1,0,0,732073685,2182392156,,0,0,0,2,3,2,bugtype Deadlock -- no threads are runnable!,,,,,,
rwlock_downgrade_read_test,silver,ls-id-log-20160701043844.log.989jEr.gz,0,0,0,,,,13,13,0,14,241,0,,,,,,,
rwlock_downgrade_read_test,sodium,ls-id-log-20160701091830.log.7XfNvH.gz,0,0,0,,,,10,22,12,23,580,0,,,,,,,
rwlock_downgrade_read_test,strontium,ls-id-log-20160701181223.log.N05kwN.gz,0,0,0,,,,6,8,2,12,25,0,,,,,,,
rwlock_downgrade_read_test,sulfur,ls-id-log-20160701061859.log.WaQbz5.gz,0,0,0,,,,0,12,12,12,13,0,,,,,,,
rwlock_downgrade_read_test,tantalum,ls-id-log-20160701012309.log.If7tLf.gz,0,0,0,,,,0,28,28,0,0,0,,,,,,,
rwlock_downgrade_read_test,technetium,ls-id-log-20160709012714.log.a05vH2.gz,1,0,0,263443415,1704071852,,2,2,0,4,7,0,bugtype USE AFTER FREE,,,,,,
rwlock_downgrade_read_test,tellurium,ls-id-log-20160630200336.log.oueLyG.gz,1,0,0,24020235,78442810,,13,18,5,14,319,0,bugtype USE AFTER FREE,,,,,,
rwlock_downgrade_read_test,terbium,ls-id-log-20160630223756.log.bM12oO.gz,0,0,0,,,,4,4,0,6,15,0,,,,,,,
rwlock_downgrade_read_test,thulium,ls-id-log-20160701014705.log.pkbVME.gz,0,0,0,,,,2,2,0,4,10,0,,,,,,,
rwlock_downgrade_read_test,tin,ls-id-log-20160701065218.log.pQz3ET.gz,0,0,0,,,,0,13,13,8,9,3,,,,,,,
rwlock_downgrade_read_test,titanium,ls-id-log-20160630213406.log.eMY3J5.gz,0,0,0,,,,0,33,33,0,0,0,,,,,,,
rwlock_downgrade_read_test,tungsten,ls-id-log-20160701064900.log.is3YVH.gz,0,0,0,,,,0,0,0,2,3,0,,,,,,,
rwlock_downgrade_read_test,vanadium,ls-id-log-20160701035703.log.wmELxW.gz,0,0,0,,,,0,0,0,2,3,0,,,,,,,
rwlock_downgrade_read_test,xenon,ls-id-log-20160701181752.log.Jta7OP.gz,0,0,0,,,,1,3,2,4,6,0,,,,,,,
rwlock_downgrade_read_test,ytterbium,ls-id-log-20160630212851.log.fOnkJb.gz,0,0,1,,,3861551274,1,1,0,3,8,0,,,,,,,
rwlock_downgrade_read_test,yttrium,ls-id-log-20160702022528.log.ejusqI.gz,0,0,0,,,,12,45,33,45,1232,0,,,,,,,
rwlock_downgrade_read_test,zinc,ls-id-log-20160701123356.log.jKmqgQ.gz,1,0,0,21294737,58585375,,2,2,0,4,6,0,bugtype USE AFTER FREE,,,,,,
rwlock_downgrade_read_test,zirconium,ls-id-log-20160701024848.log.3Lxtvh.gz,1,0,0,27136047,75854627,,0,0,0,1,2,0,bugtype Deadlock -- no threads are runnable!,,,,,,
thr_exit_join,aluminum,ls-id-log-20160701155732.log.zQj1yw.gz,0,0,1,,,6751090263,2,2,0,4,14,0,,,,,,,
thr_exit_join,antimony,ls-id-log-20160701074922.log.KvAPVr.gz,0,0,1,,,14497001392,3,3,0,5,25,0,,,,,,,
thr_exit_join,argon,ls-id-log-20160630213116.log.fGcFsB.gz,0,0,1,,,4978574361,0,0,0,2,4,0,,,,,,,
thr_exit_join,arsenic,ls-id-log-20160701023539.log.1P9fOa.gz,1,0,0,46769787,295746735,,10,13,3,25,368,0,bugtype [multiple],Deadlock -- no threads are runnable!,TID 4 was killed by a page fault! (Faulting eip: 0xdeadd00d; addr: 0xdeadd00d),TID 5 was killed by a page fault! (Faulting eip: 0xffff7000; addr: 0x5),TID 5 was killed by a page fault! (Faulting eip: 0xffff7000; addr: 0xffff7000),TID 5 was killed by a page fault! (Faulting eip: 0xffffefdc; addr: 0xffffefdc),
thr_exit_join,barium,ls-id-log-20160707053029.log.RY8ZEW.gz,1,1,0,41025721,225539713,,10,12,2,14,1605,0,bugtype Deadlock -- no threads are runnable!,,,,,,
thr_exit_join,beryllium,ls-id-log-20160701051440.log.utCMSC.gz,0,0,1,,,11624572458,2,2,0,4,16,0,,,,,,,
thr_exit_join,boron,ls-id-log-20160701100352.log.5w2BYF.gz,0,0,0,,,,9,9,0,12,596,0,,,,,,,
thr_exit_join,bromine,ls-id-log-20160701034348.log.hDQe9n.gz,0,0,0,,,,29,29,0,31,356,0,,,,,,,
thr_exit_join,cadmium,ls-id-log-20160701044715.log.SVHgxj.gz,0,0,0,,,,12,12,0,14,277,0,,,,,,,
thr_exit_join,caesium,ls-id-log-20160701191021.log.fuS5rT.gz,1,0,0,22572909,71156854,,0,3,3,5,6,0,bugtype USE AFTER FREE,,,,,,
thr_exit_join,calcium,ls-id-log-20160701121450.log.RRO7vT.gz,1,0,0,18655367,42858268,,3,4,1,6,13,0,bugtype Deadlock -- no threads are runnable!,,,,,,
thr_exit_join,carbon,ls-id-log-20160701062711.log.XEX1lW.gz,1,0,0,20381124,53893288,,8,8,0,10,172,0,bugtype [multiple],Deadlock -- no threads are runnable!,USE AFTER FREE,,,,
thr_exit_join,cerium,ls-id-log-20160701170436.log.hOZEju.gz,0,0,1,,,16586203153,8,8,0,10,598,0,,,,,,,
thr_exit_join,chlorine,ls-id-log-20160701115414.log.vLKLVU.gz,0,0,0,,,,6,6,0,12,208,0,,,,,,,
thr_exit_join,chromium,ls-id-log-20160701220218.log.E4msgY.gz,0,0,1,,,15669983810,0,0,0,2,4,0,,,,,,,
thr_exit_join,cobalt,ls-id-log-20160630182551.log.h82dZH.gz,0,0,0,,,,2,2,0,4,13,0,,,,,,,
thr_exit_join,copper,ls-id-log-20160701080057.log.kw5ktm.gz,1,0,0,41426170,236315446,,7,7,0,9,145,0,bugtype Deadlock -- no threads are runnable!,,,,,,
thr_exit_join,dysprosium,ls-id-log-20160701085605.log.G4segr.gz,0,0,0,,,,11,11,0,13,1000,0,,,,,,,
thr_exit_join,erbium,ls-id-log-20160701134707.log.sOLEnH.gz,0,0,0,,,,8,8,0,10,427,0,,,,,,,
thr_exit_join,europium,ls-id-log-20160701033347.log.P7sfvS.gz,0,0,0,,,,0,0,0,1,2,0,,,,,,,
thr_exit_join,fluorine,ls-id-log-20160701055908.log.YMOtnO.gz,1,1,0,492233421,4752945292,,24,57,33,74,117,0,bugtype Deadlock -- no threads are runnable!,,,,,,
thr_exit_join,gadolinium,ls-id-log-20160701221239.log.IohzM9.gz,0,0,0,,,,3,3,0,6,33,0,,,,,,,
thr_exit_join,gallium,ls-id-log-20160701132059.log.d35ldx.gz,1,1,0,30726662,149549838,,7,11,4,19,111,0,bugtype USERSPACE PANIC:  Panic in Thread: %d,,,,,,
thr_exit_join,germanium,ls-id-log-20160630192733.log.zpLfGE.gz,0,0,1,,,9801500886,5,5,0,7,100,0,,,,,,,
thr_exit_join,gold,ls-id-log-20160709024758.log.ZhzO6W.gz,0,0,1,,,5003685841,0,0,0,2,4,0,,,,,,,
thr_exit_join,hafnium,ls-id-log-20160701080457.log.KovkdZ.gz,1,1,0,33222131,153461178,,3,6,3,9,51,0,bugtype Deadlock -- no threads are runnable!,,,,,,
thr_exit_join,helium,ls-id-log-20160630193354.log.6Aq4GJ.gz,0,0,1,,,11629443826,3,3,0,5,32,0,,,,,,,
thr_exit_join,holmium,ls-id-log-20160701095046.log.qKdZIy.gz,0,0,1,,,9470276383,2,2,0,4,14,0,,,,,,,
thr_exit_join,hydrogen,ls-id-log-20160701110912.log.nQcZWx.gz,0,0,1,,,24858525375,0,0,0,2,4,0,,,,,,,
thr_exit_join,indium,ls-id-log-20160707063153.log.WioRRH.gz,1,0,0,110443630,944960089,,5,10,5,12,37,3,bugtype Binary file (standard input) matches,,,,,,
thr_exit_join,iodine,ls-id-log-20160701021724.log.fabsBr.gz,0,0,0,,,,13,13,0,15,127,0,,,,,,,
thr_exit_join,iridium,ls-id-log-20160630225641.log.SQTegn.gz,1,1,0,30424285,141701054,,8,8,0,12,165,0,bugtype [multiple],Kernel page faulted! Faulting eip: 0x102917; address: 0xfffd6bbc,Kernel page faulted! Faulting eip: 0x102917; address: 0xfffe6fa4,,,,
thr_exit_join,iron,ls-id-log-20160701115920.log.xy3hVx.gz,0,0,1,,,17973948211,0,0,0,2,4,0,,,,,,,
thr_exit_join,kyrpton,ls-id-log-20160701113143.log.ejvWpf.gz,0,0,0,,,,9,9,0,16,720,0,,,,,,,
thr_exit_join,lanthanum,ls-id-log-20160701001138.log.B4DhVK.gz,0,0,0,,,,0,0,0,0,0,0,,,,,,,
thr_exit_join,lithium,ls-id-log-20160701145906.log.Qg8s1b.gz,0,0,0,,,,3,60,57,36,37,0,,,,,,,
thr_exit_join,lutetium,ls-id-log-20160630212857.log.9H94jo.gz,0,0,1,,,8806312758,2,2,0,4,14,0,,,,,,,
thr_exit_join,magnesium,ls-id-log-20160701065812.log.b3WBbt.gz,0,0,1,,,5904345738,5,5,0,7,125,0,,,,,,,
thr_exit_join,manganese,ls-id-log-20160701052431.log.PGnhjm.gz,0,0,1,,,17269027392,0,0,0,2,4,0,,,,,,,
thr_exit_join,molybdenum,ls-id-log-20160630182550.log.ly9VOH.gz,0,0,1,,,4842342350,0,0,0,2,4,0,,,,,,,
thr_exit_join,neodymium,ls-id-log-20160701120507.log.Q2KJCQ.gz,0,0,1,,,14129608716,4,4,0,6,49,0,,,,,,,
thr_exit_join,neon,ls-id-log-20160701024305.log.6DlWYP.gz,0,0,0,,,,3,3,0,5,11,0,,,,,,,
thr_exit_join,nickel,ls-id-log-20160701072551.log.g8bPjR.gz,0,0,0,,,,4,4,0,6,10,8,,,,,,,
thr_exit_join,niobium,ls-id-log-20160630213506.log.mwFoR0.gz,0,0,1,,,12671404220,2,2,0,4,14,0,,,,,,,
thr_exit_join,nitrogen,ls-id-log-20160701035010.log.pP1O6E.gz,1,1,0,245371680,2281087857,,26,27,1,30,461,0,bugtype USERSPACE PANIC:,,,,,,
thr_exit_join,osmium,ls-id-log-20160630184845.log.yQtMUD.gz,1,0,0,19565603,48587728,,6,7,1,10,160,0,bugtype USE AFTER FREE,,,,,,
thr_exit_join,oxygen,ls-id-log-20160630202835.log.QBpPj9.gz,0,0,0,,,,3,3,0,7,26,0,,,,,,,
thr_exit_join,palladium,ls-id-log-20160701162331.log.vZ4nLn.gz,0,0,0,,,,5,5,0,7,46,0,,,,,,,
thr_exit_join,phosphorus,ls-id-log-20160701123941.log.uhFgS8.gz,1,1,0,227108071,2101145509,,102,207,105,239,349,0,bugtype Deadlock -- no threads are runnable!,,,,,,
thr_exit_join,platinum,ls-id-log-20160630223820.log.t4nPoF.gz,0,0,0,,,,7,8,1,9,24,0,,,,,,,
thr_exit_join,potassium,ls-id-log-20160701165201.log.mKm0fi.gz,0,0,0,,,,0,60,60,58,59,0,,,,,,,
thr_exit_join,praseodymium,ls-id-log-20160701081143.log.k2OLMY.gz,0,0,1,,,6672506269,3,3,0,5,27,0,,,,,,,
thr_exit_join,promethium,ls-id-log-20160701081059.log.Z1iI5Y.gz,0,0,0,,,,4,4,0,6,48,0,,,,,,,
thr_exit_join,rhenium,ls-id-log-20160701045725.log.JAHIBr.gz,0,0,1,,,21583464113,2,2,0,4,14,0,,,,,,,
thr_exit_join,rhodium,ls-id-log-20160630182524.log.hZt1UO.gz,0,0,1,,,6318840962,7,7,0,9,392,0,,,,,,,
thr_exit_join,rubidium,ls-id-log-20160701034328.log.l5gMfR.gz,0,0,1,,,19306949196,4,4,0,6,53,0,,,,,,,
thr_exit_join,ruthenium,ls-id-log-20160701140332.log.B79Q1B.gz,1,0,0,19555937,47914491,,6,6,0,8,56,0,bugtype USE AFTER FREE,,,,,,
thr_exit_join,samarium,ls-id-log-20160630213217.log.YIH4Qv.gz,0,0,0,,,,28,28,0,31,385,0,,,,,,,
thr_exit_join,scandium,ls-id-log-20160701055624.log.osD519.gz,1,0,0,19957720,52036297,,2,26,24,13,15,5,bugtype USE AFTER FREE,,,,,,
thr_exit_join,selenium,ls-id-log-20160701122320.log.RRobI8.gz,1,0,0,19164293,46772908,,17,20,3,23,436,0,bugtype [multiple],Deadlock -- no threads are runnable!,USE AFTER FREE,,,,
thr_exit_join,silicon,ls-id-log-20160702042714.log.iLZzyO.gz,0,0,1,,,6109961262,0,0,0,2,4,3,,,,,,,
thr_exit_join,silver,ls-id-log-20160701170115.log.q3FWZN.gz,0,0,0,,,,13,13,0,15,96,0,,,,,,,
thr_exit_join,sodium,ls-id-log-20160701090144.log.P3fQBf.gz,0,0,0,,,,19,19,0,21,119,0,,,,,,,
thr_exit_join,strontium,ls-id-log-20160630192707.log.BN62Yf.gz,0,0,0,,,,2,2,0,4,11,0,,,,,,,
thr_exit_join,sulfur,ls-id-log-20160701210429.log.DPQwRz.gz,0,0,0,,,,1,12,11,14,16,0,,,,,,,
thr_exit_join,tantalum,ls-id-log-20160701024321.log.GwScbx.gz,0,0,0,,,,0,37,37,0,0,0,,,,,,,
thr_exit_join,technetium,ls-id-log-20160701184849.log.MPPKQK.gz,0,0,1,,,9566247191,2,2,0,4,14,0,,,,,,,
thr_exit_join,tellurium,ls-id-log-20160701154039.log.IgtjQz.gz,1,0,0,23035478,71905550,,0,20,20,22,23,0,bugtype USE AFTER FREE,,,,,,
thr_exit_join,terbium,ls-id-log-20160701015951.log.zKNtbW.gz,0,0,1,,,23422881651,4,4,0,6,36,0,,,,,,,
thr_exit_join,thulium,ls-id-log-20160630213246.log.dZK8yy.gz,0,0,1,,,4952444032,2,2,0,4,14,0,,,,,,,
thr_exit_join,tin,ls-id-log-20160630234933.log.8Q0CqG.gz,0,0,0,,,,3,3,0,5,23,3,,,,,,,
thr_exit_join,titanium,ls-id-log-20160701053552.log.Mjemvi.gz,0,0,0,,,,0,16,16,0,1,0,,,,,,,
thr_exit_join,tungsten,ls-id-log-20160701134104.log.71Dibq.gz,0,0,1,,,5524423764,1,1,0,3,8,0,,,,,,,
thr_exit_join,vanadium,ls-id-log-20160701130324.log.9HFFjv.gz,0,0,0,,,,0,0,0,2,3,0,,,,,,,
thr_exit_join,xenon,ls-id-log-20160701032400.log.sYjyow.gz,0,0,0,,,,5,7,2,9,44,0,,,,,,,
thr_exit_join,ytterbium,ls-id-log-20160701122052.log.CivXZT.gz,0,0,1,,,16333224184,5,5,0,9,380,102,,,,,,,
thr_exit_join,yttrium,ls-id-log-20160630220534.log.xITm59.gz,0,0,0,,,,47,112,65,132,201,0,,,,,,,
thr_exit_join,zinc,ls-id-log-20160701121711.log.mvHkLS.gz,1,0,0,18430790,42306235,,3,9,6,9,14,3,bugtype USE AFTER FREE,,,,,,
thr_exit_join,zirconium,ls-id-log-20160630202729.log.q9lKb1.gz,1,0,0,34845662,170145020,,2,2,0,4,10,0,bugtype Deadlock -- no threads are runnable!,,,,,,
wait-simple,afghanistan,ls-id-log-20160703172603.log.M9reG0.gz,1,0,0,28737041,108549387,,0,12,12,27,32,0,bugtype [multiple],KERNEL PANIC: ../../lib/kernel/list.c:106: assertion `is_head (elem) || is_interior (elem)' failed.,KERNEL PANIC: ../../lib/kernel/list.c:284: assertion `is_interior (elem)' failed.,KERNEL PANIC: ../../lib/kernel/list.c:318: assertion `!list_empty (list)' failed.,USE AFTER FREE,,
wait-simple,algeria,ls-id-log-20160703160717.log.3Iv2OL.gz,1,0,0,23334952,69320487,,0,4,4,8,9,0,bugtype USE AFTER FREE,,,,,,
wait-simple,angola,ls-id-log-20160703173601.log.XQ1sqR.gz,1,0,0,29109461,102995381,,1,1,0,5,7,0,bugtype USE AFTER FREE,,,,,,
wait-simple,australia,ls-id-log-20160703200859.log.dvIsQ6.gz,1,0,0,51513544,233582444,,2,2,0,7,15,0,bugtype Kernel page faulted! Faulting eip: 0xc002dbaa; address: 0x4c,,,,,,
wait-simple,austria,ls-id-log-20160703152849.log.WJcYiM.gz,0,0,1,,,27759914637,1,1,0,5,10,0,,,,,,,
wait-simple,benelux,ls-id-log-20160703171104.log.TYTRRR.gz,0,0,0,,,,6,6,0,11,33,0,,,,,,,
wait-simple,bulgaria,ls-id-log-20160703182257.log.mJpPSh.gz,1,0,0,22348048,65947158,,6,7,1,11,77,0,bugtype USE AFTER FREE,,,,,,
wait-simple,burma,ls-id-log-20160703201530.log.DbKHOV.gz,0,0,0,,,,5,5,0,9,49,0,,,,,,,
wait-simple,cameroon,ls-id-log-20160703191746.log.Avj8JT.gz,1,0,0,34784874,168308592,,4,6,2,12,40,0,bugtype USE AFTER FREE,,,,,,
wait-simple,chile,ls-id-log-20160703155800.log.JGzKrH.gz,0,0,0,,,,1,2,1,6,8,0,,,,,,,
wait-simple,colombia,ls-id-log-20160703185211.log.djxYtH.gz,0,0,0,,,,2,2,0,6,12,0,,,,,,,
wait-simple,costarica,ls-id-log-20160703183355.log.YDYs9i.gz,0,0,0,,,,1,1,0,5,8,0,,,,,,,
wait-simple,denmark,ls-id-log-20160703143227.log.9yDsmG.gz,0,0,0,,,,1,1,0,5,7,0,,,,,,,
wait-simple,eastgermany,ls-id-log-20160703173225.log.c6j1Pz.gz,0,0,0,,,,2,2,0,6,15,0,,,,,,,
wait-simple,ecuador,ls-id-log-20160703143227.log.PQIP1m.gz,1,0,0,25359693,74295386,,0,8,8,13,14,0,bugtype [multiple],Deadlock -- no threads are runnable!,KERNEL PANIC: ../../threads/thread.c:258: assertion `t->status == THREAD_BLOCKED' failed.,USE AFTER FREE,,,
wait-simple,egypt,ls-id-log-20160703203604.log.bge17W.gz,1,0,0,25368855,89228902,,2,2,0,6,9,0,bugtype Kernel page faulted! Faulting eip: 0xc0028b53; address: 0xccccccd0,,,,,,
wait-simple,elsalvador,ls-id-log-20160703184915.log.dEgBDG.gz,1,0,0,24200193,79765930,,1,4,3,11,14,0,bugtype Kernel page faulted! Faulting eip: 0xc002a67d; address: 0x38,,,,,,
wait-simple,ethiopia,ls-id-log-20160703143235.log.NPZi5a.gz,1,1,0,196427124,1736194630,,1,10,9,24,57,0,bugtype [multiple],Kernel page faulted! Faulting eip: 0xc0022c32; address: 0x28,USE AFTER FREE,,,,
wait-simple,france,ls-id-log-20160703162456.log.vGU9uv.gz,0,0,0,,,,2,2,0,6,11,0,,,,,,,
wait-simple,greece,ls-id-log-20160703205154.log.7MW3Yp.gz,1,0,0,27924521,107563983,,3,3,0,8,21,0,bugtype USE AFTER FREE,,,,,,
wait-simple,guatemala,ls-id-log-20160703175045.log.2OGL1U.gz,0,0,0,,,,5,5,0,10,61,0,,,,,,,
wait-simple,hungary,ls-id-log-20160703143238.log.tvh5Ox.gz,1,0,0,32345825,126935971,,0,1,1,3,4,0,bugtype USE AFTER FREE,,,,,,
wait-simple,india,ls-id-log-20160703181629.log.sA6glP.gz,0,0,0,,,,1,1,0,5,8,0,,,,,,,
wait-simple,iran,ls-id-log-20160812145204.log.m5LqNq.gz,0,0,0,,,,5,9,4,13,22,0,,,,,,,
wait-simple,iraq,ls-id-log-20160703153353.log.oA0ZFV.gz,0,0,0,,,,3,3,0,7,25,0,,,,,,,
wait-simple,ivorycoast,ls-id-log-20160703154415.log.xBvrDB.gz,1,0,0,66010387,411335318,,2,3,1,6,11,0,bugtype USE AFTER FREE,,,,,,
wait-simple,japan,ls-id-log-20160703144057.log.y0Ni6r.gz,1,0,0,33511330,164288376,,2,5,3,11,20,0,bugtype USE AFTER FREE,,,,,,
wait-simple,jordan,ls-id-log-20160703190731.log.56vysJ.gz,1,0,0,2077939745,20491723910,,0,1,1,4,5,0,bugtype USE AFTER FREE,,,,,,
wait-simple,kenya,ls-id-log-20160703211240.log.uN86K5.gz,1,0,0,33785682,164437183,,2,16,14,23,37,0,bugtype [multiple],Kernel page faulted! Faulting eip: 0xc002925a; address: 0x4c,TID 4 was killed by a page fault! (Faulting eip: 0x8049341; addr: 0x0),USE AFTER FREE,,,
wait-simple,laoscambodia,ls-id-log-20160703195338.log.6LwwfG.gz,0,0,0,,,,0,4,4,10,12,0,,,,,,,
wait-simple,lebanon,ls-id-log-20160703210618.log.VymaRR.gz,1,0,0,27611832,91366114,,1,2,1,6,10,0,bugtype [multiple],Kernel page faulted! Faulting eip: 0xc00231ad; address: 0x4c,USE AFTER FREE,,,,
wait-simple,libya,ls-id-log-20160703174748.log.aEmB6i.gz,0,0,0,,,,3,3,0,8,25,0,,,,,,,
wait-simple,malaysia,ls-id-log-20160703165928.log.5n1TlD.gz,0,0,0,,,,2,4,2,6,14,0,,,,,,,
wait-simple,pakistan,ls-id-log-20160707032540.log.VmtlwX.gz,1,0,0,23658670,68973729,,8,8,0,16,142,0,bugtype [multiple],TID 4 was killed by a page fault! (Faulting eip: 0x804a2df; addr: 0x0)TID 4 was killed by a page fault! (Faulting eip: 0x804a66e; addr: 0x0),USE AFTER FREE,,,,
wait-simple,panama,ls-id-log-20160703214830.log.SKBea4.gz,1,0,0,21598119,61021161,,3,4,1,8,14,0,bugtype USE AFTER FREE,,,,,,
wait-simple,paraguay,ls-id-log-20160703215132.log.ebhJES.gz,1,0,0,23831209,73169947,,0,0,0,4,5,0,bugtype [multiple],Kernel page faulted! Faulting eip: 0xc002a6ad; address: 0x23,USE AFTER FREE,,,,
wait-simple,peru,ls-id-log-20160703153425.log.HpkjX5.gz,0,0,0,,,,0,0,0,4,6,0,,,,,,,
wait-simple,poland,ls-id-log-20160803060559.log.ewOR4t.gz,1,0,0,27338826,97487664,,0,0,0,4,6,0,bugtype USE AFTER FREE,,,,,,
wait-simple,romania,ls-id-log-20160703191756.log.WGPswN.gz,0,0,0,,,,0,8,8,13,14,0,,,,,,,
wait-simple,saudiarabia,ls-id-log-20160703191623.log.gddIqw.gz,1,0,0,29492653,99408251,,0,2,2,7,8,0,bugtype Kernel page faulted! Faulting eip: 0xc002f4d2; address: 0x58,,,,,,
wait-simple,southkorea,ls-id-log-20160803050435.log.xrg16F.gz,0,0,0,,,,2,3,1,7,11,0,,,,,,,
wait-simple,sudan,ls-id-log-20160703144151.log.RH36en.gz,0,0,0,,,,2,2,0,6,9,0,,,,,,,
wait-simple,sweden,ls-id-log-20160703181307.log.Yuf9nL.gz,0,0,0,,,,1,1,0,4,6,0,,,,,,,
wait-simple,syria,ls-id-log-20160703200452.log.yQZmQJ.gz,0,0,0,,,,2,2,0,6,16,0,,,,,,,
wait-simple,thailand,ls-id-log-20160703195042.log.wUVfRL.gz,0,0,0,,,,1,1,0,5,7,0,,,,,,,
wait-simple,tunisia,ls-id-log-20160703190322.log.0UQTok.gz,1,1,0,2565791231,25469612210,,3,10,7,16,25,0,bugtype TID 4 was killed by a page fault! (Faulting eip: 0x804920f; addr: 0xffffffff),,,,,,
wait-simple,turkey,ls-id-log-20160703143229.log.R6GGGS.gz,1,0,0,26048600,97051824,,3,4,1,9,15,0,bugtype USE AFTER FREE,,,,,,
wait-simple,venezuela,ls-id-log-20160703164500.log.i1Duu6.gz,1,0,0,25209576,86948722,,0,1,1,5,7,0,bugtype USE AFTER FREE,,,,,,
wait-simple,vietnam,ls-id-log-20160703213730.log.e9OFqk.gz,1,0,0,23698341,68938188,,0,0,0,4,6,0,bugtype KERNEL PANIC: ../../userprog/process.c:126: assertion `ws->ref_cnt == 1' failed.,,,,,,
wait-simple,yugoslavia,ls-id-log-20160703201927.log.B5PX31.gz,0,0,0,,,,0,4,4,0,0,0,,,,,,,
wait-simple,zaire,ls-id-log-20160703153304.log.KtJWBi.gz,0,0,1,,,28321699977,0,0,0,4,6,0,,,,,,,
wait-simple,zimbabwe,ls-id-log-20160703201219.log.d4sb64.gz,0,0,0,,,,2,8,6,13,17,0,,,,,,,