Test name,P2/Pintos group ID (anonymized),Log file name,Bug found?,Total verif?,Bug wall time (usecs),Bug CPU time (usecs),Eligible for sync-only verif?,Verif CPU time (usecs),Completed PPs,Completed SSes,Malloc-recycle PPs avoided,Bug type,,
alarm-simultaneous,algeria,ls-id-log-20151113205154.log.Ta9DMf.gz,0,0,,,(QS had DR PPs),,2,3,0,,,
alarm-simultaneous,angola,ls-id-log-20160803030607.log.JsnsNn.gz,0,0,,,(QS had DR PPs),,2,3,0,,,
alarm-simultaneous,argentina,ls-id-log-20151113165435.log.FOg4wX.gz,0,0,,,(QS had DR PPs),,0,0,0,,,
alarm-simultaneous,australia,ls-id-log-20151113024651.log.FkjuTM.gz,0,0,,,(QS had DR PPs),,1,2,3,,,
alarm-simultaneous,benelux,ls-id-log-20151114211710.log.bvSeOt.gz,0,0,,,(QS had DR PPs),,2,3,3,,,
alarm-simultaneous,bolivia,ls-id-log-20151113101800.log.XPnLn4.gz,0,0,,,(QS had DR PPs),,2,3,3,,,
alarm-simultaneous,botswana,ls-id-log-20151113214744.log.nnfJQR.gz,0,0,,,(QS had DR PPs),,2,3,4,,,
alarm-simultaneous,brazil,ls-id-log-20151113131746.log.KZr8G8.gz,0,0,,,(QS had DR PPs),,2,3,0,,,
alarm-simultaneous,costarica,ls-id-log-20151114214918.log.QYVVWW.gz,0,0,,,(QS had DR PPs),,2,3,0,,,
alarm-simultaneous,cuba,ls-id-log-20151113191719.log.RQwi5a.gz,0,0,,,(QS had DR PPs),,2,3,0,,,
alarm-simultaneous,czechoslovakia,ls-id-log-20151113232216.log.dfKaCI.gz,0,0,,,(QS had DR PPs),,2,3,0,,,
alarm-simultaneous,denmark,ls-id-log-20151113141513.log.YXx3Ik.gz,0,0,,,(QS had DR PPs),,2,3,0,,,
alarm-simultaneous,eastgermany,ls-id-log-20151113165426.log.1g9CB9.gz,0,0,,,(QS had DR PPs),,2,3,0,,,
alarm-simultaneous,ecuador,ls-id-log-20151114214920.log.ON2dgd.gz,0,0,,,(QS had DR PPs),,2,3,0,,,
alarm-simultaneous,finland,ls-id-log-20151113215520.log.0NQ5ud.gz,0,0,,,(QS had DR PPs),,2,3,3,,,
alarm-simultaneous,france,ls-id-log-20151113104723.log.oPeaHr.gz,0,0,,,(QS had DR PPs),,1,2,3,,,
alarm-simultaneous,haiti,ls-id-log-20151113181831.log.DWWJXD.gz,0,0,,,(QS had DR PPs),,2,3,0,,,
alarm-simultaneous,honduras,ls-id-log-20151113141916.log.Ejh7Hn.gz,1,0,498733221,1958674573,,,4,5,0,"bugtype Sleep-related deadlock (TID 1 fell into a hole, and could take no more.",,
alarm-simultaneous,indonesia,ls-id-log-20151113191531.log.u4rn4Y.gz,1,0,129778791,484774507,,,4,5,0,bugtype Kernel page faulted! Faulting eip: 0xc00293ea; address: 0xcccccccc,,
alarm-simultaneous,iran,ls-id-log-20151113154809.log.IE7RSQ.gz,0,0,,,(QS had DR PPs),,2,3,0,,,
alarm-simultaneous,iraq,ls-id-log-20151113081700.log.kc7lsP.gz,0,0,,,(QS had DR PPs),,1,2,3,,,
alarm-simultaneous,israel,ls-id-log-20151113144738.log.oKISCm.gz,0,0,,,(QS had DR PPs),,2,3,0,,,
alarm-simultaneous,italy,ls-id-log-20151113192449.log.9DbKph.gz,0,0,,,(QS had DR PPs),,2,3,0,,,
alarm-simultaneous,ivorycoast,ls-id-log-20151113054637.log.LwDsOH.gz,0,0,,,(QS had DR PPs),,2,3,3,,,
alarm-simultaneous,malaysia,ls-id-log-20151113074738.log.j3yQZ9.gz,0,0,,,(QS had DR PPs),,2,3,0,,,
alarm-simultaneous,mexico,ls-id-log-20151113214622.log.xqSx9v.gz,0,0,,,(QS had DR PPs),,0,0,12,,,
alarm-simultaneous,morocco,ls-id-log-20151114001644.log.6d9Dpv.gz,0,0,,,(QS had DR PPs),,2,3,0,,,
alarm-simultaneous,nicaragua,ls-id-log-20151113191559.log.dInusa.gz,0,0,,,(QS had DR PPs),,2,3,0,,,
alarm-simultaneous,nigeria,ls-id-log-20151113171801.log.fYWite.gz,0,0,,,(QS had DR PPs),,2,3,0,,,
alarm-simultaneous,northkorea,ls-id-log-20151113141447.log.MciLEd.gz,0,0,,,(QS had DR PPs),,2,3,0,,,
alarm-simultaneous,norway,ls-id-log-20151113164509.log.7eVh9L.gz,0,0,,,(QS had DR PPs),,0,1,0,,,
alarm-simultaneous,peru,ls-id-log-20151113141626.log.C3SOYy.gz,0,0,,,(QS had DR PPs),,2,3,0,,,
alarm-simultaneous,philippines,ls-id-log-20160803053630.log.0EmEza.gz,1,0,388498109,2262347297,,,2,3,0,"bugtype Sleep-related deadlock (TID 1 fell into a hole, and could take no more.",,
alarm-simultaneous,saudiarabia,ls-id-log-20151113124903.log.7jjy90.gz,0,0,,,(QS had DR PPs),,1,2,0,,,
alarm-simultaneous,somalia,ls-id-log-20151113164656.log.IozoNV.gz,0,0,,,(QS had DR PPs),,2,3,0,,,
alarm-simultaneous,southafrica,ls-id-log-20151113194824.log.txCQAY.gz,0,0,,,(QS had DR PPs),,2,3,0,,,
alarm-simultaneous,spainportugal,ls-id-log-20151113142402.log.NWhs6P.gz,0,0,,,(QS had DR PPs),,2,3,0,,,
alarm-simultaneous,syria,ls-id-log-20151113024652.log.tP4wOp.gz,0,0,,,(QS had DR PPs),,1,2,3,,,
alarm-simultaneous,taiwan,ls-id-log-20151113204853.log.Ppdx6G.gz,1,0,1344315106,4044255717,,,3,4,0,bugtype USE AFTER FREE,,
alarm-simultaneous,thailand,ls-id-log-20151114210916.log.6eBKWG.gz,1,0,644691362,2540603485,,,3,4,0,bugtype Kernel page faulted! Faulting eip: 0xc00210e7; address: 0xccccccc8,,
alarm-simultaneous,uruguay,ls-id-log-20151113164536.log.7hW7xk.gz,0,0,,,(QS had DR PPs),,2,3,3,,,
alarm-simultaneous,westgermany,ls-id-log-20151113192458.log.YWTPdA.gz,0,0,,,(QS had DR PPs),,2,3,3,,,
alarm-simultaneous,yugoslavia,ls-id-log-20151114211651.log.pwnDir.gz,0,0,,,(QS had DR PPs),,2,3,0,,,
alarm-simultaneous,zimbabwe,ls-id-log-20151113051714.log.fUyljD.gz,1,0,521534663,2052696191,,,4,5,0,"bugtype Sleep-related deadlock (TID 1 fell into a hole, and could take no more.",,
broadcast_test,aluminum,ls-id-log-20160512005706.log.3vo8e7.gz,0,0,,,(QS had DR PPs),,2,4,0,,,
broadcast_test,antimony,ls-id-log-20160510043701.log.Jo7BSl.gz,0,0,,,(QS had DR PPs),,2,4,1,,,
broadcast_test,argon,ls-id-log-20160504090729.log.T5CdNi.gz,0,1,,,verif,100377706,2,4,0,,,
broadcast_test,arsenic,ls-id-log-20160511154401.log.nKrST0.gz,1,0,18654594,41206444,,,2,3,0,,,
broadcast_test,barium,ls-id-log-20160504090408.log.Dn1VYo.gz,0,0,,,(QS had DR PPs),,2,4,0,,,
broadcast_test,beryllium,ls-id-log-20160511012914.log.8Hebbp.gz,0,0,,,(QS had DR PPs),,2,4,0,,,
broadcast_test,boron,ls-id-log-20160512033730.log.GSuElo.gz,0,0,,,(QS had DR PPs),,2,4,0,,,
broadcast_test,bromine,ls-id-log-20160512231633.log.QLpakI.gz,0,0,,,(QS had DR PPs),,2,4,0,,,
broadcast_test,cadmium,ls-id-log-20160504035820.log.HkxT7s.gz,0,0,,,(QS had DR PPs),,2,4,0,,,
broadcast_test,caesium,ls-id-log-20160512003640.log.uz23m3.gz,0,1,,,verif,73980569,2,4,0,,,
broadcast_test,calcium,ls-id-log-20160511044533.log.INVO6o.gz,0,0,,,(QS had DR PPs),,2,4,0,,,
broadcast_test,carbon,ls-id-log-20160510181917.log.HNlZZE.gz,0,0,,,(QS had DR PPs),,2,4,0,,,
broadcast_test,cerium,ls-id-log-20160511054106.log.q8WdD2.gz,0,0,,,(QS had DR PPs),,2,4,0,,,
broadcast_test,chlorine,ls-id-log-20160511001551.log.Rn1GIs.gz,0,0,,,(QS had DR PPs),,2,4,0,,,
broadcast_test,chromium,ls-id-log-20160512010105.log.RrLMTf.gz,1,0,18631690,42138833,,,2,3,0,,,
broadcast_test,cobalt,ls-id-log-20160511075251.log.xTgV1i.gz,0,0,,,(QS had DR PPs),,2,4,0,,,
broadcast_test,copper,ls-id-log-20160510171821.log.xU2Inb.gz,0,0,,,(QS had DR PPs),,2,4,0,,,
broadcast_test,dysprosium,ls-id-log-20160511230143.log.yTz2YG.gz,0,0,,,(QS had DR PPs),,2,4,0,,,
broadcast_test,erbium,ls-id-log-20160510094149.log.ASZncM.gz,0,0,,,(QS had DR PPs),,2,4,0,,,
broadcast_test,europium,ls-id-log-20160511135924.log.tv9A4E.gz,0,0,,,(QS had DR PPs),,2,4,10,,,
broadcast_test,fluorine,ls-id-log-20160511220040.log.UHlpBf.gz,0,0,,,(QS had DR PPs),,2,4,0,,,
broadcast_test,gadolinium,ls-id-log-20160511021813.log.rn2Zxk.gz,0,0,,,(QS had DR PPs),,2,4,0,,,
broadcast_test,gallium,ls-id-log-20160512060353.log.IF8Agc.gz,0,0,,,(QS had DR PPs),,2,4,2,,,
broadcast_test,germanium,ls-id-log-20160511044412.log.HcgUe9.gz,0,0,,,(QS had DR PPs),,2,4,0,,,
broadcast_test,gold,ls-id-log-20160510125850.log.ryxwNS.gz,0,0,,,(QS had DR PPs),,2,4,1,,,
broadcast_test,hafnium,ls-id-log-20160511175935.log.FhHQ7S.gz,0,0,,,(QS had DR PPs),,2,4,0,,,
broadcast_test,helium,ls-id-log-20160511182805.log.GbKFhz.gz,0,1,,,verif,185271622,2,4,0,,,
broadcast_test,holmium,ls-id-log-20160510094731.log.AW07Q5.gz,0,0,,,(QS had DR PPs),,2,4,0,,,
broadcast_test,hydrogen,ls-id-log-20160510155320.log.TCi4db.gz,0,0,,,(QS had DR PPs),,2,4,1,,,
broadcast_test,indium,ls-id-log-20160504111318.log.4cc9q3.gz,0,0,,,(QS had DR PPs),,2,4,0,,,
broadcast_test,iodine,ls-id-log-20160510223519.log.ECcfqO.gz,0,0,,,(QS had DR PPs),,2,4,0,,,
broadcast_test,iridium,ls-id-log-20160504035157.log.AW9h67.gz,0,0,,,(QS had DR PPs),,2,4,0,,,
broadcast_test,iron,ls-id-log-20160510214412.log.IjLvoc.gz,1,0,18370229,40306476,,,2,4,0,,,
broadcast_test,kyrpton,ls-id-log-20160510043703.log.rEr6M3.gz,0,0,,,(QS had DR PPs),,2,4,0,,,
broadcast_test,lanthanum,ls-id-log-20160510043706.log.CMHfCo.gz,1,0,21425798,52790901,,,2,2,0,,,
broadcast_test,lithium,ls-id-log-20160511215200.log.iKxBLB.gz,0,0,,,(QS had DR PPs),,2,4,0,,,
broadcast_test,lutetium,ls-id-log-20160512010346.log.FvaqqJ.gz,0,0,,,(QS had DR PPs),,2,4,4,,,
broadcast_test,magnesium,ls-id-log-20160512022400.log.pMEBsN.gz,0,0,,,(QS had DR PPs),,2,4,0,,,
broadcast_test,manganese,ls-id-log-20160511192016.log.ialozt.gz,0,1,,,verif,76779925,2,4,0,,,
broadcast_test,molybdenum,ls-id-log-20160504035539.log.6ypYHu.gz,0,1,,,verif-despite-malloc-recycles,87114349,2,4,2,,,
broadcast_test,neodymium,ls-id-log-20160512005926.log.So4Pia.gz,0,0,,,(QS had DR PPs),,2,4,1,,,
broadcast_test,neon,ls-id-log-20160511212311.log.UJbOtv.gz,0,0,,,(QS had DR PPs),,2,3,0,,,
broadcast_test,nickel,ls-id-log-20160504093153.log.tamk3y.gz,0,0,,,(QS had DR PPs),,2,4,14,,,
broadcast_test,niobium,ls-id-log-20160510160802.log.HlDU7w.gz,0,1,,,verif,72688754,2,4,0,,,
broadcast_test,nitrogen,ls-id-log-20160510214251.log.jnWGYK.gz,0,0,,,(QS had DR PPs),,2,4,0,,,
broadcast_test,osmium,ls-id-log-20160510234529.log.ltp94t.gz,0,0,,,(QS had DR PPs),,2,4,0,,,
broadcast_test,oxygen,ls-id-log-20160512022331.log.GWUzT3.gz,0,0,,,(QS had DR PPs),,2,4,0,,,
broadcast_test,palladium,ls-id-log-20160511152557.log.9zQDPj.gz,0,0,,,(QS had DR PPs),,2,4,0,,,
broadcast_test,phosphorus,ls-id-log-20160510043701.log.Vfdht2.gz,0,0,,,(QS had DR PPs),,2,4,0,,,
broadcast_test,platinum,ls-id-log-20160511014115.log.vvzihT.gz,0,0,,,(QS had DR PPs),,2,4,0,,,
broadcast_test,potassium,ls-id-log-20160511025730.log.o4VjiQ.gz,0,0,,,(QS had DR PPs),,2,4,0,,,
broadcast_test,praseodymium,ls-id-log-20160511180721.log.HVCO1i.gz,0,0,,,(QS had DR PPs),,2,4,0,,,
broadcast_test,promethium,ls-id-log-20160511085616.log.iUpqOz.gz,0,0,,,(QS had DR PPs),,2,4,0,,,
broadcast_test,rhenium,ls-id-log-20160511064918.log.RWntbi.gz,0,0,,,(QS had DR PPs),,2,4,0,,,
broadcast_test,rhodium,ls-id-log-20160510223237.log.pX4F4t.gz,0,0,,,(QS had DR PPs),,2,4,0,,,
broadcast_test,rubidium,ls-id-log-20160510223358.log.bnoZUP.gz,0,0,,,(QS had DR PPs),,2,4,0,,,
broadcast_test,ruthenium,ls-id-log-20160511011614.log.f5Xll6.gz,0,0,,,(QS had DR PPs),,2,4,0,,,
broadcast_test,samarium,ls-id-log-20160510203714.log.MF6QAf.gz,0,0,,,(QS had DR PPs),,2,4,0,,,
broadcast_test,scandium,ls-id-log-20160509233208.log.LIjScy.gz,0,0,,,(QS had DR PPs),,2,4,1,,,
broadcast_test,selenium,ls-id-log-20160511013356.log.BmpJuu.gz,0,0,,,(QS had DR PPs),,2,4,0,,,
broadcast_test,silicon,ls-id-log-20160511180842.log.QmexW9.gz,1,0,20498338,46785818,,,2,3,2,,,
broadcast_test,silver,ls-id-log-20160510214854.log.8ofcVx.gz,0,0,,,(QS had DR PPs),,2,4,0,,,
broadcast_test,sodium,ls-id-log-20160504104336.log.WByilC.gz,0,0,,,(QS had DR PPs),,2,4,2,,,
broadcast_test,strontium,ls-id-log-20160510094304.log.3iNNHw.gz,0,0,,,(QS had DR PPs),,2,4,0,,,
broadcast_test,sulfur,ls-id-log-20160511002142.log.Likzsa.gz,0,0,,,(QS had DR PPs),,2,3,6,,,
broadcast_test,tantalum,ls-id-log-20160510233730.log.VpsrNW.gz,0,0,,,(QS had DR PPs),,2,4,0,,,
broadcast_test,technetium,ls-id-log-20160517062800.log.wEZjrr.gz,1,0,19859345,44700406,,,2,3,0,,,
broadcast_test,tellurium,ls-id-log-20160504063004.log.hLLO6A.gz,0,0,,,(QS had DR PPs),,2,4,0,,,
broadcast_test,terbium,ls-id-log-20160510223117.log.fK3TB4.gz,0,0,,,(QS had DR PPs),,2,4,0,,,
broadcast_test,thulium,ls-id-log-20160504090248.log.NXwXnZ.gz,0,0,,,(QS had DR PPs),,2,4,2,,,
broadcast_test,tin,ls-id-log-20160511164256.log.gkQDor.gz,0,0,,,(QS had DR PPs),,2,4,3,,,
broadcast_test,titanium,ls-id-log-20160511102702.log.EUxOL8.gz,0,0,,,(QS had DR PPs),,0,0,0,,,
broadcast_test,tungsten,ls-id-log-20160512010226.log.YI3JTr.gz,0,1,,,verif,90439447,2,4,0,,,
broadcast_test,vanadium,ls-id-log-20160504092911.log.2aG7pa.gz,0,1,,,verif,58771699,2,4,0,,,
broadcast_test,xenon,ls-id-log-20160511152817.log.u7Ep6D.gz,0,0,,,(QS had DR PPs),,2,3,0,,,
broadcast_test,ytterbium,ls-id-log-20160511142013.log.bGE4D6.gz,0,0,,,(QS had DR PPs),,2,4,0,,,
broadcast_test,yttrium,ls-id-log-20160510144650.log.h2afoc.gz,0,0,,,(QS had DR PPs),,2,4,0,,,
broadcast_test,zinc,ls-id-log-20160510222856.log.UGxqgK.gz,0,0,,,(QS had DR PPs),,2,4,0,,,
broadcast_test,zirconium,ls-id-log-20160510155127.log.nK2aUn.gz,0,1,,,verif,148414758,2,4,0,,,
mutex_test,aluminum,ls-id-log-20151030182605.log.2NMkWn.gz,0,0,,,(QS had DR PPs),,2,4,0,,,
mutex_test,antimony,ls-id-log-20151030161634.log.2YbPsj.gz,0,0,,,(QS had DR PPs),,2,4,0,,,
mutex_test,argon,ls-id-log-20151030181958.log.HJ1TI7.gz,0,0,,,(QS had DR PPs),,2,4,0,,,
mutex_test,arsenic,ls-id-log-20151030161513.log.A5NuHD.gz,0,0,,,(QS had DR PPs),,2,4,0,,,
mutex_test,barium,ls-id-log-20151030145040.log.uvACKV.gz,0,0,,,(QS had DR PPs),,2,4,0,,,
mutex_test,beryllium,ls-id-log-20151030182724.log.8OcQvF.gz,0,0,,,(QS had DR PPs),,2,4,0,,,
mutex_test,boron,ls-id-log-20151030161642.log.NIyvys.gz,0,0,,,(QS had DR PPs),,2,4,0,,,
mutex_test,bromine,ls-id-log-20151030161754.log.iknCqc.gz,0,0,,,(QS had DR PPs),,2,4,0,,,
mutex_test,cadmium,ls-id-log-20151030152344.log.98f3Zw.gz,0,0,,,(QS had DR PPs),,2,4,0,,,
mutex_test,caesium,ls-id-log-20151030161641.log.HG4aXE.gz,0,0,,,(QS had DR PPs),,2,4,0,,,
mutex_test,calcium,ls-id-log-20151030145756.log.eW9qpz.gz,0,0,,,(QS had DR PPs),,2,4,0,,,
mutex_test,carbon,ls-id-log-20151030161512.log.O7f57L.gz,0,0,,,(QS had DR PPs),,2,4,0,,,
mutex_test,cerium,ls-id-log-20151030201527.log.pO0OQf.gz,0,0,,,(QS had DR PPs),,2,4,0,,,
mutex_test,chlorine,ls-id-log-20151030152504.log.XBYl8t.gz,0,0,,,(QS had DR PPs),,2,4,0,,,
mutex_test,chromium,ls-id-log-20151030161635.log.vt4Gqd.gz,0,0,,,(QS had DR PPs),,2,4,0,,,
mutex_test,cobalt,ls-id-log-20151030161520.log.yWoXwo.gz,0,0,,,(QS had DR PPs),,2,4,0,,,
mutex_test,copper,ls-id-log-20151030161520.log.mWu0Kg.gz,0,0,,,(QS had DR PPs),,2,4,0,,,
mutex_test,dysprosium,ls-id-log-20151030145201.log.nws6bD.gz,0,0,,,(QS had DR PPs),,2,4,0,,,
mutex_test,erbium,ls-id-log-20151030161518.log.bZeTYd.gz,0,0,,,(QS had DR PPs),,2,4,0,,,
mutex_test,europium,ls-id-log-20151030182845.log.wjOuhB.gz,0,0,,,(QS had DR PPs),,2,4,0,,,
mutex_test,fluorine,ls-id-log-20151030161640.log.U8p0uk.gz,0,0,,,(QS had DR PPs),,2,4,0,,,
mutex_test,gadolinium,ls-id-log-20151030182603.log.cuLqKD.gz,0,0,,,(QS had DR PPs),,2,4,0,,,
mutex_test,gallium,ls-id-log-20151030161522.log.lXo9Pv.gz,0,0,,,(QS had DR PPs),,2,4,0,,,
mutex_test,germanium,ls-id-log-20151030161515.log.zIibrm.gz,0,0,,,(QS had DR PPs),,2,4,0,,,
mutex_test,gold,ls-id-log-20151030171758.log.OJazk0.gz,0,0,,,(QS had DR PPs),,2,4,0,,,
mutex_test,hafnium,ls-id-log-20151030195010.log.yLVX06.gz,0,0,,,(QS had DR PPs),,2,4,0,,,
mutex_test,helium,ls-id-log-20151030182725.log.ZECrcc.gz,0,0,,,(QS had DR PPs),,2,4,0,,,
mutex_test,holmium,ls-id-log-20151030161517.log.ZrHvVt.gz,0,0,,,(QS had DR PPs),,2,4,0,,,
mutex_test,hydrogen,ls-id-log-20151030161801.log.eb87SS.gz,0,0,,,(QS had DR PPs),,2,4,1,,,
mutex_test,indium,ls-id-log-20151030154632.log.6Nk4g7.gz,0,0,,,(QS had DR PPs),,2,4,0,,,
mutex_test,iodine,ls-id-log-20151030161637.log.VjkMAk.gz,0,0,,,(QS had DR PPs),,2,4,0,,,
mutex_test,iridium,ls-id-log-20151030152941.log.OT0Fns.gz,0,0,,,(QS had DR PPs),,2,4,0,,,
mutex_test,iron,ls-id-log-20151030182845.log.QBM0hw.gz,0,0,,,(QS had DR PPs),,2,4,0,,,
mutex_test,kyrpton,ls-id-log-20151030182724.log.As3a8W.gz,0,0,,,(QS had DR PPs),,2,4,0,,,
mutex_test,lanthanum,ls-id-log-20151030150441.log.mr7Yo6.gz,0,0,,,(QS had DR PPs),,2,4,0,,,
mutex_test,lithium,ls-id-log-20151030161759.log.dNspzD.gz,0,0,,,(QS had DR PPs),,2,4,0,,,
mutex_test,lutetium,ls-id-log-20151030161516.log.1NX52g.gz,0,0,,,(QS had DR PPs),,2,4,0,,,
mutex_test,magnesium,ls-id-log-20151030145203.log.gNgxWs.gz,0,0,,,(QS had DR PPs),,2,4,0,,,
mutex_test,manganese,ls-id-log-20151030161640.log.JaAIIY.gz,0,0,,,(QS had DR PPs),,2,4,0,,,
mutex_test,molybdenum,ls-id-log-20151030160344.log.KN97fD.gz,0,0,,,(QS had DR PPs),,2,4,0,,,
mutex_test,neodymium,ls-id-log-20151030161638.log.ZvBc6x.gz,0,0,,,(QS had DR PPs),,2,4,0,,,
mutex_test,neon,ls-id-log-20151030182845.log.cZQJLS.gz,0,0,,,(QS had DR PPs),,2,4,0,,,
mutex_test,nickel,ls-id-log-20151030152855.log.2b4g28.gz,0,0,,,(QS had DR PPs),,2,4,2,,,
mutex_test,niobium,ls-id-log-20151030161638.log.Q0nnW9.gz,0,0,,,(QS had DR PPs),,2,4,0,,,
mutex_test,nitrogen,ls-id-log-20151030161633.log.ifoJkT.gz,0,0,,,(QS had DR PPs),,2,4,0,,,
mutex_test,osmium,ls-id-log-20151030161633.log.9r05v7.gz,0,0,,,(QS had DR PPs),,2,4,0,,,
mutex_test,oxygen,ls-id-log-20151030161520.log.DmxtqH.gz,0,0,,,(QS had DR PPs),,2,4,0,,,
mutex_test,palladium,ls-id-log-20151030150601.log.yhKqoj.gz,0,0,,,(QS had DR PPs),,2,4,0,,,
mutex_test,phosphorus,ls-id-log-20151030145043.log.0IOf3A.gz,0,0,,,(QS had DR PPs),,2,4,0,,,
mutex_test,platinum,ls-id-log-20151030201405.log.9sFdmt.gz,0,0,,,(QS had DR PPs),,2,4,0,,,
mutex_test,potassium,ls-id-log-20151030161957.log.9kqZOk.gz,0,0,,,(QS had DR PPs),,2,4,0,,,
mutex_test,praseodymium,ls-id-log-20151030182604.log.MmP2h5.gz,0,0,,,(QS had DR PPs),,2,4,0,,,
mutex_test,promethium,ls-id-log-20151030161753.log.Wzhoq1.gz,0,0,,,(QS had DR PPs),,2,4,0,,,
mutex_test,rhenium,ls-id-log-20151030161753.log.s5KpeY.gz,0,0,,,(QS had DR PPs),,2,4,0,,,
mutex_test,rhodium,ls-id-log-20151030150502.log.6yOD2c.gz,0,0,,,(QS had DR PPs),,2,4,0,,,
mutex_test,rubidium,ls-id-log-20151030161758.log.QcyLWz.gz,0,0,,,(QS had DR PPs),,2,4,0,,,
mutex_test,ruthenium,ls-id-log-20151030161803.log.tfjUql.gz,0,0,,,(QS had DR PPs),,2,4,0,,,
mutex_test,samarium,ls-id-log-20151030161755.log.2rIliY.gz,0,0,,,(QS had DR PPs),,2,4,0,,,
mutex_test,scandium,ls-id-log-20151030154512.log.Brf9o4.gz,0,0,,,(QS had DR PPs),,2,4,0,,,
mutex_test,selenium,ls-id-log-20151030145758.log.Ew6hov.gz,0,0,,,(QS had DR PPs),,2,4,0,,,
mutex_test,silicon,ls-id-log-20151030145504.log.Gjhsa6.gz,0,0,,,(QS had DR PPs),,2,4,3,,,
mutex_test,silver,ls-id-log-20151030160504.log.ZiXJxv.gz,0,0,,,(QS had DR PPs),,2,4,0,,,
mutex_test,sodium,ls-id-log-20151030145258.log.cDyKEv.gz,0,0,,,(QS had DR PPs),,2,4,0,,,
mutex_test,strontium,ls-id-log-20151030161519.log.LHPrVO.gz,0,0,,,(QS had DR PPs),,2,4,0,,,
mutex_test,sulfur,ls-id-log-20151030194849.log.vDkjCL.gz,0,0,,,(QS had DR PPs),,2,4,0,,,
mutex_test,tantalum,ls-id-log-20151030153101.log.SIEuCO.gz,0,0,,,(QS had DR PPs),,2,4,0,,,
mutex_test,technetium,ls-id-log-20151030161517.log.pKVtTA.gz,0,0,,,(QS had DR PPs),,2,4,0,,,
mutex_test,tellurium,ls-id-log-20151030145343.log.FSk4va.gz,0,0,,,(QS had DR PPs),,2,4,0,,,
mutex_test,terbium,ls-id-log-20151030161800.log.lPPP9h.gz,0,0,,,(QS had DR PPs),,2,4,0,,,
mutex_test,thulium,ls-id-log-20151030150341.log.fv7Jtf.gz,0,0,,,(QS had DR PPs),,2,4,0,,,
mutex_test,tin,ls-id-log-20151030161759.log.gdThn6.gz,0,0,,,(QS had DR PPs),,2,4,1,,,
mutex_test,titanium,ls-id-log-20151030161637.log.dMsXuo.gz,0,0,,,(QS had DR PPs),,2,4,0,,,
mutex_test,tungsten,ls-id-log-20151030171956.log.yUI9ST.gz,0,0,,,(QS had DR PPs),,2,4,0,,,
mutex_test,vanadium,ls-id-log-20151030145305.log.FASPaL.gz,0,0,,,(QS had DR PPs),,2,4,0,,,
mutex_test,xenon,ls-id-log-20151030161514.log.BssVVc.gz,0,0,,,(QS had DR PPs),,2,4,0,,,
mutex_test,ytterbium,ls-id-log-20151030161639.log.wwjbH9.gz,0,0,,,(QS had DR PPs),,2,4,0,,,
mutex_test,yttrium,ls-id-log-20151030161635.log.7n3Vt0.gz,0,0,,,(QS had DR PPs),,2,4,0,,,
mutex_test,zinc,ls-id-log-20151030144015.log.QUTWVT.gz,1,0,19720600,44127189,,,2,3,0,,,
mutex_test,zirconium,ls-id-log-20151030161514.log.rpS98l.gz,0,0,,,(QS had DR PPs),,2,4,0,,,
paradise_lost (aka sem),aluminum,ls-id-log-20160510203834.log.rXijbh.gz,0,0,,,(QS had DR PPs),,2,4,1,,,
paradise_lost (aka sem),antimony,ls-id-log-20160513000454.log.uhDgmF.gz,0,0,,,(QS had DR PPs),,0,1,1,,,
paradise_lost (aka sem),argon,ls-id-log-20160510094310.log.Te4tkG.gz,0,0,,,(QS had DR PPs),,2,4,0,,,
paradise_lost (aka sem),arsenic,ls-id-log-20160513015016.log.JAKsAz.gz,1,0,24891605,66981742,,,1,2,2,,,
paradise_lost (aka sem),barium,ls-id-log-20160510122355.log.zkKSl7.gz,0,0,,,(QS had DR PPs),,0,1,1,,,
paradise_lost (aka sem),beryllium,ls-id-log-20160511231612.log.x2M5pt.gz,0,0,,,(QS had DR PPs),,0,1,0,,,
paradise_lost (aka sem),boron,ls-id-log-20160510225221.log.XVTP3i.gz,0,0,,,(QS had DR PPs),,2,3,0,,,
paradise_lost (aka sem),bromine,ls-id-log-20160510214031.log.VjSdqO.gz,0,0,,,(QS had DR PPs),,2,4,0,,,
paradise_lost (aka sem),cadmium,ls-id-log-20160510070921.log.MTAsjl.gz,0,0,,,(QS had DR PPs),,2,3,0,,,
paradise_lost (aka sem),caesium,ls-id-log-20160511065421.log.laUXih.gz,0,0,,,(QS had DR PPs),,2,3,0,,,
paradise_lost (aka sem),calcium,ls-id-log-20160510225730.log.4oUax3.gz,0,0,,,(QS had DR PPs),,2,4,0,,,
paradise_lost (aka sem),carbon,ls-id-log-20160510160420.log.qlh42K.gz,0,0,,,(QS had DR PPs),,0,1,9,,,
paradise_lost (aka sem),cerium,ls-id-log-20160510180651.log.pEYdFm.gz,0,0,,,(QS had DR PPs),,2,3,0,,,
paradise_lost (aka sem),chlorine,ls-id-log-20160511025100.log.meluwG.gz,0,0,,,(QS had DR PPs),,0,1,0,,,
paradise_lost (aka sem),chromium,ls-id-log-20160512080701.log.AtQyVU.gz,0,0,,,(this timed out),,1,2,0,,,
paradise_lost (aka sem),cobalt,ls-id-log-20160511131337.log.C1LdVr.gz,0,0,,,(QS had DR PPs),,2,3,0,,,
paradise_lost (aka sem),copper,ls-id-log-20160511025205.log.YVhxO2.gz,0,0,,,(QS had DR PPs),,2,3,0,,,
paradise_lost (aka sem),dysprosium,ls-id-log-20160511092444.log.zkeVbE.gz,0,0,,,(QS had DR PPs),,2,3,0,,,
paradise_lost (aka sem),erbium,ls-id-log-20160510200944.log.FKZVfU.gz,0,0,,,(QS had DR PPs),,2,3,0,,,
paradise_lost (aka sem),europium,ls-id-log-20160512010707.log.rj2D0O.gz,0,0,,,(this timed out),,0,1,45,,,
paradise_lost (aka sem),fluorine,ls-id-log-20160511235337.log.ZwqrX9.gz,0,0,,,(QS had DR PPs),,0,1,0,,,
paradise_lost (aka sem),gadolinium,ls-id-log-20160511142134.log.4JcRAJ.gz,0,0,,,(QS had DR PPs),,0,1,0,,,
paradise_lost (aka sem),gallium,ls-id-log-20160511160559.log.zQZ9bS.gz,0,0,,,(QS had DR PPs),,0,1,0,,,
paradise_lost (aka sem),germanium,ls-id-log-20160510152340.log.HIOPEb.gz,0,0,,,(QS had DR PPs),,0,1,0,,,
paradise_lost (aka sem),gold,ls-id-log-20160510224127.log.tVuwvN.gz,0,0,,,(QS had DR PPs),,2,4,4,,,
paradise_lost (aka sem),hafnium,ls-id-log-20160510215115.log.VGbaa9.gz,0,0,,,(QS had DR PPs),,2,3,0,,,
paradise_lost (aka sem),helium,ls-id-log-20160510070929.log.x9W2Hj.gz,0,1,,,verif-despite-malloc-recycles,319404928,2,4,8,,,
paradise_lost (aka sem),holmium,ls-id-log-20160511043739.log.Xczx5D.gz,0,0,,,(QS had DR PPs),,0,1,0,,,
paradise_lost (aka sem),hydrogen,ls-id-log-20160510195251.log.xIBcdp.gz,0,0,,,(this timed out),,0,1,3,,,
paradise_lost (aka sem),indium,ls-id-log-20160511085836.log.O6kiNn.gz,0,0,,,(QS had DR PPs),,0,0,0,,,
paradise_lost (aka sem),iodine,ls-id-log-20160509233214.log.985ggZ.gz,0,0,,,(QS had DR PPs),,0,1,19,,,
paradise_lost (aka sem),iridium,ls-id-log-20160511154521.log.0DNI5e.gz,0,0,,,(QS had DR PPs),,2,3,0,,,
paradise_lost (aka sem),iron,ls-id-log-20160511013235.log.akP2cm.gz,1,0,21067300,51786070,,,2,4,0,,,
paradise_lost (aka sem),kyrpton,ls-id-log-20160511052245.log.MaTZjl.gz,0,0,,,(QS had DR PPs),,2,4,0,,,
paradise_lost (aka sem),lanthanum,ls-id-log-20160511175814.log.mlfFUr.gz,1,0,18346454,39867773,,,2,3,0,,,
paradise_lost (aka sem),lithium,ls-id-log-20160510070926.log.9sNshw.gz,0,0,,,(QS had DR PPs),,1,2,0,,,
paradise_lost (aka sem),lutetium,ls-id-log-20160510171457.log.azUWWF.gz,0,0,,,(QS had DR PPs),,1,2,0,,,
paradise_lost (aka sem),magnesium,ls-id-log-20160511043056.log.Q1tOOO.gz,0,0,,,(QS had DR PPs),,2,4,0,,,
paradise_lost (aka sem),manganese,ls-id-log-20160512033331.log.sU2YhY.gz,0,0,,,(QS had DR PPs),,2,3,0,,,
paradise_lost (aka sem),molybdenum,ls-id-log-20160511081250.log.8AN5GZ.gz,0,0,,,(QS had DR PPs),,0,1,2,,,
paradise_lost (aka sem),neodymium,ls-id-log-20160517092800.log.N6qqIR.gz,0,0,,,(QS had DR PPs),,2,3,0,,,
paradise_lost (aka sem),neon,ls-id-log-20160510233610.log.hU2amt.gz,1,0,21476288,52680731,,,0,1,4,,,
paradise_lost (aka sem),nickel,ls-id-log-20160510172222.log.lVi3c1.gz,0,0,,,(QS had DR PPs),,0,0,9,,,
paradise_lost (aka sem),niobium,ls-id-log-20160510043701.log.I8efCi.gz,0,0,,,(QS had DR PPs),,2,3,0,,,
paradise_lost (aka sem),nitrogen,ls-id-log-20160511052124.log.GdGm2d.gz,0,0,,,(QS had DR PPs),,2,4,0,,,
paradise_lost (aka sem),osmium,ls-id-log-20160510144633.log.nBRj63.gz,1,0,18232123,38837909,,,0,1,0,,,
paradise_lost (aka sem),oxygen,ls-id-log-20160511002032.log.q78NnV.gz,0,0,,,(QS had DR PPs),,0,1,0,,,
paradise_lost (aka sem),palladium,ls-id-log-20160510153628.log.D61aiu.gz,0,0,,,(QS had DR PPs),,2,3,0,,,
paradise_lost (aka sem),phosphorus,ls-id-log-20160511192453.log.8sRJRg.gz,1,0,33507633,100932498,,,1,2,0,,,
paradise_lost (aka sem),platinum,ls-id-log-20160511104313.log.Kuyh53.gz,0,0,,,(QS had DR PPs),,1,2,0,,,
paradise_lost (aka sem),potassium,ls-id-log-20160510100508.log.vCdvDz.gz,0,0,,,(QS had DR PPs),,0,1,0,,,
paradise_lost (aka sem),praseodymium,ls-id-log-20160512010147.log.5bN8vM.gz,0,0,,,(QS had DR PPs),,2,3,0,,,
paradise_lost (aka sem),promethium,ls-id-log-20160511005739.log.a9W8uI.gz,0,0,,,(QS had DR PPs),,0,1,0,,,
paradise_lost (aka sem),rhenium,ls-id-log-20160510194519.log.eJuXWE.gz,0,0,,,(QS had DR PPs),,2,3,0,,,
paradise_lost (aka sem),rhodium,ls-id-log-20160510124253.log.vRMyZR.gz,0,0,,,(QS had DR PPs),,2,4,0,,,
paradise_lost (aka sem),rubidium,ls-id-log-20160511110032.log.ey77Mk.gz,0,0,,,(QS had DR PPs),,2,3,0,,,
paradise_lost (aka sem),ruthenium,ls-id-log-20160512022621.log.jw9p6c.gz,1,0,21879378,54054579,,,0,1,0,,,
paradise_lost (aka sem),samarium,ls-id-log-20160512231632.log.fS7aAg.gz,0,0,,,(QS had DR PPs),,0,1,0,,,
paradise_lost (aka sem),scandium,ls-id-log-20160511024540.log.06u5pV.gz,0,0,,,(QS had DR PPs),,2,4,0,,,
paradise_lost (aka sem),selenium,ls-id-log-20160509233215.log.C8gYRC.gz,0,0,,,(QS had DR PPs),,0,1,0,,,
paradise_lost (aka sem),silicon,ls-id-log-20160512030612.log.oVvy3a.gz,0,0,,,(QS had DR PPs),,0,1,23,,,
paradise_lost (aka sem),silver,ls-id-log-20160512130754.log.YwqKVO.gz,0,0,,,(QS had DR PPs),,2,3,0,,,
paradise_lost (aka sem),sodium,ls-id-log-20160513042039.log.p1KuUC.gz,0,0,,,(QS had DR PPs),,0,1,3,,,
paradise_lost (aka sem),strontium,ls-id-log-20160510233349.log.arIHNt.gz,0,0,,,(QS had DR PPs),,2,4,4,,,
paradise_lost (aka sem),sulfur,ls-id-log-20160512020900.log.ShwQfB.gz,0,0,,,(QS had DR PPs),,2,3,0,,,
paradise_lost (aka sem),tantalum,ls-id-log-20160511064903.log.gBkG78.gz,1,0,3648057205,14557794087,,,0,1,0,,,
paradise_lost (aka sem),technetium,ls-id-log-20160509233218.log.iYst8A.gz,0,0,,,(QS had DR PPs),,0,1,9,,,
paradise_lost (aka sem),tellurium,ls-id-log-20160511203118.log.tDUEdb.gz,0,0,,,(QS had DR PPs),,1,2,0,,,
paradise_lost (aka sem),terbium,ls-id-log-20160511044654.log.OuEbFB.gz,0,0,,,(QS had DR PPs),,2,4,2,,,
paradise_lost (aka sem),thulium,ls-id-log-20160510180456.log.Gcxu3e.gz,0,0,,,(QS had DR PPs),,2,4,0,,,
paradise_lost (aka sem),tin,ls-id-log-20160511221921.log.7i0juo.gz,0,0,,,(QS had DR PPs),,0,0,5,,,
paradise_lost (aka sem),titanium,ls-id-log-20160511000415.log.zZlu1F.gz,1,0,418370555,1640436000,,,0,1,0,,,
paradise_lost (aka sem),tungsten,ls-id-log-20160511171141.log.hVT0gr.gz,0,0,,,(QS had DR PPs),,0,1,0,,,
paradise_lost (aka sem),vanadium,ls-id-log-20160511231226.log.iUmDDI.gz,1,0,26952795,65912404,,,2,3,0,,,
paradise_lost (aka sem),xenon,ls-id-log-20160511204040.log.CwrbQJ.gz,0,0,,,(QS had DR PPs),,1,2,0,,,
paradise_lost (aka sem),ytterbium,ls-id-log-20160513065102.log.IhMfeX.gz,0,0,,,(QS had DR PPs),,2,3,0,,,
paradise_lost (aka sem),yttrium,ls-id-log-20160511233836.log.6MsRlm.gz,0,0,,,(QS had DR PPs),,0,1,0,,,
paradise_lost (aka sem),zinc,ls-id-log-20160510094151.log.qRHmpT.gz,1,0,48161525,144992537,,,2,3,0,,,
paradise_lost (aka sem),zirconium,ls-id-log-20160510121343.log.RU2Les.gz,0,0,,,(this timed out),,0,1,0,,,
paraguay (aka signal),aluminum,ls-id-log-20160511070803.log.qyWkFZ.gz,0,0,,,(QS had DR PPs),,2,3,3,,,
paraguay (aka signal),antimony,ls-id-log-20160509233219.log.ipjsNS.gz,0,0,,,(QS had DR PPs),,2,3,8,,,
paraguay (aka signal),argon,ls-id-log-20160510171941.log.vC1Mf4.gz,0,1,,,verif-despite-malloc-recycles,62611713,2,4,1,,,
paraguay (aka signal),arsenic,ls-id-log-20160510144430.log.4LcP2l.gz,1,0,18769803,42717404,,,2,3,1,,,
paraguay (aka signal),barium,ls-id-log-20160511062552.log.ruWVSS.gz,0,0,,,(QS had DR PPs),,2,3,5,,,
paraguay (aka signal),beryllium,ls-id-log-20160511210811.log.cuFm7O.gz,0,0,,,(QS had DR PPs),,2,3,0,,,
paraguay (aka signal),boron,ls-id-log-20160509233210.log.gLSsyc.gz,0,0,,,(QS had DR PPs),,2,4,0,,,
paraguay (aka signal),bromine,ls-id-log-20160510043658.log.obxVJh.gz,0,0,,,(QS had DR PPs),,2,4,0,,,
paraguay (aka signal),cadmium,ls-id-log-20160513064903.log.jnvCym.gz,0,0,,,(QS had DR PPs),,2,3,0,,,
paraguay (aka signal),caesium,ls-id-log-20160513023517.log.c1jwEb.gz,0,0,,,(QS had DR PPs),,2,4,1,,,
paraguay (aka signal),calcium,ls-id-log-20160513014656.log.IO1qwA.gz,0,0,,,(QS had DR PPs),,2,4,0,,,
paraguay (aka signal),carbon,ls-id-log-20160511222643.log.fVTKgj.gz,0,0,,,(QS had DR PPs),,2,3,0,,,
paraguay (aka signal),cerium,ls-id-log-20160511121952.log.zyXwEx.gz,0,0,,,(QS had DR PPs),,2,4,0,,,
paraguay (aka signal),chlorine,ls-id-log-20160511180055.log.RoNKug.gz,0,0,,,(QS had DR PPs),,2,3,0,,,
paraguay (aka signal),chromium,ls-id-log-20160511042452.log.ubL1gZ.gz,0,1,,,verif-despite-malloc-recycles,1338454629,2,4,2,,,
paraguay (aka signal),cobalt,ls-id-log-20160510070918.log.KkQG6p.gz,0,0,,,(QS had DR PPs),,2,4,0,,,
paraguay (aka signal),copper,ls-id-log-20160510144406.log.7bg3P7.gz,0,0,,,(QS had DR PPs),,2,4,0,,,
paraguay (aka signal),dysprosium,ls-id-log-20160510160923.log.7DP9qR.gz,0,0,,,(QS had DR PPs),,2,4,0,,,
paraguay (aka signal),erbium,ls-id-log-20160511231025.log.dsyXgI.gz,0,0,,,(QS had DR PPs),,2,4,0,,,
paraguay (aka signal),europium,ls-id-log-20160513012756.log.zDieNX.gz,0,0,,,(this timed out),,2,3,11,,,
paraguay (aka signal),fluorine,ls-id-log-20160511112901.log.S9B9aZ.gz,0,0,,,(QS had DR PPs),,2,3,0,,,
paraguay (aka signal),gadolinium,ls-id-log-20160510144754.log.yy1I8h.gz,0,0,,,(QS had DR PPs),,2,3,0,,,
paraguay (aka signal),gallium,ls-id-log-20160512103729.log.BM0qhL.gz,0,0,,,(QS had DR PPs),,1,2,2,,,
paraguay (aka signal),germanium,ls-id-log-20160510020442.log.3NQpse.gz,1,0,1916679939,4137536530,,,2,4,0,,,
paraguay (aka signal),gold,ls-id-log-20160511231105.log.UamaZU.gz,0,0,,,(QS had DR PPs),,2,4,0,,,
paraguay (aka signal),hafnium,ls-id-log-20160510121408.log.NxMKv8.gz,0,0,,,(QS had DR PPs),,2,3,7,,,
paraguay (aka signal),helium,ls-id-log-20160512030452.log.HwAwBV.gz,0,1,,,verif-despite-malloc-recycles,98859506,2,4,3,,,
paraguay (aka signal),holmium,ls-id-log-20160510070926.log.ZWEU8e.gz,0,0,,,(QS had DR PPs),,2,3,0,,,
paraguay (aka signal),hydrogen,ls-id-log-20160510221543.log.lyjfFh.gz,0,0,,,(QS had DR PPs),,2,4,2,,,
paraguay (aka signal),indium,ls-id-log-20160512014634.log.2NL3pl.gz,0,0,,,(QS had DR PPs),,1,2,0,,,
paraguay (aka signal),iodine,ls-id-log-20160511115628.log.Kv6BDX.gz,0,0,,,(QS had DR PPs),,2,3,35,,,
paraguay (aka signal),iridium,ls-id-log-20160510214533.log.Fb9a1o.gz,0,0,,,(QS had DR PPs),,2,4,3,,,
paraguay (aka signal),iron,ls-id-log-20160511093826.log.haYGcc.gz,1,0,18070096,38630123,,,2,4,2,,,
paraguay (aka signal),kyrpton,ls-id-log-20160510043703.log.GbteaQ.gz,0,0,,,(QS had DR PPs),,2,3,0,,,
paraguay (aka signal),lanthanum,ls-id-log-20160510020437.log.q3qBUa.gz,1,0,20520165,46992794,,,2,2,0,,,
paraguay (aka signal),lithium,ls-id-log-20160510222204.log.h9q9KH.gz,0,0,,,(QS had DR PPs),,2,3,0,,,
paraguay (aka signal),lutetium,ls-id-log-20160511204547.log.sx4tgO.gz,0,0,,,(QS had DR PPs),,2,3,9,,,
paraguay (aka signal),magnesium,ls-id-log-20160512033210.log.pTpB8P.gz,0,0,,,(QS had DR PPs),,2,4,2,,,
paraguay (aka signal),manganese,ls-id-log-20160510095006.log.yJbTfH.gz,0,1,,,verif-despite-malloc-recycles,2511930160,2,4,2,,,
paraguay (aka signal),molybdenum,ls-id-log-20160511012244.log.4wGnko.gz,0,1,,,verif-despite-malloc-recycles,9900155512,2,4,4,,,
paraguay (aka signal),neodymium,ls-id-log-20160512022741.log.zJyyzz.gz,0,0,,,(QS had DR PPs),,2,4,1,,,
paraguay (aka signal),neon,ls-id-log-20160512064314.log.wBdcD7.gz,0,0,,,(QS had DR PPs),,2,3,0,,,
paraguay (aka signal),nickel,ls-id-log-20160511084525.log.QO0NGX.gz,0,0,,,(QS had DR PPs),,2,3,15,,,
paraguay (aka signal),niobium,ls-id-log-20160510094148.log.n0OtYF.gz,0,0,,,(QS had DR PPs),,2,4,0,,,
paraguay (aka signal),nitrogen,ls-id-log-20160511142652.log.YAnp5s.gz,0,0,,,(QS had DR PPs),,2,4,0,,,
paraguay (aka signal),osmium,ls-id-log-20160512231634.log.sWXrd4.gz,0,0,,,(QS had DR PPs),,2,4,0,,,
paraguay (aka signal),oxygen,ls-id-log-20160510175524.log.nyQzOK.gz,0,0,,,(QS had DR PPs),,2,3,0,,,
paraguay (aka signal),palladium,ls-id-log-20160510195027.log.yKzlae.gz,0,0,,,(QS had DR PPs),,2,3,3,,,
paraguay (aka signal),phosphorus,ls-id-log-20160510202547.log.DbqSsv.gz,0,0,,,(QS had DR PPs),,2,3,0,,,
paraguay (aka signal),platinum,ls-id-log-20160510020437.log.lpwfUJ.gz,0,0,,,(QS had DR PPs),,2,3,0,,,
paraguay (aka signal),potassium,ls-id-log-20160511041840.log.c4JFWX.gz,0,0,,,(QS had DR PPs),,2,3,0,,,
paraguay (aka signal),praseodymium,ls-id-log-20160512000553.log.zi3GXN.gz,0,0,,,(QS had DR PPs),,2,4,0,,,
paraguay (aka signal),promethium,ls-id-log-20160510133237.log.wyoLyc.gz,0,0,,,(QS had DR PPs),,2,3,0,,,
paraguay (aka signal),rhenium,ls-id-log-20160510224006.log.zHUp7C.gz,1,0,45704644,128071585,,,2,3,4,,,
paraguay (aka signal),rhodium,ls-id-log-20160511175840.log.DfXI53.gz,0,0,,,(QS had DR PPs),,2,4,0,,,
paraguay (aka signal),rubidium,ls-id-log-20160510074059.log.WNY7ic.gz,0,0,,,(QS had DR PPs),,2,3,0,,,
paraguay (aka signal),ruthenium,ls-id-log-20160510043706.log.FJuZyw.gz,0,0,,,(QS had DR PPs),,2,3,0,,,
paraguay (aka signal),samarium,ls-id-log-20160511014817.log.7lFmUN.gz,0,0,,,(QS had DR PPs),,2,3,0,,,
paraguay (aka signal),scandium,ls-id-log-20160512001857.log.DlZKv4.gz,0,0,,,(QS had DR PPs),,2,4,0,,,
paraguay (aka signal),selenium,ls-id-log-20160511083009.log.S5oS8O.gz,0,0,,,(QS had DR PPs),,2,3,0,,,
paraguay (aka signal),silicon,ls-id-log-20160511183627.log.u35nYK.gz,0,0,,,(QS had DR PPs),,1,2,5,,,
paraguay (aka signal),silver,ls-id-log-20160510123532.log.uODhTk.gz,0,0,,,(QS had DR PPs),,2,4,0,,,
paraguay (aka signal),sodium,ls-id-log-20160511091927.log.uptZIu.gz,0,0,,,(QS had DR PPs),,2,3,2,,,
paraguay (aka signal),strontium,ls-id-log-20160510182522.log.anEEGb.gz,0,0,,,(QS had DR PPs),,2,4,0,,,
paraguay (aka signal),sulfur,ls-id-log-20160510121411.log.FCNFLC.gz,0,0,,,(QS had DR PPs),,2,3,6,,,
paraguay (aka signal),tantalum,ls-id-log-20160510222434.log.kIoOy7.gz,0,0,,,(QS had DR PPs),,0,0,0,,,
paraguay (aka signal),technetium,ls-id-log-20160510183138.log.drqHRs.gz,0,0,,,(QS had DR PPs),,1,2,15,,,
paraguay (aka signal),tellurium,ls-id-log-20160511173655.log.8FJu5V.gz,0,0,,,(QS had DR PPs),,2,3,0,,,
paraguay (aka signal),terbium,ls-id-log-20160511144234.log.HoZ7Lr.gz,0,0,,,(QS had DR PPs),,2,4,3,,,
paraguay (aka signal),thulium,ls-id-log-20160511001136.log.vz9Tbc.gz,0,0,,,(QS had DR PPs),,2,4,5,,,
paraguay (aka signal),tin,ls-id-log-20160510132155.log.QjnWc8.gz,0,0,,,(QS had DR PPs),,2,4,3,,,
paraguay (aka signal),titanium,ls-id-log-20160510172000.log.MIy0dF.gz,0,0,,,(QS had DR PPs),,0,0,0,,,
paraguay (aka signal),tungsten,ls-id-log-20160510172601.log.UA7dPq.gz,0,1,,,verif-despite-malloc-recycles,4365859209,2,4,2,,,
paraguay (aka signal),vanadium,ls-id-log-20160511154119.log.vgIVHk.gz,0,1,,,verif-despite-malloc-recycles,5549776562,2,4,3,,,
paraguay (aka signal),xenon,ls-id-log-20160511123607.log.hbtX2Q.gz,0,0,,,(QS had DR PPs),,0,1,0,,,
paraguay (aka signal),ytterbium,ls-id-log-20160511231347.log.h09WYS.gz,0,0,,,(QS had DR PPs),,2,4,0,,,
paraguay (aka signal),yttrium,ls-id-log-20160511140945.log.hGaUXM.gz,0,0,,,(QS had DR PPs),,0,1,0,,,
paraguay (aka signal),zinc,ls-id-log-20160510163944.log.66FXwJ.gz,0,0,,,(QS had DR PPs),,2,3,0,,,
paraguay (aka signal),zirconium,ls-id-log-20160511025216.log.CrAZhS.gz,0,1,,,verif,13049982341,2,4,0,,,
priority-sema (aka sched),algeria,ls-id-log-20151106060202.log.MCCE8e.gz,0,0,,,"(this completed, but QS had DR PPs)",,4,6,0,,,
priority-sema (aka sched),angola,ls-id-log-20151106110510.log.qm0kxf.gz,0,0,,,"(this completed, but QS had DR PPs)",,4,6,0,,,
priority-sema (aka sched),argentina,ls-id-log-20151106102733.log.82qCsn.gz,0,0,,,(QS had DR PPs),,4,5,0,,,
priority-sema (aka sched),australia,ls-id-log-20151106022609.log.whf8pZ.gz,0,0,,,"(this completed, but QS had DR PPs)",,4,6,0,,,
priority-sema (aka sched),benelux,ls-id-log-20151106022613.log.jb65ra.gz,0,0,,,"(this completed, but QS had DR PPs)",,4,6,0,,,
priority-sema (aka sched),bolivia,ls-id-log-20151106022611.log.XS1E3k.gz,0,0,,,"(this completed, but QS had DR PPs)",,4,6,0,,,
priority-sema (aka sched),botswana,ls-id-log-20151106102411.log.lBzKud.gz,0,0,,,"(this completed, but QS had DR PPs)",,4,6,0,,,
priority-sema (aka sched),brazil,ls-id-log-20151106074544.log.ZYj8mJ.gz,0,1,,,verif,821587689,4,6,0,,,
priority-sema (aka sched),bulgaria,ls-id-log-20151106075256.log.pnbAsg.gz,0,0,,,"(this completed, but QS had DR PPs)",,4,6,0,,,
priority-sema (aka sched),burma,ls-id-log-20151106071853.log.W9WyTF.gz,0,0,,,"(this completed, but QS had DR PPs)",,4,6,0,,,
priority-sema (aka sched),cameroon,ls-id-log-20151106102130.log.G9PL2b.gz,0,0,,,"(this completed, but QS had DR PPs)",,4,6,0,,,
priority-sema (aka sched),chile,ls-id-log-20151106065232.log.7gxUge.gz,0,0,,,"(this completed, but QS had DR PPs)",,4,6,0,,,
priority-sema (aka sched),costarica,ls-id-log-20151106022444.log.4UrOwB.gz,0,0,,,"(this completed, but QS had DR PPs)",,4,6,0,,,
priority-sema (aka sched),cuba,ls-id-log-20151106102651.log.3r80aw.gz,0,0,,,"(this completed, but QS had DR PPs)",,4,6,0,,,
priority-sema (aka sched),czechoslovakia,ls-id-log-20151106105235.log.JRun0U.gz,0,0,,,"(this completed, but QS had DR PPs)",,4,6,0,,,
priority-sema (aka sched),denmark,ls-id-log-20151106053640.log.1NVp1j.gz,0,0,,,"(this completed, but QS had DR PPs)",,4,6,0,,,
priority-sema (aka sched),eastgermany,ls-id-log-20151106054426.log.VLWOy6.gz,0,0,,,"(this completed, but QS had DR PPs)",,4,6,0,,,
priority-sema (aka sched),ecuador,ls-id-log-20151106045642.log.Rq2JfJ.gz,0,0,,,"(this completed, but QS had DR PPs)",,4,6,0,,,
priority-sema (aka sched),egypt,ls-id-log-20151106113032.log.Nq9ciY.gz,0,0,,,"(this completed, but QS had DR PPs)",,4,6,0,,,
priority-sema (aka sched),finland,ls-id-log-20151106125757.log.sEp3ID.gz,0,0,,,"(this completed, but QS had DR PPs)",,4,6,0,,,
priority-sema (aka sched),france,ls-id-log-20151106051106.log.UAlwTH.gz,0,0,,,"(this completed, but QS had DR PPs)",,4,6,0,,,
priority-sema (aka sched),guatemala,ls-id-log-20151106052656.log.cvA86P.gz,0,0,,,"(this completed, but QS had DR PPs)",,4,6,0,,,
priority-sema (aka sched),haiti,ls-id-log-20151106052033.log.FNI00u.gz,0,0,,,"(this completed, but QS had DR PPs)",,4,6,0,,,
priority-sema (aka sched),honduras,ls-id-log-20151106053442.log.DCXvgH.gz,0,0,,,"(this completed, but QS had DR PPs)",,4,6,0,,,
priority-sema (aka sched),india,ls-id-log-20151106072414.log.Y7jQ1b.gz,0,0,,,"(this completed, but QS had DR PPs)",,4,6,0,,,
priority-sema (aka sched),indonesia,ls-id-log-20151106130419.log.aG4Hm0.gz,0,0,,,"(this completed, but QS had DR PPs)",,4,6,0,,,
priority-sema (aka sched),iran,ls-id-log-20151106090608.log.h46KGR.gz,0,0,,,"(this completed, but QS had DR PPs)",,4,6,0,,,
priority-sema (aka sched),iraq,ls-id-log-20151106023232.log.VjFOtT.gz,0,0,,,"(this completed, but QS had DR PPs)",,4,6,0,,,
priority-sema (aka sched),israel,ls-id-log-20151106083038.log.7DbVet.gz,0,0,,,"(this completed, but QS had DR PPs)",,4,6,0,,,
priority-sema (aka sched),italy,ls-id-log-20151106072935.log.UojVtA.gz,0,0,,,"(this completed, but QS had DR PPs)",,4,6,0,,,
priority-sema (aka sched),ivorycoast,ls-id-log-20151106025634.log.UNbYly.gz,1,0,20796917,48063165,,,4,5,0,bugtype KERNEL PANIC: ../../threads/thread.c:616: assertion `t->magic == THREAD_MAGIC' failed.,,
priority-sema (aka sched),japan,ls-id-log-20151106101949.log.52aHMd.gz,0,0,,,"(this completed, but QS had DR PPs)",,4,6,0,,,
priority-sema (aka sched),malaysia,ls-id-log-20151106022608.log.EGVF3w.gz,0,0,,,"(this completed, but QS had DR PPs)",,4,6,0,,,
priority-sema (aka sched),mexico,ls-id-log-20151106063148.log.SDykvU.gz,0,0,,,"(this completed, but QS had DR PPs)",,4,6,0,,,
priority-sema (aka sched),morocco,ls-id-log-20151106111832.log.Hu5MkI.gz,0,0,,,"(this completed, but QS had DR PPs)",,4,6,0,,,
priority-sema (aka sched),nicaragua,ls-id-log-20151106114116.log.dU0jnX.gz,0,0,,,"(this completed, but QS had DR PPs)",,4,6,0,,,
priority-sema (aka sched),nigeria,ls-id-log-20151106064811.log.vFY2H2.gz,0,0,,,"(this completed, but QS had DR PPs)",,4,6,0,,,
priority-sema (aka sched),northkorea,ls-id-log-20151106081311.log.9Y6EZG.gz,0,0,,,"(this completed, but QS had DR PPs)",,4,6,0,,,
priority-sema (aka sched),norway,ls-id-log-20151106094203.log.1Ml6Ri.gz,0,0,,,"(this completed, but QS had DR PPs)",,4,6,0,,,
priority-sema (aka sched),pakistan,ls-id-log-20151106080849.log.hcmLXI.gz,0,0,,,"(this completed, but QS had DR PPs)",,4,6,0,,,
priority-sema (aka sched),panama,ls-id-log-20151106053904.log.w3AWF4.gz,0,0,,,"(this completed, but QS had DR PPs)",,4,6,0,,,
priority-sema (aka sched),paraguay,ls-id-log-20151106065653.log.dp7fn7.gz,0,0,,,"(this completed, but QS had DR PPs)",,4,6,0,,,
priority-sema (aka sched),peru,ls-id-log-20151106080428.log.mL67DF.gz,0,0,,,"(this completed, but QS had DR PPs)",,4,6,0,,,
priority-sema (aka sched),philippines,ls-id-log-20151106091321.log.yKeGbh.gz,0,0,,,"(this completed, but QS had DR PPs)",,4,6,0,,,
priority-sema (aka sched),poland,ls-id-log-20151106093642.log.FUAUZ7.gz,0,0,,,"(this completed, but QS had DR PPs)",,4,6,0,,,
priority-sema (aka sched),saudiarabia,ls-id-log-20151106034544.log.Pw35hs.gz,0,0,,,"(this completed, but QS had DR PPs)",,4,6,0,,,
priority-sema (aka sched),somalia,ls-id-log-20151106053218.log.u0vEe0.gz,0,0,,,"(this completed, but QS had DR PPs)",,4,6,0,,,
priority-sema (aka sched),southafrica,ls-id-log-20151106083900.log.lqo5ap.gz,0,0,,,"(this completed, but QS had DR PPs)",,4,6,0,,,
priority-sema (aka sched),spainportugal,ls-id-log-20151106113354.log.VlwD9F.gz,0,0,,,"(this completed, but QS had DR PPs)",,4,6,0,,,
priority-sema (aka sched),sudan,ls-id-log-20151106070115.log.groMh6.gz,0,0,,,"(this completed, but QS had DR PPs)",,4,6,0,,,
priority-sema (aka sched),syria,ls-id-log-20151106033758.log.8axOEJ.gz,0,0,,,"(this completed, but QS had DR PPs)",,4,6,0,,,
priority-sema (aka sched),taiwan,ls-id-log-20151106104627.log.FxaHYZ.gz,0,0,,,"(this completed, but QS had DR PPs)",,4,6,0,,,
priority-sema (aka sched),thailand,ls-id-log-20151106022612.log.2a1Xuu.gz,0,0,,,"(this completed, but QS had DR PPs)",,4,6,0,,,
priority-sema (aka sched),uruguay,ls-id-log-20151106103113.log.7qGr2J.gz,0,0,,,"(this completed, but QS had DR PPs)",,4,6,0,,,
priority-sema (aka sched),venezuela,ls-id-log-20151106110549.log.lQfhlj.gz,0,0,,,"(this completed, but QS had DR PPs)",,4,6,0,,,
priority-sema (aka sched),vietnam,ls-id-log-20151106075906.log.WkMA64.gz,0,0,,,"(this completed, but QS had DR PPs)",,4,6,0,,,
priority-sema (aka sched),westgermany,ls-id-log-20151106111010.log.PqtdBx.gz,0,0,,,"(this completed, but QS had DR PPs)",,4,6,0,,,
priority-sema (aka sched),yugoslavia,ls-id-log-20151106033036.log.uzFlZZ.gz,0,0,,,"(this completed, but QS had DR PPs)",,4,6,0,,,
priority-sema (aka sched),zimbabwe,ls-id-log-20151106064349.log.tVXnPG.gz,0,0,,,"(this completed, but QS had DR PPs)",,4,6,0,,,
rwlock_downgrade_read_test,aluminum,ls-id-log-20160511152750.log.VjWHw9.gz,0,0,,,(QS had DR PPs),,1,2,3,,,
rwlock_downgrade_read_test,antimony,ls-id-log-20160510094833.log.HG0Ens.gz,0,0,,,(QS had DR PPs),,2,3,20,,,
rwlock_downgrade_read_test,argon,ls-id-log-20160511025009.log.GTj4Qi.gz,0,1,,,verif,482160858,2,4,0,,,
rwlock_downgrade_read_test,arsenic,ls-id-log-20160511194206.log.vmKsw4.gz,1,0,30401487,76776344,,,2,3,0,,,
rwlock_downgrade_read_test,barium,ls-id-log-20160510163534.log.iOvU5L.gz,0,0,,,(QS had DR PPs),,2,4,0,,,
rwlock_downgrade_read_test,beryllium,ls-id-log-20160511180501.log.EoxS6X.gz,1,0,49266261,138336663,,,2,3,0,,,
rwlock_downgrade_read_test,boron,ls-id-log-20160511035308.log.80fSOF.gz,1,0,18138356,38214155,,,2,3,0,,,
rwlock_downgrade_read_test,bromine,ls-id-log-20160510210322.log.QcrpoO.gz,0,0,,,(QS had DR PPs),,1,2,0,,,
rwlock_downgrade_read_test,cadmium,ls-id-log-20160510094159.log.ohhHGP.gz,0,0,,,(QS had DR PPs),,2,3,3,,,
rwlock_downgrade_read_test,caesium,ls-id-log-20160511102541.log.QyscNw.gz,1,0,22103424,50167170,,,2,3,3,,,
rwlock_downgrade_read_test,calcium,ls-id-log-20160510043655.log.GHpJYN.gz,1,0,31238876,84406134,,,2,3,0,,,
rwlock_downgrade_read_test,carbon,ls-id-log-20160510122234.log.KAXKA1.gz,1,0,18971208,43452921,,,2,3,0,,,
rwlock_downgrade_read_test,cerium,ls-id-log-20160510073438.log.GVSuST.gz,0,0,,,(QS had DR PPs),,2,4,0,,,
rwlock_downgrade_read_test,chlorine,ls-id-log-20160509233214.log.fuSniM.gz,0,0,,,(QS had DR PPs),,1,2,0,,,
rwlock_downgrade_read_test,chromium,ls-id-log-20160510101122.log.QznIiZ.gz,0,0,,,(QS had DR PPs),,0,1,4,,,
rwlock_downgrade_read_test,cobalt,ls-id-log-20160511032802.log.iYcGme.gz,0,0,,,(this timed out),,2,3,0,,,
rwlock_downgrade_read_test,copper,ls-id-log-20160511155817.log.HbiSBb.gz,1,0,17501425,36581193,,,2,3,0,,,
rwlock_downgrade_read_test,dysprosium,ls-id-log-20160511000254.log.yIsQNi.gz,1,0,25980374,63147477,,,2,3,0,,,
rwlock_downgrade_read_test,erbium,ls-id-log-20160511114950.log.6AQ0UK.gz,0,0,,,(QS had DR PPs),,2,3,0,,,
rwlock_downgrade_read_test,europium,ls-id-log-20160511150632.log.PEzz3r.gz,0,0,,,(QS had DR PPs),,0,1,9,,,
rwlock_downgrade_read_test,fluorine,ls-id-log-20160517063541.log.IvP9YZ.gz,0,0,,,(QS had DR PPs),,0,1,0,,,
rwlock_downgrade_read_test,gadolinium,ls-id-log-20160511214712.log.rP2OJp.gz,0,0,,,(QS had DR PPs),,1,2,0,,,
rwlock_downgrade_read_test,gallium,ls-id-log-20160511092101.log.IBo1AN.gz,0,0,,,(QS had DR PPs),,0,1,0,,,
rwlock_downgrade_read_test,germanium,ls-id-log-20160510222049.log.EDx8cc.gz,0,0,,,(QS had DR PPs),,2,4,0,,,
rwlock_downgrade_read_test,gold,ls-id-log-20160511192333.log.CvuGvB.gz,1,0,20157015,43916959,,,2,4,1,,,
rwlock_downgrade_read_test,hafnium,ls-id-log-20160512003801.log.HSEV8l.gz,0,0,,,(QS had DR PPs),,2,3,7,,,
rwlock_downgrade_read_test,helium,ls-id-log-20160517062921.log.97vDJB.gz,1,0,287378536,859397037,,,2,3,1,,,
rwlock_downgrade_read_test,holmium,ls-id-log-20160513041840.log.HPvSFc.gz,0,0,,,(QS had DR PPs),,2,3,0,,,
rwlock_downgrade_read_test,hydrogen,ls-id-log-20160511165159.log.FQaJ0T.gz,0,0,,,(QS had DR PPs),,0,1,0,,,
rwlock_downgrade_read_test,indium,ls-id-log-20160511125726.log.KCvC9U.gz,0,0,,,(QS had DR PPs),,0,1,2,,,
rwlock_downgrade_read_test,iodine,ls-id-log-20160511231306.log.vO3Aes.gz,1,0,17448974,37494342,,,2,3,23,,,
rwlock_downgrade_read_test,iridium,ls-id-log-20160510224431.log.2pc8WL.gz,0,0,,,(QS had DR PPs),,2,3,3,,,
rwlock_downgrade_read_test,iron,ls-id-log-20160512002538.log.Og9hJo.gz,1,0,20390726,47717268,,,2,4,2,,,
rwlock_downgrade_read_test,kyrpton,ls-id-log-20160510234750.log.meNdI0.gz,0,0,,,(QS had DR PPs),,2,3,0,,,
rwlock_downgrade_read_test,lanthanum,ls-id-log-20160511164517.log.jCHA3V.gz,0,0,,,(QS had DR PPs),,0,0,0,,,
rwlock_downgrade_read_test,lithium,ls-id-log-20160511183026.log.TY5Qd4.gz,0,0,,,(QS had DR PPs),,0,1,0,,,
rwlock_downgrade_read_test,lutetium,ls-id-log-20160517035212.log.i2TXpm.gz,0,0,,,(QS had DR PPs),,1,2,5,,,
rwlock_downgrade_read_test,magnesium,ls-id-log-20160511045114.log.nA5mf5.gz,0,0,,,(QS had DR PPs),,2,4,0,,,
rwlock_downgrade_read_test,manganese,ls-id-log-20160511083804.log.uiENfB.gz,1,0,17970481,38692750,,,2,4,2,,,
rwlock_downgrade_read_test,molybdenum,ls-id-log-20160511065038.log.1sh7ay.gz,0,0,,,(this timed out),,2,3,7,,,
rwlock_downgrade_read_test,neodymium,ls-id-log-20160511192137.log.i8P5DQ.gz,0,0,,,(QS had DR PPs),,2,3,1,,,
rwlock_downgrade_read_test,neon,ls-id-log-20160511014336.log.owCraW.gz,0,0,,,(QS had DR PPs),,0,1,4,,,
rwlock_downgrade_read_test,nickel,ls-id-log-20160513043302.log.tdyTqX.gz,0,0,,,(QS had DR PPs),,0,1,12,,,
rwlock_downgrade_read_test,niobium,ls-id-log-20160511064642.log.FB2f8G.gz,0,0,,,(QS had DR PPs),,2,4,0,,,
rwlock_downgrade_read_test,nitrogen,ls-id-log-20160510020434.log.T3BnnL.gz,0,0,,,(QS had DR PPs),,2,4,0,,,
rwlock_downgrade_read_test,osmium,ls-id-log-20160511001356.log.qQZssm.gz,0,0,,,(QS had DR PPs),,1,2,0,,,
rwlock_downgrade_read_test,oxygen,ls-id-log-20160510102827.log.F9nI5o.gz,0,0,,,(QS had DR PPs),,0,1,0,,,
rwlock_downgrade_read_test,palladium,ls-id-log-20160511191649.log.GateGh.gz,0,0,,,(QS had DR PPs),,1,2,3,,,
rwlock_downgrade_read_test,phosphorus,ls-id-log-20160510070925.log.Pjo9I7.gz,0,0,,,(QS had DR PPs),,0,1,0,,,
rwlock_downgrade_read_test,platinum,ls-id-log-20160510121855.log.dKf8js.gz,0,0,,,(QS had DR PPs),,1,2,0,,,
rwlock_downgrade_read_test,potassium,ls-id-log-20160511035528.log.CKNR4l.gz,0,0,,,(QS had DR PPs),,0,1,0,,,
rwlock_downgrade_read_test,praseodymium,ls-id-log-20160511111548.log.IjoDH7.gz,1,0,17443135,37047311,,,2,4,0,,,
rwlock_downgrade_read_test,promethium,ls-id-log-20160512041657.log.UfDTDm.gz,0,0,,,(QS had DR PPs),,2,3,0,,,
rwlock_downgrade_read_test,rhenium,ls-id-log-20160510094149.log.fvvLkR.gz,0,1,,,verif,101226254,2,4,0,,,
rwlock_downgrade_read_test,rhodium,ls-id-log-20160510155012.log.tz6e1c.gz,0,0,,,(QS had DR PPs),,2,4,5,,,
rwlock_downgrade_read_test,rubidium,ls-id-log-20160511115125.log.LYB7HN.gz,0,0,,,(QS had DR PPs),,2,4,0,,,
rwlock_downgrade_read_test,ruthenium,ls-id-log-20160511114209.log.YfbmKi.gz,1,0,20016706,46686857,,,1,2,0,,,
rwlock_downgrade_read_test,samarium,ls-id-log-20160510175403.log.3iSqvE.gz,1,0,32503199,83874538,,,2,3,0,,,
rwlock_downgrade_read_test,scandium,ls-id-log-20160511160438.log.7aSsax.gz,1,0,28754084,75695917,,,2,3,1,,,
rwlock_downgrade_read_test,selenium,ls-id-log-20160511150636.log.YifJo8.gz,1,0,18099385,39472026,,,2,3,0,,,
rwlock_downgrade_read_test,silicon,ls-id-log-20160511210051.log.Yzn1KU.gz,1,0,684842233,2041162805,,,2,3,3,,,
rwlock_downgrade_read_test,silver,ls-id-log-20160512053635.log.M10UME.gz,0,0,,,(QS had DR PPs),,2,3,0,,,
rwlock_downgrade_read_test,sodium,ls-id-log-20160510095212.log.WFrNna.gz,0,0,,,(QS had DR PPs),,2,3,5,,,
rwlock_downgrade_read_test,strontium,ls-id-log-20160510020439.log.PxDM1g.gz,0,0,,,(QS had DR PPs),,2,3,0,,,
rwlock_downgrade_read_test,sulfur,ls-id-log-20160510070930.log.JAU514.gz,0,0,,,(QS had DR PPs),,0,1,0,,,
rwlock_downgrade_read_test,tantalum,ls-id-log-20160510191007.log.D8hkdb.gz,0,0,,,(QS had DR PPs),,0,0,0,,,
rwlock_downgrade_read_test,technetium,ls-id-log-20160517062239.log.FhtY0V.gz,1,0,232869434,682579632,,,2,3,17,,,
rwlock_downgrade_read_test,tellurium,ls-id-log-20160511164009.log.KfK47u.gz,1,0,25584993,58265111,,,1,2,0,,,
rwlock_downgrade_read_test,terbium,ls-id-log-20160510213228.log.CRj37T.gz,0,0,,,(QS had DR PPs),,2,3,4,,,
rwlock_downgrade_read_test,thulium,ls-id-log-20160510145418.log.UNnL1k.gz,0,0,,,(QS had DR PPs),,2,3,3,,,
rwlock_downgrade_read_test,tin,ls-id-log-20160510183444.log.AG7zfI.gz,0,0,,,(QS had DR PPs),,0,1,3,,,
rwlock_downgrade_read_test,titanium,ls-id-log-20160511141232.log.8gPdwm.gz,0,0,,,(QS had DR PPs),,0,0,0,,,
rwlock_downgrade_read_test,tungsten,ls-id-log-20160510124145.log.83amSl.gz,0,0,,,(QS had DR PPs),,2,3,2,,,
rwlock_downgrade_read_test,vanadium,ls-id-log-20160512023502.log.OFoaOF.gz,0,0,,,(this timed out),,2,3,4,,,
rwlock_downgrade_read_test,xenon,ls-id-log-20160510225851.log.6ezQ24.gz,0,0,,,(QS had DR PPs),,0,1,0,,,
rwlock_downgrade_read_test,ytterbium,ls-id-log-20160512002017.log.8Mdh3u.gz,0,0,,,(QS had DR PPs),,2,4,0,,,
rwlock_downgrade_read_test,yttrium,ls-id-log-20160511235308.log.5jpqbM.gz,0,0,,,(QS had DR PPs),,0,1,0,,,
rwlock_downgrade_read_test,zinc,ls-id-log-20160510172440.log.zz8W8r.gz,1,0,20392052,49123189,,,2,3,0,,,
rwlock_downgrade_read_test,zirconium,ls-id-log-20160510070924.log.Fi6RZD.gz,1,0,30149145,88666385,,,2,4,0,,,
thr_exit_join,aluminum,ls-id-log-20160511064757.log.YQ5L5s.gz,0,0,,,(QS had DR PPs),,2,4,0,,,
thr_exit_join,antimony,ls-id-log-20160510152120.log.qXrzZG.gz,0,0,,,(QS had DR PPs),,2,4,2,,,
thr_exit_join,argon,ls-id-log-20160511001812.log.0nvKsu.gz,0,1,,,verif,124644591,2,4,0,,,
thr_exit_join,arsenic,ls-id-log-20160510020438.log.wtnqIk.gz,1,0,57899959,163640213,,,2,3,0,,,
thr_exit_join,barium,ls-id-log-20160510094712.log.2jbD0s.gz,0,0,,,(QS had DR PPs),,2,4,0,,,
thr_exit_join,beryllium,ls-id-log-20160511121011.log.6cOIoU.gz,0,0,,,(QS had DR PPs),,2,4,0,,,
thr_exit_join,boron,ls-id-log-20160510222313.log.ufC1rs.gz,0,0,,,(QS had DR PPs),,2,4,0,,,
thr_exit_join,bromine,ls-id-log-20160510224000.log.VXpy9T.gz,0,0,,,(QS had DR PPs),,2,4,0,,,
thr_exit_join,cadmium,ls-id-log-20160511121332.log.euaEZx.gz,0,0,,,(QS had DR PPs),,2,4,1,,,
thr_exit_join,caesium,ls-id-log-20160510223839.log.qp24eP.gz,1,0,22822433,54951911,,,2,3,0,,,
thr_exit_join,calcium,ls-id-log-20160510160300.log.QID5Xz.gz,1,0,20873231,49102607,,,2,4,7,,,
thr_exit_join,carbon,ls-id-log-20160509233213.log.m7TB5X.gz,1,0,30269211,75729617,,,2,3,0,,,
thr_exit_join,cerium,ls-id-log-20160510234148.log.SQNXTq.gz,0,0,,,(QS had DR PPs),,2,4,0,,,
thr_exit_join,chlorine,ls-id-log-20160511013355.log.tjp0jt.gz,0,0,,,(QS had DR PPs),,2,4,0,,,
thr_exit_join,chromium,ls-id-log-20160510155741.log.7nWNXS.gz,0,0,,,(QS had DR PPs),,2,4,15,,,
thr_exit_join,cobalt,ls-id-log-20160510094147.log.T5DSw2.gz,0,0,,,(QS had DR PPs),,2,4,16,,,
thr_exit_join,copper,ls-id-log-20160510121222.log.V0JfQ7.gz,1,0,30961593,68185149,,,2,4,0,,,
thr_exit_join,dysprosium,ls-id-log-20160510095051.log.JiO5P7.gz,0,0,,,(QS had DR PPs),,2,4,0,,,
thr_exit_join,erbium,ls-id-log-20160512033951.log.yG4zCT.gz,0,0,,,(QS had DR PPs),,2,4,0,,,
thr_exit_join,europium,ls-id-log-20160511054227.log.qf7qOF.gz,0,0,,,(QS had DR PPs),,1,2,43,,,
thr_exit_join,fluorine,ls-id-log-20160511043838.log.NsABWF.gz,0,0,,,(QS had DR PPs),,2,4,0,,,
thr_exit_join,gadolinium,ls-id-log-20160513040541.log.lzhQll.gz,0,0,,,(QS had DR PPs),,2,4,0,,,
thr_exit_join,gallium,ls-id-log-20160510121410.log.a2rBFn.gz,0,0,,,(QS had DR PPs),,1,2,6,,,
thr_exit_join,germanium,ls-id-log-20160510172101.log.2jleW5.gz,0,0,,,(QS had DR PPs),,2,4,0,,,
thr_exit_join,gold,ls-id-log-20160517115824.log.kAh7ON.gz,0,0,,,(QS had DR PPs),,2,4,2,,,
thr_exit_join,hafnium,ls-id-log-20160511025056.log.9bj1WS.gz,0,0,,,(QS had DR PPs),,2,4,0,,,
thr_exit_join,helium,ls-id-log-20160511215919.log.dbJ1SX.gz,0,0,,,(QS had DR PPs),,2,4,0,,,
thr_exit_join,holmium,ls-id-log-20160513035820.log.uTj6Qq.gz,0,0,,,(QS had DR PPs),,2,4,0,,,
thr_exit_join,hydrogen,ls-id-log-20160511222202.log.HwHif2.gz,0,1,,,verif,66766500,2,4,0,,,
thr_exit_join,indium,ls-id-log-20160511075512.log.5Rmqhf.gz,1,0,58136465,200303240,,,2,2,15,,,
thr_exit_join,iodine,ls-id-log-20160510145159.log.YCcLap.gz,0,0,,,(QS had DR PPs),,2,4,0,,,
thr_exit_join,iridium,ls-id-log-20160511181002.log.yQMHj6.gz,0,0,,,(QS had DR PPs),,2,4,0,,,
thr_exit_join,iron,ls-id-log-20160510145038.log.KuNfbt.gz,0,0,,,(QS had DR PPs),,2,4,0,,,
thr_exit_join,kyrpton,ls-id-log-20160510210202.log.Bu5X0y.gz,0,0,,,(QS had DR PPs),,2,4,0,,,
thr_exit_join,lanthanum,ls-id-log-20160510132031.log.5w14nB.gz,0,0,,,(QS had DR PPs),,0,0,0,,,
thr_exit_join,lithium,ls-id-log-20160511052228.log.gqP4AR.gz,0,0,,,(QS had DR PPs),,0,1,0,,,
thr_exit_join,lutetium,ls-id-log-20160512003420.log.JI32q7.gz,0,0,,,(QS had DR PPs),,2,4,0,,,
thr_exit_join,magnesium,ls-id-log-20160510094625.log.XynKvl.gz,0,0,,,(QS had DR PPs),,2,4,0,,,
thr_exit_join,manganese,ls-id-log-20160510020442.log.l1x0OD.gz,0,1,,,verif,59240518,2,4,0,,,
thr_exit_join,molybdenum,ls-id-log-20160512002959.log.7hSkJL.gz,0,1,,,verif-despite-malloc-recycles,370166199,2,4,5,,,
thr_exit_join,neodymium,ls-id-log-20160511230304.log.jRV4B8.gz,0,0,,,(QS had DR PPs),,2,4,0,,,
thr_exit_join,neon,ls-id-log-20160511041619.log.0pN67u.gz,0,0,,,(QS had DR PPs),,2,3,2,,,
thr_exit_join,nickel,ls-id-log-20160511123613.log.qMf5xi.gz,0,0,,,(QS had DR PPs),,2,3,14,,,
thr_exit_join,niobium,ls-id-log-20160511041359.log.IQ2mAf.gz,0,0,,,(QS had DR PPs),,2,4,0,,,
thr_exit_join,nitrogen,ls-id-log-20160510020439.log.vdg0lA.gz,0,0,,,(QS had DR PPs),,2,4,9,,,
thr_exit_join,osmium,ls-id-log-20160511215758.log.LPIJkG.gz,1,0,17262957,36905033,,,2,4,0,,,
thr_exit_join,oxygen,ls-id-log-20160511005226.log.e0DzxF.gz,0,0,,,(QS had DR PPs),,2,4,0,,,
thr_exit_join,palladium,ls-id-log-20160511191156.log.RN6iUz.gz,0,0,,,(QS had DR PPs),,2,4,0,,,
thr_exit_join,phosphorus,ls-id-log-20160510210507.log.L2hnND.gz,0,0,,,(QS had DR PPs),,2,4,0,,,
thr_exit_join,platinum,ls-id-log-20160509233214.log.YHgJgx.gz,0,0,,,(this timed out),,2,3,0,,,
thr_exit_join,potassium,ls-id-log-20160511192614.log.d2bGTA.gz,0,0,,,(QS had DR PPs),,0,1,0,,,
thr_exit_join,praseodymium,ls-id-log-20160511064537.log.5uO4gW.gz,0,0,,,(QS had DR PPs),,2,4,0,,,
thr_exit_join,promethium,ls-id-log-20160511181545.log.JLB240.gz,0,0,,,(QS had DR PPs),,2,4,0,,,
thr_exit_join,rhenium,ls-id-log-20160511005619.log.VAdUJm.gz,0,0,,,(QS had DR PPs),,2,4,0,,,
thr_exit_join,rhodium,ls-id-log-20160510155159.log.4uWvD8.gz,0,0,,,(QS had DR PPs),,2,4,0,,,
thr_exit_join,rubidium,ls-id-log-20160511024849.log.q8cThf.gz,0,0,,,(QS had DR PPs),,2,4,0,,,
thr_exit_join,ruthenium,ls-id-log-20160510130313.log.oLX1OA.gz,1,0,17781020,39094926,,,2,3,16,,,
thr_exit_join,samarium,ls-id-log-20160512001736.log.KCmVsH.gz,0,0,,,(QS had DR PPs),,2,4,0,,,
thr_exit_join,scandium,ls-id-log-20160511215638.log.jyZIHM.gz,1,0,20681810,47263029,,,2,3,10,,,
thr_exit_join,selenium,ls-id-log-20160510225610.log.bXXd5M.gz,1,0,21350582,50649304,,,2,3,0,,,
thr_exit_join,silicon,ls-id-log-20160511200719.log.WvK3q3.gz,0,0,,,(QS had DR PPs),,2,4,3,,,
thr_exit_join,silver,ls-id-log-20160510224010.log.v0lsQq.gz,0,0,,,(QS had DR PPs),,2,4,0,,,
thr_exit_join,sodium,ls-id-log-20160510151207.log.hAP8j5.gz,0,0,,,(QS had DR PPs),,2,4,4,,,
thr_exit_join,strontium,ls-id-log-20160511093946.log.l6unK9.gz,0,0,,,(QS had DR PPs),,2,3,0,,,
thr_exit_join,sulfur,ls-id-log-20160511181523.log.SrDzYS.gz,0,0,,,(QS had DR PPs),,2,3,0,,,
thr_exit_join,tantalum,ls-id-log-20160511055826.log.KJ1JwB.gz,0,0,,,(QS had DR PPs),,0,0,0,,,
thr_exit_join,technetium,ls-id-log-20160511222322.log.9ZCDjo.gz,0,0,,,(QS had DR PPs),,2,4,0,,,
thr_exit_join,tellurium,ls-id-log-20160510144918.log.Bpvifh.gz,1,0,24237397,59102724,,,2,3,0,,,
thr_exit_join,terbium,ls-id-log-20160511231146.log.HVI8RY.gz,0,0,,,(QS had DR PPs),,2,4,0,,,
thr_exit_join,thulium,ls-id-log-20160510020432.log.nr6qK7.gz,0,0,,,(QS had DR PPs),,2,4,0,,,
thr_exit_join,tin,ls-id-log-20160512004944.log.5mjDbQ.gz,0,0,,,(QS had DR PPs),,2,4,3,,,
thr_exit_join,titanium,ls-id-log-20160511133055.log.VQBDuB.gz,0,0,,,(QS had DR PPs),,2,4,0,,,
thr_exit_join,tungsten,ls-id-log-20160510234309.log.D5ap0n.gz,0,0,,,(QS had DR PPs),,2,4,0,,,
thr_exit_join,vanadium,ls-id-log-20160510144434.log.JX1739.gz,0,0,,,(QS had DR PPs),,2,3,4,,,
thr_exit_join,xenon,ls-id-log-20160511213528.log.2N9Q2T.gz,0,0,,,(QS had DR PPs),,2,3,0,,,
thr_exit_join,ytterbium,ls-id-log-20160511082848.log.FwvZSJ.gz,0,0,,,(QS had DR PPs),,2,4,117,,,
thr_exit_join,yttrium,ls-id-log-20160511164130.log.BZpvMt.gz,0,0,,,(QS had DR PPs),,2,3,0,,,
thr_exit_join,zinc,ls-id-log-20160511144113.log.7vJ8Mv.gz,1,0,20331145,46511112,,,2,3,3,,,
thr_exit_join,zirconium,ls-id-log-20160510094144.log.qTcSDu.gz,1,0,31773159,93803383,,,2,3,8,,,
wait-simple,afghanistan,ls-id-log-20151106063537.log.JfzNIe.gz,1,0,31130583,88235519,,,4,5,0,bugtype USE AFTER FREE,,
wait-simple,algeria,ls-id-log-20151106104504.log.6w1AMd.gz,1,0,21390672,50504855,,,4,5,0,bugtype USE AFTER FREE,,
wait-simple,angola,ls-id-log-20151106053055.log.KXNffP.gz,1,0,24211170,61854069,,,4,6,0,bugtype USE AFTER FREE,,
wait-simple,australia,ls-id-log-20151106023038.log.n07DN3.gz,1,0,83252995,293907349,,,4,5,0,bugtype Kernel page faulted! Faulting eip: 0xc002dbaa; address: 0x4c,,
wait-simple,austria,ls-id-log-20151106052730.log.htBfGk.gz,0,0,,,"(this completed, but QS had DR PPs)",,4,6,0,,,
wait-simple,benelux,ls-id-log-20160803103722.log.4pHIBA.gz,0,0,,,(QS had DR PPs),,4,5,0,,,
wait-simple,bulgaria,ls-id-log-20151106051547.log.2xBPz4.gz,1,0,23967500,61696733,,,4,5,0,bugtype USE AFTER FREE,,
wait-simple,burma,ls-id-log-20151106034421.log.lvl32K.gz,0,0,,,"(this completed, but QS had DR PPs)",,4,6,0,,,
wait-simple,cameroon,ls-id-log-20151106050229.log.Ip3y9V.gz,1,0,25171392,66254897,,,4,6,0,bugtype USE AFTER FREE,,
wait-simple,chile,ls-id-log-20151106050958.log.RDWpDL.gz,0,0,,,(QS had DR PPs),,4,5,0,,,
wait-simple,colombia,ls-id-log-20151106074024.log.DVS30s.gz,0,0,,,"(this completed, but QS had DR PPs)",,4,6,0,,,
wait-simple,costarica,ls-id-log-20151106022613.log.5asxuj.gz,0,0,,,"(this completed, but QS had DR PPs)",,4,6,0,,,
wait-simple,denmark,ls-id-log-20151106053851.log.8srdSu.gz,0,0,,,(QS had DR PPs),,4,5,0,,,
wait-simple,eastgermany,ls-id-log-20151106034643.log.Edn50T.gz,0,0,,,"(this completed, but QS had DR PPs)",,4,6,0,,,
wait-simple,ecuador,ls-id-log-20151106024211.log.Y9xjXh.gz,1,0,25002645,61880239,,,4,5,0,bugtype [multiple],Deadlock -- no threads are runnable!,USE AFTER FREE
wait-simple,egypt,ls-id-log-20151106081017.log.cNdTnc.gz,1,0,23187450,57782047,,,4,6,0,bugtype Kernel page faulted! Faulting eip: 0xc0028b53; address: 0xccccccd0,,
wait-simple,elsalvador,ls-id-log-20151106050434.log.6rFtHe.gz,1,0,48425242,158876291,,,4,5,0,bugtype Kernel page faulted! Faulting eip: 0xc002a67c; address: 0x38,,
wait-simple,ethiopia,ls-id-log-20151106081213.log.lilSDj.gz,0,0,,,(QS had DR PPs),,3,4,0,,,
wait-simple,france,ls-id-log-20151106024337.log.GoaMAM.gz,0,0,,,(QS had DR PPs),,4,5,0,,,
wait-simple,greece,ls-id-log-20151106073822.log.wpwSpA.gz,1,0,23532399,58026456,,,4,6,0,bugtype USE AFTER FREE,,
wait-simple,guatemala,ls-id-log-20151106054146.log.wfaiZG.gz,0,0,,,(QS had DR PPs),,4,5,0,,,
wait-simple,hungary,ls-id-log-20151106044607.log.s9mexZ.gz,1,0,33016041,98480805,,,3,4,0,bugtype USE AFTER FREE,,
wait-simple,india,ls-id-log-20151106073038.log.4UGzwo.gz,0,0,,,(QS had DR PPs),,4,5,0,,,
wait-simple,iran,ls-id-log-20151106023858.log.gIByqd.gz,0,0,,,(QS had DR PPs),,4,5,0,,,
wait-simple,iraq,ls-id-log-20151106023407.log.153hmx.gz,0,0,,,(QS had DR PPs),,4,5,4,,,
wait-simple,ivorycoast,ls-id-log-20151106045646.log.fxBhM4.gz,1,0,82886387,292019763,,,4,5,0,bugtype USE AFTER FREE,,
wait-simple,japan,ls-id-log-20151106025858.log.sdieJQ.gz,1,0,31129107,90806573,,,4,5,0,bugtype USE AFTER FREE,,
wait-simple,jordan,ls-id-log-20151106050011.log.Nzbd1B.gz,1,0,1216628825,4831841701,,,3,4,0,bugtype USE AFTER FREE,,
wait-simple,kenya,ls-id-log-20151106050923.log.uviSPP.gz,1,0,32359524,92653696,,,4,6,25,bugtype Kernel page faulted! Faulting eip: 0xc002925a; address: 0x4c,,
wait-simple,laoscambodia,ls-id-log-20151106023202.log.zAWnfD.gz,0,0,,,(QS had DR PPs),,4,5,16,,,
wait-simple,lebanon,ls-id-log-20151106104240.log.VM2pPs.gz,1,0,21893317,52390929,,,4,5,0,bugtype USE AFTER FREE,,
wait-simple,libya,ls-id-log-20151106100104.log.UuWC6d.gz,0,0,,,"(this completed, but QS had DR PPs)",,4,6,0,,,
wait-simple,malaysia,ls-id-log-20151106022619.log.HSAWuu.gz,0,0,,,(QS had DR PPs),,2,3,0,,,
wait-simple,pakistan,ls-id-log-20151106053220.log.XOBGGe.gz,1,0,24416695,63408362,,,4,6,0,bugtype USE AFTER FREE,,
wait-simple,panama,ls-id-log-20151106101728.log.bfX1nq.gz,1,0,22221001,54164867,,,4,5,0,bugtype USE AFTER FREE,,
wait-simple,paraguay,ls-id-log-20151106110348.log.lzhcvJ.gz,1,0,22651894,54879292,,,4,6,0,bugtype [multiple],Kernel page faulted! Faulting eip: 0xc002a6ac; address: 0x23,USE AFTER FREE
wait-simple,peru,ls-id-log-20151106083156.log.MqGjnX.gz,0,0,,,"(this completed, but QS had DR PPs)",,4,6,0,,,
wait-simple,poland,ls-id-log-20160804152419.log.70youQ.gz,1,0,23383869,69281412,,,4,5,0,bugtype USE AFTER FREE,,
wait-simple,romania,ls-id-log-20151106060132.log.TQGiCI.gz,0,0,,,(QS had DR PPs),,0,1,0,,,
wait-simple,saudiarabia,ls-id-log-20151106023033.log.E09uyw.gz,1,0,49598851,143701289,,,4,5,0,bugtype Kernel page faulted! Faulting eip: 0xc002f4d2; address: 0x58,,
wait-simple,southkorea,ls-id-log-20160803080656.log.UMXJFu.gz,0,0,,,(QS had DR PPs),,4,5,0,,,
wait-simple,sudan,ls-id-log-20151106083321.log.G4a7Fj.gz,0,0,,,(QS had DR PPs),,4,5,0,,,
wait-simple,sweden,ls-id-log-20151106030824.log.BZON5S.gz,0,0,,,(QS had DR PPs),,4,5,0,,,
wait-simple,syria,ls-id-log-20151106052121.log.IsMzV1.gz,0,0,,,"(this completed, but QS had DR PPs)",,4,6,0,,,
wait-simple,thailand,ls-id-log-20151106022617.log.CDlkZj.gz,0,0,,,(QS had DR PPs),,4,5,0,,,
wait-simple,tunisia,ls-id-log-20151106050754.log.0bjDRv.gz,0,0,,,(QS had DR PPs),,4,5,0,,,
wait-simple,turkey,ls-id-log-20151106090346.log.spMMMe.gz,1,0,23645795,61775076,,,4,6,0,bugtype USE AFTER FREE,,
wait-simple,venezuela,ls-id-log-20151106051811.log.4o63PW.gz,1,0,22339384,54532234,,,4,6,0,bugtype USE AFTER FREE,,
wait-simple,vietnam,ls-id-log-20151106064227.log.urcxO1.gz,1,0,22389378,55340236,,,4,5,11,bugtype KERNEL PANIC: ../../userprog/process.c:126: assertion `ws->ref_cnt == 1' failed.,,
wait-simple,yugoslavia,ls-id-log-20151106024939.log.RVkmJP.gz,0,0,,,(QS had DR PPs),,0,0,0,,,
wait-simple,zaire,ls-id-log-20151106064103.log.Bs34vC.gz,0,1,,,verif,78415919,4,6,0,,,
wait-simple,zimbabwe,ls-id-log-20151106040410.log.Z42jDt.gz,0,0,,,(QS had DR PPs),,4,5,0,,,