Test name,P2/Pintos group ID (anonymized),Log file name,Bug found?,Timed out?,Bug time (wall=CPU) (usecs),Completion time (usecs),Max ICB bound (table 2 in paper),# interleavings in max ICB bound state space,Elapsed time in completed max ICB bound state space,Estimated progress in max ICB bound state space (weighted backtrack estimator),ETA of max ICB bound state space (recursive estimator (note: may disagree with weighted backtrack estimator)),Bug trace filename
alarm-simultaneous,algeria,ls-id-log-20160111234535.log.sbaae9.gz,0,1,,,3,,,0.02%,6y 115d 3h 47m 22s,
alarm-simultaneous,angola,ls-id-log-20160804173031.log.XsrjAC.gz,0,1,,,3,,,0.00%,1386y 144d 8h 40m 25s,
alarm-simultaneous,argentina,ls-id-log-20160111223651.log.SGeOMT.gz,1,0,20957356133,,0,50188,,,,landslide-trace-1452569824.55.html
alarm-simultaneous,australia,ls-id-log-20160111224115.log.s6cvhe.gz,0,1,,,3,,,0.00%,46044y 161d 7h 3m 22s,
alarm-simultaneous,benelux,ls-id-log-20160111223826.log.107nXK.gz,0,1,,,3,,,0.00%,1126y 148d 2h 46m 26s,
alarm-simultaneous,bolivia,ls-id-log-20160111223621.log.XGkGqm.gz,1,0,1386905249,,1,1619,,,,landslide-trace-1452569792.91.html
alarm-simultaneous,botswana,ls-id-log-20160112083700.log.AmeVKN.gz,0,1,,,3,,,0.00%,845y 74d 9h 48m 55s,
alarm-simultaneous,brazil,ls-id-log-20160111225539.log.NNwhjS.gz,0,1,,,3,,,0.00%,6599y 23d 6h 45m 59s,
alarm-simultaneous,costarica,ls-id-log-20160112083746.log.xIUcAv.gz,0,1,,,4,,,0.05%,10y 63d 17h 7m 9s,
alarm-simultaneous,cuba,ls-id-log-20160111223617.log.L307D7.gz,0,1,,,3,,,0.12%,43y 323d 12h 44m 18s,
alarm-simultaneous,czechoslovakia,ls-id-log-20160111223612.log.ftor18.gz,0,1,,,3,,,0.00%,44536y 9d 22h 3m 10s,
alarm-simultaneous,denmark,ls-id-log-20160111223614.log.ddVyzx.gz,1,0,795645840,,1,1724,,,,landslide-trace-1452569784.12.html
alarm-simultaneous,eastgermany,ls-id-log-20160111223610.log.9RucUf.gz,1,0,28703653,,1,21,,,,landslide-trace-1452569783.9.html
alarm-simultaneous,ecuador,ls-id-log-20160111223747.log.ssmtR7.gz,1,0,639517344,,1,1586,,,,landslide-trace-1452569878.57.html
alarm-simultaneous,finland,ls-id-log-20160112083749.log.JrmCgO.gz,0,1,,,3,,,0.00%,42204y 127d 6h 59m 56s,
alarm-simultaneous,france,ls-id-log-20160111224630.log.4cjo1K.gz,0,1,,,3,,,0.00%,106568y 90d 12h 58m 5s,
alarm-simultaneous,haiti,ls-id-log-20160111223617.log.UGB5RU.gz,1,0,672827546,,1,1165,,,,landslide-trace-1452569790.51.html
alarm-simultaneous,honduras,ls-id-log-20160112083723.log.Bg4hNe.gz,1,0,31419267,,1,22,,,,landslide-trace-1452605855.48.html
alarm-simultaneous,indonesia,ls-id-log-20160111224126.log.aMQiYF.gz,1,0,36729284,,1,22,,,,landslide-trace-1452570098.92.html
alarm-simultaneous,iran,ls-id-log-20160111223740.log.VmRt5R.gz,0,1,,,3,,,0.00%,367979y 332d 10h 31m 59s,
alarm-simultaneous,iraq,ls-id-log-20160111223649.log.0upe9f.gz,0,1,,,3,,,0.00%,158249y 177d 12h 51m 50s,
alarm-simultaneous,israel,ls-id-log-20160111231323.log.l8VvcZ.gz,0,1,,,3,,,0.00%,4814y 157d 12h 12m 45s,
alarm-simultaneous,italy,ls-id-log-20160111224411.log.SVqFHw.gz,1,0,843108671,,1,1586,,,,landslide-trace-1452570265.93.html
alarm-simultaneous,ivorycoast,ls-id-log-20160111223647.log.LQS97M.gz,0,1,,,3,,,0.00%,10599y 30d 6h 24m 58s,
alarm-simultaneous,malaysia,ls-id-log-20160111223620.log.sWLSGb.gz,0,1,,,3,,,0.03%,3y 205d 3h 57m 18s,
alarm-simultaneous,mexico,ls-id-log-20160111223613.log.mGhNIF.gz,0,1,,,2,,,0.59%,57d 9h 50m 0s,
alarm-simultaneous,morocco,ls-id-log-20160111223614.log.8mFbij.gz,0,1,,,3,,,0.01%,1116y 293d 45m 56s,
alarm-simultaneous,nicaragua,ls-id-log-20160112012415.log.52K39C.gz,0,1,,,3,,,0.01%,875y 180d 10h 32m 8s,
alarm-simultaneous,nigeria,ls-id-log-20160111225537.log.BahGIy.gz,0,1,,,3,,,0.00%,132y 44d 10h 37m 20s,
alarm-simultaneous,northkorea,ls-id-log-20160111230228.log.PYmXKq.gz,0,1,,,3,,,0.00%,4723y 68d 19h 20m 52s,
alarm-simultaneous,norway,ls-id-log-20160111223726.log.ghaQur.gz,1,0,1410171384,,1,2097,,,,landslide-trace-1452569861.26.html
alarm-simultaneous,peru,ls-id-log-20160112042742.log.NGodxV.gz,0,1,,,3,,,0.02%,27y 65d 23h 48m 42s,
alarm-simultaneous,philippines,ls-id-log-20160111223625.log.KOcxoJ.gz,1,0,42962125,,1,34,,,,landslide-trace-1452569800.15.html
alarm-simultaneous,saudiarabia,ls-id-log-20160112185953.log.yR7ghn.gz,0,1,,,3,,,0.00%,16249y 306d 15h 57m 0s,
alarm-simultaneous,somalia,ls-id-log-20160111223657.log.KPTL9Z.gz,0,1,,,3,,,0.46%,6y 253d 3h 39m 21s,
alarm-simultaneous,southafrica,ls-id-log-20160112084142.log.vDkEqm.gz,1,0,970202271,,1,1534,,,,landslide-trace-1452606112.48.html
alarm-simultaneous,spainportugal,ls-id-log-20160111224827.log.60dfps.gz,0,1,,,3,,,0.00%,1634y 175d 13h 53m 28s,
alarm-simultaneous,syria,ls-id-log-20160111230143.log.OKsvI4.gz,0,1,,,3,,,0.00%,53447934y 47d 14h 49m 27s,
alarm-simultaneous,taiwan,ls-id-log-20160111223621.log.26s2td.gz,1,0,569769898,,1,1164,,,,landslide-trace-1452569794.41.html
alarm-simultaneous,thailand,ls-id-log-20160111223620.log.HSYVnA.gz,1,0,28116338,,1,23,,,,landslide-trace-1452569794.15.html
alarm-simultaneous,uruguay,ls-id-log-20160111223629.log.Fq4MBG.gz,0,1,,,3,,,0.00%,52231y 257d 15h 6m 31s,
alarm-simultaneous,westgermany,ls-id-log-20160111223605.log.aiEUju.gz,1,0,581929605,,1,1520,,,,landslide-trace-1452569775.87.html
alarm-simultaneous,yugoslavia,ls-id-log-20160111223617.log.Zq7skU.gz,0,1,,,3,,,0.00%,1377427y 260d 14h 45m 9s,
alarm-simultaneous,zimbabwe,ls-id-log-20160111223735.log.gGP18s.gz,1,0,22280332,,1,22,,,,landslide-trace-1452569865.6.html
broadcast_test,aluminum,ls-id-log-20160430175113.log.qysApv.gz,0,0,,496512229,8,236,1m 35s,,,
broadcast_test,antimony,ls-id-log-20160502215724.log.x1MpFg.gz,0,0,,638598251,12,198,1m 25s,,,
broadcast_test,argon,ls-id-log-20160429223452.log.UMLSkB.gz,0,0,,573311531,8,212,1m 54s,,,
broadcast_test,arsenic,ls-id-log-20160429185926.log.XdxgU6.gz,1,0,34585164,,1,4,,,,landslide-trace-1461970785.23.html
broadcast_test,barium,ls-id-log-20160430154240.log.N5gQdO.gz,0,0,,602815076,7,474,2m 43s,,,
broadcast_test,beryllium,ls-id-log-20160430144338.log.A5ATYI.gz,0,0,,626757401,10,399,1m 46s,,,
broadcast_test,boron,ls-id-log-20160429184301.log.oHTq6N.gz,0,0,,487587279,8,188,1m 49s,,,
broadcast_test,bromine,ls-id-log-20160430062310.log.2uDRCa.gz,0,1,,,12,,,63.54%,19m 26s,
broadcast_test,cadmium,ls-id-log-20160430131128.log.upKkQ8.gz,0,0,,205995463,7,88,45s,,,
broadcast_test,caesium,ls-id-log-20160503062335.log.iKArWj.gz,0,0,,205055076,10,107,34s,,,
broadcast_test,calcium,ls-id-log-20160505224120.log.zfRZgi.gz,0,0,,62761015,4,16,23s,,,
broadcast_test,carbon,ls-id-log-20160502215719.log.Ljwbsc.gz,0,0,,4773668313,12,2640,11m 6s,,,
broadcast_test,cerium,ls-id-log-20160503062230.log.LGynfI.gz,0,0,,27894889,3,20,11s,,,
broadcast_test,chlorine,ls-id-log-20160505224123.log.LWfByY.gz,0,0,,721163992,8,340,2m 31s,,,
broadcast_test,chromium,ls-id-log-20160502220839.log.pHGjO3.gz,1,0,17624274,,1,3,,,,landslide-trace-1462241329.58.html
broadcast_test,cobalt,ls-id-log-20160430072559.log.VV4BLT.gz,0,0,,403487023,7,170,1m 36s,,,
broadcast_test,copper,ls-id-log-20160429182454.log.NsA25e.gz,0,0,,136940217,7,47,38s,,,
broadcast_test,dysprosium,ls-id-log-20160430043949.log.OKwVDI.gz,0,0,,74351721,6,32,23s,,,
broadcast_test,erbium,ls-id-log-20160430044148.log.0bAfrN.gz,0,0,,350527375,8,166,1m 11s,,,
broadcast_test,europium,ls-id-log-20160503062737.log.n4daVT.gz,0,0,,3893250848,11,1836,10m 23s,,,
broadcast_test,fluorine,ls-id-log-20160430104725.log.41wIvP.gz,0,0,,11952708076,12,4427,24m 28s,,,
broadcast_test,gadolinium,ls-id-log-20160429184127.log.rtNedY.gz,0,0,,1986687409,10,767,5m 3s,,,
broadcast_test,gallium,ls-id-log-20160505224204.log.FCWVvC.gz,0,0,,13830061188,11,8452,38m 29s,,,
broadcast_test,germanium,ls-id-log-20160430073507.log.KmyOaB.gz,0,0,,355189580,8,170,1m 35s,,,
broadcast_test,gold,ls-id-log-20160503080851.log.xBXMMb.gz,0,0,,8706661263,13,4598,19m 48s,,,
broadcast_test,hafnium,ls-id-log-20160429201117.log.6l3voL.gz,0,0,,496070310,8,166,1m 35s,,,
broadcast_test,helium,ls-id-log-20160429182431.log.BeRVxw.gz,0,0,,1075387269,9,232,3m 5s,,,
broadcast_test,holmium,ls-id-log-20160430052339.log.ISnHtZ.gz,0,0,,1029980248,9,484,3m 14s,,,
broadcast_test,hydrogen,ls-id-log-20160503125652.log.0PPS8G.gz,0,0,,906356650,10,645,2m 34s,,,
broadcast_test,indium,ls-id-log-20160430152158.log.r6D7vB.gz,0,0,,8045182454,9,2826,19m 27s,,,
broadcast_test,iodine,ls-id-log-20160503155508.log.D3Z3UJ.gz,0,0,,684235009,10,497,1m 55s,,,
broadcast_test,iridium,ls-id-log-20160429181825.log.MjLMEc.gz,0,0,,564850088,9,166,1m 35s,,,
broadcast_test,iron,ls-id-log-20160430174853.log.B7n2FE.gz,1,0,25158444,,1,3,,,,landslide-trace-1462052948.21.html
broadcast_test,kyrpton,ls-id-log-20160429182408.log.8uJpBj.gz,0,0,,11140658546,11,4542,26m 16s,,,
broadcast_test,lanthanum,ls-id-log-20160502220100.log.Rbaor6.gz,0,1,,,1,,,50.00%,10h 19s,
broadcast_test,lithium,ls-id-log-20160503095451.log.mZkOFD.gz,0,0,,10675901486,11,3336,37m 7s,,,
broadcast_test,lutetium,ls-id-log-20160429182220.log.JcgWZx.gz,0,0,,2072450538,13,462,4m 8s,,,
broadcast_test,magnesium,ls-id-log-20160429221610.log.DfTBpC.gz,0,0,,538036845,8,235,2m 1s,,,
broadcast_test,manganese,ls-id-log-20160430180036.log.prEIfN.gz,0,0,,224136793,7,91,47s,,,
broadcast_test,molybdenum,ls-id-log-20160430174438.log.e7ZcQ5.gz,0,0,,273721371,8,100,1m 2s,,,
broadcast_test,neodymium,ls-id-log-20160430124615.log.vVaGzz.gz,0,0,,526260671,8,210,1m 56s,,,
broadcast_test,neon,ls-id-log-20160502234952.log.wv3Dul.gz,0,1,,,12,,,33.17%,2h 42m 53s,
broadcast_test,nickel,ls-id-log-20160505224030.log.uc4GHP.gz,0,1,,,16,,,38.57%,42m 20s,
broadcast_test,niobium,ls-id-log-20160430074039.log.hvoVtp.gz,0,0,,195973386,6,83,47s,,,
broadcast_test,nitrogen,ls-id-log-20160430052339.log.hQOzjZ.gz,0,0,,85700784,4,33,30s,,,
broadcast_test,osmium,ls-id-log-20160503160704.log.yhvCtE.gz,0,0,,200587606,6,217,55s,,,
broadcast_test,oxygen,ls-id-log-20160502233354.log.56qTej.gz,0,0,,22796513731,15,9042,42m 48s,,,
broadcast_test,palladium,ls-id-log-20160430042454.log.UppUsX.gz,0,0,,744575689,8,266,2m 47s,,,
broadcast_test,phosphorus,ls-id-log-20160502215709.log.bh3TYh.gz,0,0,,206016707,7,154,49s,,,
broadcast_test,platinum,ls-id-log-20160430074150.log.xDJGVm.gz,0,0,,723142272,8,325,2m 28s,,,
broadcast_test,potassium,ls-id-log-20160429184252.log.KGfUSl.gz,0,1,,,9,,,79.74%,142d 23h 44m 19s,
broadcast_test,praseodymium,ls-id-log-20160430041850.log.Lf63cT.gz,0,0,,367009141,8,164,1m 15s,,,
broadcast_test,promethium,ls-id-log-20160429181838.log.WuQZw2.gz,0,0,,709966595,8,325,2m 31s,,,
broadcast_test,rhenium,ls-id-log-20160503095235.log.tLRyH8.gz,0,0,,94714224,6,86,26s,,,
broadcast_test,rhodium,ls-id-log-20160505224058.log.KJvg61.gz,0,0,,160972351,8,72,38s,,,
broadcast_test,rubidium,ls-id-log-20160503095038.log.jtlThe.gz,0,0,,75862937,7,47,18s,,,
broadcast_test,ruthenium,ls-id-log-20160502215728.log.yMwcYw.gz,0,0,,6703009517,12,3530,15m 33s,,,
broadcast_test,samarium,ls-id-log-20160430075442.log.H2n6g6.gz,0,0,,382777065,11,142,51s,,,
broadcast_test,scandium,ls-id-log-20160430042853.log.UREArK.gz,0,0,,779889553,8,295,2m 56s,,,
broadcast_test,selenium,ls-id-log-20160505224113.log.Iwt8un.gz,0,0,,7584866513,13,3006,16m 59s,,,
broadcast_test,silicon,ls-id-log-20160430033759.log.8p0QkQ.gz,1,0,29955297,,1,4,,,,landslide-trace-1462001893.83.html
broadcast_test,silver,ls-id-log-20160505224039.log.uthLH3.gz,0,0,,471385256,7,45,1m 0s,,,
broadcast_test,sodium,ls-id-log-20160430084633.log.gdpSya.gz,0,0,,11365523198,12,3840,30m 29s,,,
broadcast_test,strontium,ls-id-log-20160502231726.log.koRoJP.gz,0,0,,955841191,10,624,2m 34s,,,
broadcast_test,sulfur,ls-id-log-20160430052341.log.2zdKDD.gz,0,1,,,6,,,59.61%,23d 10h 49m 8s,
broadcast_test,tantalum,ls-id-log-20160429223010.log.vZXics.gz,0,0,,17807356374,8,6268,58m 11s,,,
broadcast_test,technetium,ls-id-log-20160517034945.log.i487Fh.gz,1,0,18987115,,1,3,,,,landslide-trace-1463471395.95.html
broadcast_test,tellurium,ls-id-log-20160503080130.log.pztDjm.gz,0,0,,417040538,8,325,1m 21s,,,
broadcast_test,terbium,ls-id-log-20160503125327.log.aWN2Ub.gz,0,0,,163714360,8,119,33s,,,
broadcast_test,thulium,ls-id-log-20160430143112.log.IG0ocD.gz,0,0,,56312079,8,24,13s,,,
broadcast_test,tin,ls-id-log-20160430052339.log.GU4BMa.gz,0,0,,932684517,9,282,2m 52s,,,
broadcast_test,titanium,ls-id-log-20160503055429.log.5w5HlC.gz,0,1,,,2,,,15.95%,2d 11h 28m 52s,
broadcast_test,tungsten,ls-id-log-20160503103423.log.lpk0tL.gz,0,0,,229854867,8,107,46s,,,
broadcast_test,vanadium,ls-id-log-20160430010951.log.thK0UZ.gz,0,0,,137568850,7,47,34s,,,
broadcast_test,xenon,ls-id-log-20160429191846.log.IhlE2P.gz,0,1,,,6,,,68.19%,7h 56m 48s,
broadcast_test,ytterbium,ls-id-log-20160429182820.log.Jzw9z2.gz,0,0,,94371369,6,32,30s,,,
broadcast_test,yttrium,ls-id-log-20160502220934.log.qVEuyo.gz,0,0,,29538666512,13,17836,1h 5m 29s,,,
broadcast_test,zinc,ls-id-log-20160430051430.log.E7K1N4.gz,0,0,,702985077,8,282,1m 52s,,,
broadcast_test,zirconium,ls-id-log-20160430163114.log.M90BrY.gz,0,0,,303574837,8,105,45s,,,
mutex_test,aluminum,ls-id-log-20160111012539.log.z5gXXR.gz,0,0,,26350091,2,13,13s,,,
mutex_test,antimony,ls-id-log-20160111132518.log.fvpFXM.gz,0,0,,56948995,3,12,20s,,,
mutex_test,argon,ls-id-log-20160111012550.log.ZzU1v0.gz,0,0,,26288176,1,6,11s,,,
mutex_test,arsenic,ls-id-log-20160111012512.log.F3TatT.gz,0,0,,28193828,2,13,13s,,,
mutex_test,barium,ls-id-log-20160111102825.log.k3h97X.gz,0,0,,34977859,2,12,12s,,,
mutex_test,beryllium,ls-id-log-20160111013522.log.x5cMUB.gz,0,0,,28900706,2,13,11s,,,
mutex_test,boron,ls-id-log-20160111112617.log.Bn1mky.gz,0,0,,23152584,2,13,9s,,,
mutex_test,bromine,ls-id-log-20160111112603.log.MadD4E.gz,0,0,,23292804,1,8,9s,,,
mutex_test,cadmium,ls-id-log-20160111015003.log.XuiIHq.gz,0,0,,31896409,3,12,12s,,,
mutex_test,caesium,ls-id-log-20160111012622.log.kDFRcD.gz,0,0,,35441700,5,13,11s,,,
mutex_test,calcium,ls-id-log-20160111132513.log.T3m9vT.gz,0,0,,23173505,2,7,9s,,,
mutex_test,carbon,ls-id-log-20160111012525.log.971sAy.gz,0,0,,32431139,2,13,15s,,,
mutex_test,cerium,ls-id-log-20160111112548.log.6iC2JL.gz,0,0,,28507812,2,13,11s,,,
mutex_test,chlorine,ls-id-log-20160111012521.log.xoGNil.gz,0,0,,30332928,2,13,15s,,,
mutex_test,chromium,ls-id-log-20160111112838.log.AItrLE.gz,0,0,,26508624,3,12,10s,,,
mutex_test,cobalt,ls-id-log-20160111033611.log.sA6AX5.gz,0,0,,39294305,2,8,18s,,,
mutex_test,copper,ls-id-log-20160111103642.log.dLI9h6.gz,0,0,,27003827,2,13,9s,,,
mutex_test,dysprosium,ls-id-log-20160111151705.log.sJCN6C.gz,0,0,,23490565,2,13,9s,,,
mutex_test,erbium,ls-id-log-20160111013009.log.EC7cOa.gz,0,0,,25320654,2,9,9s,,,
mutex_test,europium,ls-id-log-20160111012527.log.8lyAzC.gz,0,0,,29968087,2,13,14s,,,
mutex_test,fluorine,ls-id-log-20160111112734.log.kqzDAI.gz,0,0,,21961407,2,12,9s,,,
mutex_test,gadolinium,ls-id-log-20160111112642.log.s0ul1e.gz,0,0,,23736887,2,13,10s,,,
mutex_test,gallium,ls-id-log-20160111012611.log.M15JTr.gz,0,0,,27881161,2,9,10s,,,
mutex_test,germanium,ls-id-log-20160111012531.log.JyZ5Fx.gz,0,0,,27236550,2,13,12s,,,
mutex_test,gold,ls-id-log-20160111012512.log.TCiZlM.gz,0,0,,26026496,1,6,12s,,,
mutex_test,hafnium,ls-id-log-20160111212744.log.W4GfxT.gz,0,0,,33620604,3,25,12s,,,
mutex_test,helium,ls-id-log-20160111012928.log.AKCgpR.gz,0,0,,41827387,1,6,28s,,,
mutex_test,holmium,ls-id-log-20160111112915.log.BRPmeD.gz,0,0,,23463026,2,13,9s,,,
mutex_test,hydrogen,ls-id-log-20160111014811.log.IAHRYT.gz,0,0,,34565197,2,8,16s,,,
mutex_test,indium,ls-id-log-20160111013318.log.HLs6dF.gz,0,0,,35655887,2,12,15s,,,
mutex_test,iodine,ls-id-log-20160111132721.log.T8i4e2.gz,0,0,,22328644,2,13,9s,,,
mutex_test,iridium,ls-id-log-20160111013139.log.3rOtpE.gz,0,0,,37216157,5,9,12s,,,
mutex_test,iron,ls-id-log-20160111012537.log.Q25pXF.gz,0,0,,36533085,5,8,13s,,,
mutex_test,kyrpton,ls-id-log-20160111055839.log.IVnCI6.gz,0,0,,26963237,2,13,10s,,,
mutex_test,lanthanum,ls-id-log-20160111020755.log.SNgL9O.gz,0,0,,57777592,3,23,25s,,,
mutex_test,lithium,ls-id-log-20160111012540.log.wycdAg.gz,0,0,,30553646,2,13,13s,,,
mutex_test,lutetium,ls-id-log-20160111132610.log.LMHPHO.gz,0,0,,24693897,3,11,9s,,,
mutex_test,magnesium,ls-id-log-20160111012755.log.2XtA0y.gz,0,0,,28352204,1,6,14s,,,
mutex_test,manganese,ls-id-log-20160111012542.log.CwZmT2.gz,0,0,,37076863,2,13,17s,,,
mutex_test,molybdenum,ls-id-log-20160111012504.log.igQsrI.gz,0,0,,29050740,2,13,13s,,,
mutex_test,neodymium,ls-id-log-20160111012718.log.cte5ZY.gz,0,0,,41167570,3,8,17s,,,
mutex_test,neon,ls-id-log-20160111012545.log.6PnOIe.gz,0,0,,29776337,2,13,11s,,,
mutex_test,nickel,ls-id-log-20160111012616.log.QfsBrU.gz,0,0,,26532486,2,12,12s,,,
mutex_test,niobium,ls-id-log-20160111012506.log.7RZ3ev.gz,0,0,,26360214,2,13,12s,,,
mutex_test,nitrogen,ls-id-log-20160111102510.log.QcH8Qn.gz,0,0,,38623874,2,12,19s,,,
mutex_test,osmium,ls-id-log-20160111012557.log.yrfs6b.gz,0,0,,33436928,2,13,15s,,,
mutex_test,oxygen,ls-id-log-20160111132625.log.masUO4.gz,0,0,,33952684,3,23,13s,,,
mutex_test,palladium,ls-id-log-20160111112801.log.I3OKXf.gz,0,0,,22140375,2,8,9s,,,
mutex_test,phosphorus,ls-id-log-20160111212643.log.sLMrwv.gz,0,0,,22201555,2,8,9s,,,
mutex_test,platinum,ls-id-log-20160111012619.log.gmaBQb.gz,0,0,,27519373,2,13,10s,,,
mutex_test,potassium,ls-id-log-20160111143912.log.HhR3r3.gz,0,0,,29857420,3,21,11s,,,
mutex_test,praseodymium,ls-id-log-20160111112805.log.SVu5NU.gz,0,0,,21512875,2,9,8s,,,
mutex_test,promethium,ls-id-log-20160111013830.log.OTJtiU.gz,0,0,,37775710,2,13,19s,,,
mutex_test,rhenium,ls-id-log-20160111012813.log.BL7MnA.gz,0,0,,36377628,2,13,16s,,,
mutex_test,rhodium,ls-id-log-20160111100717.log.0DmxPP.gz,0,0,,28937454,3,12,9s,,,
mutex_test,rubidium,ls-id-log-20160111132635.log.IUcOSd.gz,0,0,,21467137,2,8,9s,,,
mutex_test,ruthenium,ls-id-log-20160111013716.log.Ae1R94.gz,0,0,,27454453,2,9,10s,,,
mutex_test,samarium,ls-id-log-20160111212723.log.02KHey.gz,0,0,,23956997,2,10,9s,,,
mutex_test,scandium,ls-id-log-20160111132524.log.HwEdKZ.gz,0,0,,20068624,1,6,10s,,,
mutex_test,selenium,ls-id-log-20160111112644.log.46enwg.gz,0,0,,32745757,3,16,11s,,,
mutex_test,silicon,ls-id-log-20160111012515.log.rfIQlF.gz,0,0,,38557196,3,16,16s,,,
mutex_test,silver,ls-id-log-20160111015500.log.caoLn3.gz,0,0,,236472312,3,12,1m 24s,,,
mutex_test,sodium,ls-id-log-20160111043902.log.IDtYOT.gz,0,0,,26822565,2,13,9s,,,
mutex_test,strontium,ls-id-log-20160111112621.log.yV3FFg.gz,0,0,,27283987,2,13,10s,,,
mutex_test,sulfur,ls-id-log-20160111112731.log.1ZhDki.gz,0,0,,56695028,4,50,19s,,,
mutex_test,tantalum,ls-id-log-20160111132511.log.6XYLaR.gz,0,0,,40726970,3,42,17s,,,
mutex_test,technetium,ls-id-log-20160111113039.log.lQ0ujW.gz,0,0,,21560774,2,13,9s,,,
mutex_test,tellurium,ls-id-log-20160111044931.log.foisqN.gz,0,0,,26918067,1,6,8s,,,
mutex_test,terbium,ls-id-log-20160111112952.log.MpEww4.gz,0,0,,18142843,1,6,8s,,,
mutex_test,thulium,ls-id-log-20160111103503.log.TXr9Q5.gz,0,0,,47747256,3,12,20s,,,
mutex_test,tin,ls-id-log-20160111012639.log.NpxcMx.gz,0,0,,30680804,1,22,15s,,,
mutex_test,titanium,ls-id-log-20160111012857.log.Twaoqt.gz,0,0,,948897715,5,277,3m 57s,,,
mutex_test,tungsten,ls-id-log-20160111112725.log.R8gjcL.gz,0,0,,6680961143,2,13,11s,,,
mutex_test,vanadium,ls-id-log-20160111012831.log.ezStjO.gz,0,0,,33272016,2,13,14s,,,
mutex_test,xenon,ls-id-log-20160111012602.log.h0ToK1.gz,0,0,,102650241,3,108,43s,,,
mutex_test,ytterbium,ls-id-log-20160111012510.log.RofuPA.gz,0,0,,28393104,2,12,14s,,,
mutex_test,yttrium,ls-id-log-20160111012533.log.pJXRPc.gz,0,0,,37762076,3,17,16s,,,
mutex_test,zinc,ls-id-log-20160111013704.log.kKFaGU.gz,1,0,30596546,,2,11,,,,landslide-trace-1452494238.12.html
mutex_test,zirconium,ls-id-log-20160111023544.log.lbdLDe.gz,0,0,,63042763,3,25,25s,,,
paradise_lost (aka sem),aluminum,ls-id-log-20160430052806.log.hiSKcp.gz,0,1,,,9,,,65.97%,20h 18m 37s,
paradise_lost (aka sem),antimony,ls-id-log-20160803021402.log.gNEhrO.gz,0,1,,,5,,,25.39%,6d 16h 28m 3s,
paradise_lost (aka sem),argon,ls-id-log-20160430112208.log.1hSXKk.gz,0,0,,775734815,5,833,4m 18s,,,
paradise_lost (aka sem),arsenic,ls-id-log-20160430154718.log.abrL2s.gz,1,0,50988270,,1,43,,,,landslide-trace-1462045651.34.html
paradise_lost (aka sem),barium,ls-id-log-20160429181825.log.6bgdMh.gz,0,1,,,3,,,20.84%,189y 149d 11h 54m 56s,
paradise_lost (aka sem),beryllium,ls-id-log-20160807193352.log.wsPwZP.gz,0,1,,,4,,,53.72%,1d 54m 40s,
paradise_lost (aka sem),boron,ls-id-log-20160505224054.log.nnmLdP.gz,0,1,,,5,,,43.68%,12h 10m 55s,
paradise_lost (aka sem),bromine,ls-id-log-20160505224044.log.r60qYd.gz,0,0,,185341390,1,384,2m 46s,,,
paradise_lost (aka sem),cadmium,ls-id-log-20160807193421.log.FKlYsl.gz,0,1,,,5,,,3.29%,2d 20h 42m 32s,
paradise_lost (aka sem),caesium,ls-id-log-20160430052340.log.kygOie.gz,0,1,,,7,,,25.49%,359d 21h 9m 11s,
paradise_lost (aka sem),calcium,ls-id-log-20160505224036.log.fv5Nc7.gz,0,0,,69930627,3,31,28s,,,
paradise_lost (aka sem),carbon,ls-id-log-20160509225318.log.Pf8phO.gz,0,1,,,4,,,0.65%,133d 21h 54m 10s,
paradise_lost (aka sem),cerium,ls-id-log-20160803021354.log.bwL5x3.gz,0,1,,,4,,,95.06%,58d 2h 4m 49s,
paradise_lost (aka sem),chlorine,ls-id-log-20160517165409.log.6rm4hv.gz,0,1,,,4,,,13.00%,5d 14h 39m 6s,
paradise_lost (aka sem),chromium,ls-id-log-20160803021403.log.qoReRq.gz,0,1,,,6,,,64.82%,21h 19m 19s,
paradise_lost (aka sem),cobalt,ls-id-log-20160429191609.log.qz0uKf.gz,0,1,,,6,,,59.16%,1d 17h 47m 33s,
paradise_lost (aka sem),copper,ls-id-log-20160518015244.log.I28cj8.gz,0,1,,,6,,,33.61%,16d 20h 52m 37s,
paradise_lost (aka sem),dysprosium,ls-id-log-20160429220814.log.2Y92mL.gz,0,1,,,7,,,18.91%,4h 12m 55s,
paradise_lost (aka sem),erbium,ls-id-log-20160518015246.log.wTlTTB.gz,0,1,,,6,,,68.21%,13h 12m 21s,
paradise_lost (aka sem),europium,ls-id-log-20160803021400.log.51wVCn.gz,0,1,,,4,,,1.74%,39d 16h 52m 28s,
paradise_lost (aka sem),fluorine,ls-id-log-20160517165354.log.PDY1Cv.gz,0,1,,,3,,,53.77%,33d 4h 11m 34s,
paradise_lost (aka sem),gadolinium,ls-id-log-20160509225334.log.BfsNgL.gz,0,1,,,4,,,6.27%,41d 21h 14m 57s,
paradise_lost (aka sem),gallium,ls-id-log-20160430072612.log.poh3Lq.gz,0,1,,,4,,,0.00%,142y 134d 21h 15m 36s,
paradise_lost (aka sem),germanium,ls-id-log-20160505224204.log.bR8kwd.gz,0,1,,,5,,,4.63%,17d 15h 57m 9s,
paradise_lost (aka sem),gold,ls-id-log-20160429182403.log.LUSJaj.gz,0,1,,,10,,,22.85%,4h 25m 10s,
paradise_lost (aka sem),hafnium,ls-id-log-20160505231359.log.Ci43kx.gz,0,1,,,5,,,66.86%,9h 1m 33s,
paradise_lost (aka sem),helium,ls-id-log-20160430155310.log.gfsz5S.gz,0,0,,627984128,6,398,2m 50s,,,
paradise_lost (aka sem),holmium,ls-id-log-20160517165353.log.ncvBnd.gz,0,1,,,4,,,70.99%,12h 25m 15s,
paradise_lost (aka sem),hydrogen,ls-id-log-20160429224523.log.Il7JTC.gz,0,1,,,4,,,59.77%,2d 18h 35m 45s,
paradise_lost (aka sem),indium,ls-id-log-20160518015850.log.H5hNin.gz,0,1,,,1,,,6.81%,115d 14h 24m 50s,
paradise_lost (aka sem),iodine,ls-id-log-20160430081231.log.mCWeDp.gz,0,1,,,5,,,15.30%,11d 21h 45m 16s,
paradise_lost (aka sem),iridium,ls-id-log-20160509225314.log.etP959.gz,0,1,,,7,,,95.31%,14h 8m 11s,
paradise_lost (aka sem),iron,ls-id-log-20160429181817.log.VPWIdO.gz,1,0,46780222,,2,8,,,,landslide-trace-1461968309.6.html
paradise_lost (aka sem),kyrpton,ls-id-log-20160505224122.log.e2YdVw.gz,0,0,,7995799427,8,4384,25m 0s,,,
paradise_lost (aka sem),lanthanum,ls-id-log-20160429232255.log.isJIYO.gz,1,0,31121149,,1,6,,,,landslide-trace-1461986596.03.html
paradise_lost (aka sem),lithium,ls-id-log-20160430081054.log.oueijE.gz,1,0,43430086,,1,21,,,,landslide-trace-1462018269.8.html
paradise_lost (aka sem),lutetium,ls-id-log-20160807193412.log.KAAQSq.gz,0,1,,,7,,,91.71%,22h 25m 4s,
paradise_lost (aka sem),magnesium,ls-id-log-20160430131529.log.s7XrY2.gz,0,0,,1805406557,6,1176,6m 47s,,,
paradise_lost (aka sem),manganese,ls-id-log-20160808130313.log.fBo7Iz.gz,0,1,,,5,,,98.20%,30m 46s,
paradise_lost (aka sem),molybdenum,ls-id-log-20160807193416.log.Igyk5H.gz,0,1,,,5,,,17.60%,109d 18h 54m 59s,
paradise_lost (aka sem),neodymium,ls-id-log-20160517035001.log.nqikcw.gz,0,1,,,12,,,27.30%,2h 40m 45s,
paradise_lost (aka sem),neon,ls-id-log-20160505224041.log.3VKiEW.gz,1,0,26420143,,1,12,,,,landslide-trace-1462502453.3.html
paradise_lost (aka sem),nickel,ls-id-log-20160429181848.log.Qv8d55.gz,0,1,,,3,,,3.13%,27640y 209d 20h 5m 57s,
paradise_lost (aka sem),niobium,ls-id-log-20160807193344.log.q6ORNl.gz,0,1,,,5,,,55.01%,14h 6m 14s,
paradise_lost (aka sem),nitrogen,ls-id-log-20160505224109.log.qAv8x7.gz,0,0,,70575231,3,31,28s,,,
paradise_lost (aka sem),osmium,ls-id-log-20160505224128.log.QUbd6D.gz,1,0,34736286,,1,7,,,,landslide-trace-1462502505.35.html
paradise_lost (aka sem),oxygen,ls-id-log-20160429182451.log.2doDj7.gz,0,1,,,4,,,58.34%,7y 205d 16h 59m 56s,
paradise_lost (aka sem),palladium,ls-id-log-20160429182905.log.mdw3Aq.gz,0,1,,,6,,,27.59%,1d 9h 35m 24s,
paradise_lost (aka sem),phosphorus,ls-id-log-20160430072918.log.7GJ4BI.gz,1,0,43049449,,1,21,,,,landslide-trace-1462015774.21.html
paradise_lost (aka sem),platinum,ls-id-log-20160505224210.log.ARshFW.gz,0,1,,,5,,,2.24%,1d 16h 52m 16s,
paradise_lost (aka sem),potassium,ls-id-log-20160517165357.log.Pds2S4.gz,0,1,,,4,,,0.59%,64d 18h 36m 1s,
paradise_lost (aka sem),praseodymium,ls-id-log-20160518015252.log.t1fagT.gz,0,1,,,7,,,58.70%,2d 16h 3m 51s,
paradise_lost (aka sem),promethium,ls-id-log-20160505224045.log.l3GjcF.gz,0,1,,,4,,,51.30%,5d 9h 14m 48s,
paradise_lost (aka sem),rhenium,ls-id-log-20160517165354.log.HywbaD.gz,0,1,,,5,,,42.67%,2d 9h 58m 7s,
paradise_lost (aka sem),rhodium,ls-id-log-20160803021358.log.5JRoVY.gz,0,0,,9152099402,13,3848,17m 19s,,,
paradise_lost (aka sem),rubidium,ls-id-log-20160430042622.log.YGEBnU.gz,0,1,,,5,,,48.08%,3h 58m 57s,
paradise_lost (aka sem),ruthenium,ls-id-log-20160430154240.log.dPrLcC.gz,1,0,35707407,,1,38,,,,landslide-trace-1462045373.84.html
paradise_lost (aka sem),samarium,ls-id-log-20160505230935.log.NXViX9.gz,0,1,,,5,,,76.54%,74d 2h 17m 10s,
paradise_lost (aka sem),scandium,ls-id-log-20160430044158.log.O5dmHS.gz,0,0,,1893152221,6,852,5m 54s,,,
paradise_lost (aka sem),selenium,ls-id-log-20160430041949.log.1eeEHL.gz,0,1,,,4,,,0.41%,18d 22h 52m 43s,
paradise_lost (aka sem),silicon,ls-id-log-20160803021407.log.PpUwU7.gz,0,1,,,3,,,10.44%,459766y 136d 15h 37m 45s,
paradise_lost (aka sem),silver,ls-id-log-20160803021347.log.OM6WaG.gz,0,1,,,7,,,4.36%,3d 14h 21m 5s,
paradise_lost (aka sem),sodium,ls-id-log-20160803021410.log.WAADWb.gz,0,1,,,3,,,1.62%,167d 2h 8m 20s,
paradise_lost (aka sem),strontium,ls-id-log-20160505224055.log.9lzBiY.gz,0,0,,553996401,5,192,1m 49s,,,
paradise_lost (aka sem),sulfur,ls-id-log-20160505224031.log.ds2X95.gz,0,1,,,6,,,29.73%,2d 53m 59s,
paradise_lost (aka sem),tantalum,ls-id-log-20160505224049.log.Y9OsZb.gz,1,0,16049569804,,1,38311,,,,landslide-trace-1462502464.01.html
paradise_lost (aka sem),technetium,ls-id-log-20160517165421.log.NQqoHT.gz,0,1,,,5,,,20.88%,2d 21h 13m 26s,
paradise_lost (aka sem),tellurium,ls-id-log-20160430052338.log.POTpDl.gz,0,1,,,4,,,94.94%,17d 4h 8m 13s,
paradise_lost (aka sem),terbium,ls-id-log-20160429181756.log.s5c21a.gz,0,0,,1382561982,6,833,6m 22s,,,
paradise_lost (aka sem),thulium,ls-id-log-20160430044824.log.DIL8wv.gz,0,0,,8233505414,13,2944,19m 39s,,,
paradise_lost (aka sem),tin,ls-id-log-20160429183138.log.RTcigE.gz,0,1,,,1,,,10.68%,2y 286d 21h 8m 9s,
paradise_lost (aka sem),titanium,ls-id-log-20160430073321.log.wPZo5C.gz,1,0,1668709842,,0,1679,,,,landslide-trace-1462016022.35.html
paradise_lost (aka sem),tungsten,ls-id-log-20160803021414.log.A3Ma0d.gz,0,1,,,5,,,20.90%,2d 13h 10m 31s,
paradise_lost (aka sem),vanadium,ls-id-log-20160430174302.log.1MqLxX.gz,1,0,57127412,,1,9,,,,landslide-trace-1462052625.19.html
paradise_lost (aka sem),xenon,ls-id-log-20160430032756.log.Ne8cJD.gz,0,1,,,3,,,6.38%,143d 6h 7m 3s,
paradise_lost (aka sem),ytterbium,ls-id-log-20160430072559.log.UYcwzU.gz,0,1,,,6,,,44.70%,4y 96d 17h 4m 44s,
paradise_lost (aka sem),yttrium,ls-id-log-20160430073103.log.HpEEQw.gz,0,1,,,3,,,0.00%,185y 112d 10h 46m 51s,
paradise_lost (aka sem),zinc,ls-id-log-20160505224047.log.ugjZ5x.gz,1,0,97481948,,1,93,,,,landslide-trace-1462502466.11.html
paradise_lost (aka sem),zirconium,ls-id-log-20160505231357.log.rA5VOG.gz,0,1,,,2,,,71.99%,1h 3m 0s,
paraguay (aka signal),aluminum,ls-id-log-20160503031434.log.gvYoq4.gz,0,1,,,9,,,17.65%,5h 4m 42s,
paraguay (aka signal),antimony,ls-id-log-20160430072559.log.wkPhVt.gz,0,1,,,9,,,50.81%,121d 15h 36m 42s,
paraguay (aka signal),argon,ls-id-log-20160429182509.log.lwZmVi.gz,0,0,,67294982,2,32,34s,,,
paraguay (aka signal),arsenic,ls-id-log-20160430174302.log.l8AQX4.gz,1,0,55163845,,1,3,,,,landslide-trace-1462052625.16.html
paraguay (aka signal),barium,ls-id-log-20160429182033.log.mVtXfs.gz,0,1,,,6,,,29.40%,59d 15h 28m 11s,
paraguay (aka signal),beryllium,ls-id-log-20160429184059.log.Dztc9E.gz,0,1,,,9,,,29.25%,5h 24m 27s,
paraguay (aka signal),boron,ls-id-log-20160429182510.log.YgZJMh.gz,0,1,,,9,,,14.50%,35d 17h 31m 28s,
paraguay (aka signal),bromine,ls-id-log-20160429182341.log.Bg7Wcp.gz,0,1,,,5,,,7.90%,6h 33m 57s,
paraguay (aka signal),cadmium,ls-id-log-20160430051536.log.WkeGXx.gz,0,1,,,9,,,56.02%,2h 8m 58s,
paraguay (aka signal),caesium,ls-id-log-20160429181823.log.vq7pwF.gz,0,1,,,13,,,40.91%,7d 12h 53m 19s,
paraguay (aka signal),calcium,ls-id-log-20160505224108.log.RI2uiD.gz,0,0,,1623618576,9,455,3m 41s,,,
paraguay (aka signal),carbon,ls-id-log-20160430080523.log.CFgJJ2.gz,0,1,,,8,,,34.21%,6h 5m 26s,
paraguay (aka signal),cerium,ls-id-log-20160430154247.log.QHXyih.gz,0,0,,7530099869,11,2880,18m 3s,,,
paraguay (aka signal),chlorine,ls-id-log-20160505230940.log.UggYaE.gz,0,1,,,6,,,31.47%,11h 15m 12s,
paraguay (aka signal),chromium,ls-id-log-20160505224040.log.Q4U3Ou.gz,0,0,,13936635852,17,3456,21m 0s,,,
paraguay (aka signal),cobalt,ls-id-log-20160429183117.log.9wRzEm.gz,0,0,,17444281051,12,5400,35m 26s,,,
paraguay (aka signal),copper,ls-id-log-20160430042347.log.RszGWP.gz,0,1,,,13,,,30.01%,1h 2m 50s,
paraguay (aka signal),dysprosium,ls-id-log-20160430052352.log.B8q3Wo.gz,0,0,,28123522393,14,7056,1h 55m 17s,,,
paraguay (aka signal),erbium,ls-id-log-20160505224108.log.QxLkbW.gz,0,0,,45857676,2,12,22s,,,
paraguay (aka signal),europium,ls-id-log-20160505224039.log.gEbVD8.gz,0,1,,,7,,,56.31%,2h 9m 9s,
paraguay (aka signal),fluorine,ls-id-log-20160429182542.log.jRJ9Jb.gz,0,1,,,4,,,51.97%,4d 5h 37m 48s,
paraguay (aka signal),gadolinium,ls-id-log-20160430082629.log.5XcJeU.gz,0,1,,,7,,,3.61%,15h 54m 48s,
paraguay (aka signal),gallium,ls-id-log-20160505224052.log.4qkScJ.gz,0,1,,,5,,,25.44%,6h 35m 30s,
paraguay (aka signal),germanium,ls-id-log-20160430052709.log.cNp43R.gz,1,0,160444339,,2,158,,,,landslide-trace-1462008445.59.html
paraguay (aka signal),gold,ls-id-log-20160430154244.log.2Nbpbk.gz,0,0,,50411172,2,27,23s,,,
paraguay (aka signal),hafnium,ls-id-log-20160503023152.log.T4Ga1W.gz,0,1,,,9,,,22.31%,5h 34m 14s,
paraguay (aka signal),helium,ls-id-log-20160430052527.log.5SyG43.gz,0,0,,92543980,2,12,42s,,,
paraguay (aka signal),holmium,ls-id-log-20160429181829.log.2h0FIX.gz,0,1,,,6,,,76.58%,274d 6h 49m 52s,
paraguay (aka signal),hydrogen,ls-id-log-20160429181833.log.tBo7Oq.gz,0,0,,3410229842,9,1260,10m 5s,,,
paraguay (aka signal),indium,ls-id-log-20160430014721.log.ND0UjS.gz,0,1,,,5,,,68.49%,2h 1m 12s,
paraguay (aka signal),iodine,ls-id-log-20160505224123.log.thAMjM.gz,0,1,,,7,,,51.71%,22h 2m 57s,
paraguay (aka signal),iridium,ls-id-log-20160430143227.log.NK7Jbt.gz,0,0,,637116983,9,468,2m 24s,,,
paraguay (aka signal),iron,ls-id-log-20160430143129.log.lW0A2J.gz,1,0,23673571,,2,2,,,,landslide-trace-1462041101.02.html
paraguay (aka signal),kyrpton,ls-id-log-20160503023013.log.WUwJ6d.gz,0,1,,,5,,,58.33%,105d 15h 29m 32s,
paraguay (aka signal),lanthanum,ls-id-log-20160430145431.log.gAXMUe.gz,1,0,33619884,,1,3,,,,landslide-trace-1462042487.8.html
paraguay (aka signal),lithium,ls-id-log-20160505224118.log.NyR7nY.gz,0,1,,,7,,,10.41%,127d 3h 32m 14s,
paraguay (aka signal),lutetium,ls-id-log-20160429183601.log.jXqg3Z.gz,0,1,,,7,,,51.95%,18y 20d 6h 59m 10s,
paraguay (aka signal),magnesium,ls-id-log-20160430150521.log.VekXZo.gz,0,0,,48494605,2,18,20s,,,
paraguay (aka signal),manganese,ls-id-log-20160429182506.log.2mOZXK.gz,0,0,,24136254373,13,5400,56m 33s,,,
paraguay (aka signal),molybdenum,ls-id-log-20160505224050.log.1emxLr.gz,0,1,,,12,,,9.57%,2h 52m 32s,
paraguay (aka signal),neodymium,ls-id-log-20160429181859.log.3mFSC8.gz,0,0,,3575556476,9,1152,10m 35s,,,
paraguay (aka signal),neon,ls-id-log-20160505224123.log.4qZr5f.gz,0,1,,,6,,,3.97%,257d 14h 47m 27s,
paraguay (aka signal),nickel,ls-id-log-20160429181938.log.EWw3eA.gz,0,1,,,6,,,3.46%,43d 19h 49m 27s,
paraguay (aka signal),niobium,ls-id-log-20160505224037.log.3KsZ5L.gz,0,0,,12370779910,13,4374,26m 5s,,,
paraguay (aka signal),nitrogen,ls-id-log-20160505224106.log.QXrHiE.gz,0,0,,8886259484,11,2400,24m 33s,,,
paraguay (aka signal),osmium,ls-id-log-20160429222547.log.bGme0q.gz,0,1,,,9,,,32.67%,3h 19m 40s,
paraguay (aka signal),oxygen,ls-id-log-20160430080354.log.8rvxRF.gz,0,1,,,9,,,1.63%,51m 59s,
paraguay (aka signal),palladium,ls-id-log-20160505230946.log.IKI08J.gz,0,1,,,8,,,73.69%,5h 36m 16s,
paraguay (aka signal),phosphorus,ls-id-log-20160429182122.log.Irv58i.gz,0,1,,,5,,,3.13%,6y 80d 4h 35m 13s,
paraguay (aka signal),platinum,ls-id-log-20160429191505.log.AFefGB.gz,0,1,,,6,,,75.04%,35m 23s,
paraguay (aka signal),potassium,ls-id-log-20160430054126.log.C77hK4.gz,0,1,,,5,,,1.85%,23d 8h 31m 56s,
paraguay (aka signal),praseodymium,ls-id-log-20160430072559.log.L4AVLq.gz,0,0,,749164939,8,249,2m 32s,,,
paraguay (aka signal),promethium,ls-id-log-20160429183130.log.bLxBs5.gz,0,1,,,6,,,68.10%,9d 1h 59m 47s,
paraguay (aka signal),rhenium,ls-id-log-20160430080911.log.DE3zka.gz,1,0,48919816,,2,33,,,,landslide-trace-1462018165.6.html
paraguay (aka signal),rhodium,ls-id-log-20160503105424.log.PzAr45.gz,0,0,,3284078155,11,1200,7m 30s,,,
paraguay (aka signal),rubidium,ls-id-log-20160505224115.log.VfzWUM.gz,0,1,,,7,,,41.24%,7h 58m 57s,
paraguay (aka signal),ruthenium,ls-id-log-20160430052436.log.Q0S5dm.gz,0,1,,,6,,,75.77%,1d 9h 3m 12s,
paraguay (aka signal),samarium,ls-id-log-20160429181845.log.0Eu4QW.gz,0,1,,,8,,,12.68%,69d 14h 37m 53s,
paraguay (aka signal),scandium,ls-id-log-20160430150318.log.9LgnPi.gz,0,0,,82726492,2,48,39s,,,
paraguay (aka signal),selenium,ls-id-log-20160503023027.log.bsHBX6.gz,0,1,,,7,,,55.57%,4h 2m 15s,
paraguay (aka signal),silicon,ls-id-log-20160505224054.log.QtqfPK.gz,0,1,,,5,,,0.81%,276d 10h 28m 46s,
paraguay (aka signal),silver,ls-id-log-20160503123220.log.zTLG83.gz,0,0,,4122218727,12,960,7m 32s,,,
paraguay (aka signal),sodium,ls-id-log-20160429202225.log.JFMzXG.gz,0,1,,,6,,,24.31%,17h 7m 10s,
paraguay (aka signal),strontium,ls-id-log-20160505224059.log.R3kz0s.gz,0,1,,,13,,,65.59%,4h 28m 14s,
paraguay (aka signal),sulfur,ls-id-log-20160503023007.log.EwiquK.gz,0,1,,,8,,,38.52%,7h 28m 27s,
paraguay (aka signal),tantalum,ls-id-log-20160505224109.log.qmFHXe.gz,0,1,,,1,,,26.97%,1d 24m 40s,
paraguay (aka signal),technetium,ls-id-log-20160429181814.log.boiVBF.gz,0,1,,,6,,,25.25%,18h 16m 45s,
paraguay (aka signal),tellurium,ls-id-log-20160503023623.log.nkuYgg.gz,0,1,,,7,,,64.93%,18h 29m 10s,
paraguay (aka signal),terbium,ls-id-log-20160505224216.log.BQDLNr.gz,0,0,,1367508740,10,824,3m 45s,,,
paraguay (aka signal),thulium,ls-id-log-20160430071616.log.kxQ0SP.gz,0,0,,721523834,10,216,1m 49s,,,
paraguay (aka signal),tin,ls-id-log-20160503023244.log.edsTW7.gz,0,0,,5386350779,9,1386,11m 35s,,,
paraguay (aka signal),titanium,ls-id-log-20160430052047.log.dwMg22.gz,0,1,,,1,,,0.20%,1y 244d 22h 8m 57s,
paraguay (aka signal),tungsten,ls-id-log-20160430045218.log.cJbQlS.gz,0,0,,35063228683,15,7350,1h 5m 57s,,,
paraguay (aka signal),vanadium,ls-id-log-20160429185143.log.IZ6Hl3.gz,0,1,,,11,,,81.35%,21m 56s,
paraguay (aka signal),xenon,ls-id-log-20160503023004.log.IHy0GJ.gz,0,1,,,3,,,18.79%,2d 6h 8m 44s,
paraguay (aka signal),ytterbium,ls-id-log-20160429181849.log.MDEaik.gz,0,1,,,14,,,30.86%,2d 5h 58m 24s,
paraguay (aka signal),yttrium,ls-id-log-20160509225329.log.00UX7X.gz,0,1,,,4,,,0.53%,38d 14h 49m 15s,
paraguay (aka signal),zinc,ls-id-log-20160503023020.log.iEyAtC.gz,0,1,,,9,,,23.08%,6h 34m 40s,
paraguay (aka signal),zirconium,ls-id-log-20160430032902.log.d2SZCr.gz,0,1,,,8,,,58.45%,52m 11s,
priority-sema (aka sched),algeria,ls-id-log-20160111224205.log.n5hqbo.gz,0,0,,3137984991,10,1341,3m 38s,,,
priority-sema (aka sched),angola,ls-id-log-20160112083720.log.Ssu8mt.gz,0,0,,9778643923,11,7236,24m 30s,,,
priority-sema (aka sched),argentina,ls-id-log-20160111224057.log.8UpUwP.gz,0,1,,,5,,,45.33%,19d 14h 35m 32s,
priority-sema (aka sched),australia,ls-id-log-20160111224108.log.qcBW1F.gz,0,0,,3815190299,11,1823,4m 57s,,,
priority-sema (aka sched),benelux,ls-id-log-20160112015039.log.irHdAA.gz,0,0,,11892888443,12,5564,22m 21s,,,
priority-sema (aka sched),bolivia,ls-id-log-20160112185953.log.HqTOGo.gz,0,0,,16529686576,12,12332,30m 18s,,,
priority-sema (aka sched),botswana,ls-id-log-20160111223609.log.FGShDu.gz,0,0,,1116316076,10,494,2m 14s,,,
priority-sema (aka sched),brazil,ls-id-log-20160111223730.log.V7tgNg.gz,0,0,,5534028600,11,1731,12m 12s,,,
priority-sema (aka sched),bulgaria,ls-id-log-20160111223629.log.zC1YOB.gz,0,0,,2235888733,10,1341,5m 12s,,,
priority-sema (aka sched),burma,ls-id-log-20160111223646.log.3kPviI.gz,0,0,,3073950335,10,1776,7m 47s,,,
priority-sema (aka sched),cameroon,ls-id-log-20160112083752.log.1a7KE4.gz,0,0,,1962993442,10,1776,4m 28s,,,
priority-sema (aka sched),chile,ls-id-log-20160111223613.log.ufVA39.gz,0,0,,1517202359,10,1341,3m 19s,,,
priority-sema (aka sched),costarica,ls-id-log-20160111223620.log.rLaJKL.gz,0,0,,7331910935,11,4503,16m 23s,,,
priority-sema (aka sched),cuba,ls-id-log-20160111231348.log.pQmOIb.gz,0,0,,1835907473,10,1341,3m 53s,,,
priority-sema (aka sched),czechoslovakia,ls-id-log-20160111223618.log.wGNNiD.gz,0,1,,,13,,,11.10%,3h 49m 19s,
priority-sema (aka sched),denmark,ls-id-log-20160111223626.log.yIpCNO.gz,0,0,,9980136309,11,7236,23m 25s,,,
priority-sema (aka sched),eastgermany,ls-id-log-20160112054040.log.bGy50s.gz,0,0,,23725293154,12,14280,46m 30s,,,
priority-sema (aka sched),ecuador,ls-id-log-20160112012343.log.eD3W2p.gz,0,0,,6142046478,11,3402,13m 3s,,,
priority-sema (aka sched),egypt,ls-id-log-20160111231430.log.Hi23al.gz,0,0,,1902673122,10,1341,3m 35s,,,
priority-sema (aka sched),finland,ls-id-log-20160111223621.log.ycYKSl.gz,0,0,,4348649234,11,1985,8m 8s,,,
priority-sema (aka sched),france,ls-id-log-20160112185947.log.2sQVTk.gz,0,0,,22308141944,12,13245,51m 52s,,,
priority-sema (aka sched),guatemala,ls-id-log-20160111223701.log.6a96iF.gz,0,0,,2752786845,10,1776,6m 4s,,,
priority-sema (aka sched),haiti,ls-id-log-20160111223644.log.DvoVHY.gz,0,0,,4117847845,10,1341,8m 14s,,,
priority-sema (aka sched),honduras,ls-id-log-20160111223646.log.dMd4hs.gz,0,0,,1666591010,10,1341,3m 29s,,,
priority-sema (aka sched),india,ls-id-log-20160111223608.log.LlSAqM.gz,0,0,,1871004733,10,1776,4m 18s,,,
priority-sema (aka sched),indonesia,ls-id-log-20160111225516.log.L48fVi.gz,0,0,,2245265457,10,1341,4m 10s,,,
priority-sema (aka sched),iran,ls-id-log-20160111223642.log.SiyIHk.gz,0,1,,,10,,,75.06%,9h 18m 27s,
priority-sema (aka sched),iraq,ls-id-log-20160112031552.log.VtSWiU.gz,0,0,,4068227835,11,1823,7m 44s,,,
priority-sema (aka sched),israel,ls-id-log-20160111223625.log.2edHXP.gz,0,0,,4645581244,12,2075,7m 37s,,,
priority-sema (aka sched),italy,ls-id-log-20160111223800.log.ZXzkes.gz,0,0,,10779443904,11,7236,24m 4s,,,
priority-sema (aka sched),ivorycoast,ls-id-log-20160111223620.log.1fzpwV.gz,1,0,21024423,,1,9,,,,landslide-trace-1452569792.06.html
priority-sema (aka sched),japan,ls-id-log-20160111223736.log.eULjDM.gz,0,0,,1525060572,10,1341,3m 19s,,,
priority-sema (aka sched),malaysia,ls-id-log-20160111223647.log.1POlYL.gz,0,0,,2145743947,10,975,3m 13s,,,
priority-sema (aka sched),mexico,ls-id-log-20160111223628.log.yVbyMX.gz,0,0,,11611537478,12,5996,19m 41s,,,
priority-sema (aka sched),morocco,ls-id-log-20160112021116.log.vz9kKe.gz,0,0,,1579420998,10,1341,3m 20s,,,
priority-sema (aka sched),nicaragua,ls-id-log-20160112083800.log.iIcTTn.gz,0,0,,1579587570,10,1341,3m 19s,,,
priority-sema (aka sched),nigeria,ls-id-log-20160111234922.log.OZzK8b.gz,0,0,,2211492033,10,1341,3m 53s,,,
priority-sema (aka sched),northkorea,ls-id-log-20160111223645.log.etOTwX.gz,0,0,,12809576688,11,8868,29m 45s,,,
priority-sema (aka sched),norway,ls-id-log-20160111232403.log.oWIFB6.gz,0,0,,9261397304,11,4503,21m 27s,,,
priority-sema (aka sched),pakistan,ls-id-log-20160111224103.log.dIbGY2.gz,0,0,,2206586255,10,1341,4m 3s,,,
priority-sema (aka sched),panama,ls-id-log-20160111223637.log.i4xccM.gz,0,0,,2690301466,10,1776,5m 16s,,,
priority-sema (aka sched),paraguay,ls-id-log-20160111223609.log.SwkObp.gz,0,0,,1611276843,10,1341,3m 32s,,,
priority-sema (aka sched),peru,ls-id-log-20160111223623.log.oESddU.gz,0,0,,2194128960,10,1341,4m 29s,,,
priority-sema (aka sched),philippines,ls-id-log-20160112083705.log.QDEzgP.gz,0,0,,11697688262,12,6048,23m 46s,,,
priority-sema (aka sched),poland,ls-id-log-20160111224047.log.WNzj0a.gz,0,0,,2575680713,10,1776,4m 22s,,,
priority-sema (aka sched),saudiarabia,ls-id-log-20160112185956.log.Z5Sre6.gz,0,0,,7524274863,11,4503,18m 24s,,,
priority-sema (aka sched),somalia,ls-id-log-20160111223610.log.w7zNbB.gz,0,0,,2167644333,10,1341,4m 13s,,,
priority-sema (aka sched),southafrica,ls-id-log-20160111223625.log.5SzFEd.gz,0,0,,16724160073,11,5781,38m 53s,,,
priority-sema (aka sched),spainportugal,ls-id-log-20160112190141.log.PS4lWA.gz,0,0,,4876817350,11,2498,6m 11s,,,
priority-sema (aka sched),sudan,ls-id-log-20160112083704.log.9Qv2NJ.gz,0,0,,1571561744,10,1341,3m 25s,,,
priority-sema (aka sched),syria,ls-id-log-20160112185952.log.uiDLyZ.gz,0,0,,3219166248,11,1823,5m 16s,,,
priority-sema (aka sched),taiwan,ls-id-log-20160111223640.log.yuQ74F.gz,0,0,,10000496715,11,5781,19m 6s,,,
priority-sema (aka sched),thailand,ls-id-log-20160111223621.log.Miu26l.gz,0,0,,1478413677,10,975,2m 56s,,,
priority-sema (aka sched),uruguay,ls-id-log-20160112083716.log.G4Qi2C.gz,0,0,,10355783705,12,5996,22m 2s,,,
priority-sema (aka sched),venezuela,ls-id-log-20160111234612.log.PLM0rZ.gz,0,0,,2107481429,10,1341,4m 58s,,,
priority-sema (aka sched),vietnam,ls-id-log-20160112190146.log.Giwd6W.gz,0,0,,1935369940,10,1776,4m 27s,,,
priority-sema (aka sched),westgermany,ls-id-log-20160112185950.log.ErGhUH.gz,0,0,,2997756910,10,2871,6m 59s,,,
priority-sema (aka sched),yugoslavia,ls-id-log-20160111223609.log.WdjeYp.gz,0,0,,20366228,1,5,7s,,,
priority-sema (aka sched),zimbabwe,ls-id-log-20160111224314.log.BMsspl.gz,0,0,,2294817347,10,1341,3m 54s,,,
rwlock_downgrade_read_test,aluminum,ls-id-log-20160505224105.log.K4R2he.gz,0,1,,,7,,,44.50%,4d 4h 13m 45s,
rwlock_downgrade_read_test,antimony,ls-id-log-20160505224100.log.G8mQAm.gz,0,1,,,9,,,78.33%,48m 44s,
rwlock_downgrade_read_test,argon,ls-id-log-20160430033916.log.LBVYZa.gz,0,0,,3588543423,11,1443,9m 28s,,,
rwlock_downgrade_read_test,arsenic,ls-id-log-20160430042555.log.tMH0EF.gz,1,0,27035349,,1,10,,,,landslide-trace-1462004770.81.html
rwlock_downgrade_read_test,barium,ls-id-log-20160429181829.log.u6GYWD.gz,0,1,,,9,,,9.30%,36d 3h 44s,
rwlock_downgrade_read_test,beryllium,ls-id-log-20160430060405.log.lycXr3.gz,1,0,42121525,,1,16,,,,landslide-trace-1462010661.35.html
rwlock_downgrade_read_test,boron,ls-id-log-20160430112054.log.z1g8xu.gz,1,0,21354636,,1,2,,,,landslide-trace-1462029667.44.html
rwlock_downgrade_read_test,bromine,ls-id-log-20160429191940.log.PwaHFJ.gz,0,1,,,4,,,29.69%,10h 8m 49s,
rwlock_downgrade_read_test,cadmium,ls-id-log-20160518173400.log.X2058h.gz,0,1,,,8,,,79.32%,7h 2m 13s,
rwlock_downgrade_read_test,caesium,ls-id-log-20160430131339.log.gFyK2g.gz,1,0,74476609,,2,19,,,,landslide-trace-1462036437.36.html
rwlock_downgrade_read_test,calcium,ls-id-log-20160429182717.log.DMt3Mx.gz,1,0,44111591,,1,15,,,,landslide-trace-1461968852.83.html
rwlock_downgrade_read_test,carbon,ls-id-log-20160503023034.log.KcuwUg.gz,1,0,22765230,,1,12,,,,landslide-trace-1462257045.84.html
rwlock_downgrade_read_test,cerium,ls-id-log-20160429182356.log.L0natM.gz,0,0,,2827260119,9,1160,8m 47s,,,
rwlock_downgrade_read_test,chlorine,ls-id-log-20160505231310.log.7fIIT1.gz,0,1,,,6,,,0.13%,29d 14h 16m 53s,
rwlock_downgrade_read_test,chromium,ls-id-log-20160505230949.log.lakElB.gz,0,1,,,6,,,0.10%,66d 8h 32m 34s,
rwlock_downgrade_read_test,cobalt,ls-id-log-20160430042340.log.6V8whf.gz,0,1,,,7,,,56.76%,20h 16m 50s,
rwlock_downgrade_read_test,copper,ls-id-log-20160430042348.log.ZFA4xs.gz,1,0,29910963,,1,6,,,,landslide-trace-1462004643.91.html
rwlock_downgrade_read_test,dysprosium,ls-id-log-20160430142521.log.92PGSz.gz,1,0,34399072,,1,9,,,,landslide-trace-1462040736.55.html
rwlock_downgrade_read_test,erbium,ls-id-log-20160430011309.log.wzWC68.gz,0,1,,,8,,,44.86%,3h 14m 46s,
rwlock_downgrade_read_test,europium,ls-id-log-20160430072559.log.nMjuWR.gz,0,1,,,5,,,0.42%,11y 85d 8h 24m 23s,
rwlock_downgrade_read_test,fluorine,ls-id-log-20160517034956.log.dD2gDT.gz,1,0,5009228270,,3,15279,,,,landslide-trace-1463471407.12.html
rwlock_downgrade_read_test,gadolinium,ls-id-log-20160503023025.log.pI0Owm.gz,0,1,,,5,,,8.59%,9y 50d 18h 49m 59s,
rwlock_downgrade_read_test,gallium,ls-id-log-20160430043011.log.osBzxu.gz,0,1,,,4,,,66.58%,4h 16m 58s,
rwlock_downgrade_read_test,germanium,ls-id-log-20160430114809.log.iaNzAT.gz,0,0,,11667497377,12,4032,25m 37s,,,
rwlock_downgrade_read_test,gold,ls-id-log-20160429182308.log.3tvuhA.gz,1,0,25122265,,1,2,,,,landslide-trace-1461968602.31.html
rwlock_downgrade_read_test,hafnium,ls-id-log-20160517165410.log.dTzApc.gz,0,1,,,8,,,97.72%,8m 3s,
rwlock_downgrade_read_test,helium,ls-id-log-20160517034951.log.vOquEu.gz,1,0,233873877,,1,9,,,,landslide-trace-1463471401.17.html
rwlock_downgrade_read_test,holmium,ls-id-log-20160430042351.log.ZD8zLq.gz,0,1,,,6,,,3.78%,3d 5h 12m 53s,
rwlock_downgrade_read_test,hydrogen,ls-id-log-20160429182427.log.W0cAqV.gz,0,1,,,1,,,0.00%,INF,
rwlock_downgrade_read_test,indium,ls-id-log-20160505224100.log.VlrqHZ.gz,1,0,31844453,,1,7,,,,landslide-trace-1462502475.86.html
rwlock_downgrade_read_test,iodine,ls-id-log-20160430072559.log.xGv2Mm.gz,1,0,61513352,,1,2,,,,landslide-trace-1462015604.34.html
rwlock_downgrade_read_test,iridium,ls-id-log-20160503023023.log.4iVPT2.gz,0,1,,,8,,,0.93%,16h 35m 50s,
rwlock_downgrade_read_test,iron,ls-id-log-20160505224123.log.ArF008.gz,1,0,32178628,,1,4,,,,landslide-trace-1462502498.43.html
rwlock_downgrade_read_test,kyrpton,ls-id-log-20160430042531.log.DMgthR.gz,0,1,,,6,,,75.63%,1h 51m 33s,
rwlock_downgrade_read_test,lanthanum,ls-id-log-20160505224052.log.qX9peL.gz,0,1,,,1,,,50.00%,10h 56s,
rwlock_downgrade_read_test,lithium,ls-id-log-20160429181834.log.IsU6n4.gz,0,1,,,3,,,50.00%,6651867827y 244d 8h 43m 31s,
rwlock_downgrade_read_test,lutetium,ls-id-log-20160517034936.log.E9gAue.gz,0,1,,,8,,,21.75%,13h 51m 31s,
rwlock_downgrade_read_test,magnesium,ls-id-log-20160503023155.log.3qZOZx.gz,0,1,,,12,,,28.13%,1h 8m 16s,
rwlock_downgrade_read_test,manganese,ls-id-log-20160430174302.log.1fsykZ.gz,1,0,51217336,,1,2,,,,landslide-trace-1462052625.27.html
rwlock_downgrade_read_test,molybdenum,ls-id-log-20160517165423.log.z2XxDi.gz,0,1,,,8,,,27.15%,2d 18h 56m 13s,
rwlock_downgrade_read_test,neodymium,ls-id-log-20160518015850.log.l692Xl.gz,0,1,,,9,,,66.49%,2h 36m 28s,
rwlock_downgrade_read_test,neon,ls-id-log-20160503023159.log.NHqNoF.gz,0,1,,,6,,,28.13%,1d 20h 19m 18s,
rwlock_downgrade_read_test,nickel,ls-id-log-20160505224049.log.mcE7hY.gz,0,1,,,5,,,18.80%,24d 11h 28m 4s,
rwlock_downgrade_read_test,niobium,ls-id-log-20160505224047.log.x4LpA0.gz,0,1,,,11,,,23.23%,1h 31m 9s,
rwlock_downgrade_read_test,nitrogen,ls-id-log-20160429181834.log.oD7klW.gz,0,0,,15295317522,11,5124,41m 19s,,,
rwlock_downgrade_read_test,osmium,ls-id-log-20160505224111.log.HtxKlR.gz,0,1,,,6,,,0.00%,21d 13h 25m 0s,
rwlock_downgrade_read_test,oxygen,ls-id-log-20160505224103.log.zhANFN.gz,0,1,,,5,,,25.26%,6d 3h 33m 10s,
rwlock_downgrade_read_test,palladium,ls-id-log-20160429181908.log.4PNhSa.gz,0,1,,,5,,,85.97%,4d 7h 52m 11s,
rwlock_downgrade_read_test,phosphorus,ls-id-log-20160430072600.log.9qNbry.gz,0,1,,,5,,,0.16%,42y 41d 11h 52m 26s,
rwlock_downgrade_read_test,platinum,ls-id-log-20160503022959.log.vVctF6.gz,0,1,,,5,,,78.13%,1d 6h 8m 41s,
rwlock_downgrade_read_test,potassium,ls-id-log-20160517165419.log.soj6om.gz,0,1,,,4,,,0.00%,26703y 314d 4h 34m 31s,
rwlock_downgrade_read_test,praseodymium,ls-id-log-20160430180602.log.wkXrap.gz,1,0,30416861,,1,2,,,,landslide-trace-1462053977.22.html
rwlock_downgrade_read_test,promethium,ls-id-log-20160505224217.log.bKdJLB.gz,0,1,,,6,,,7.45%,2d 17h 6m 42s,
rwlock_downgrade_read_test,rhenium,ls-id-log-20160430154355.log.OeRaR8.gz,0,0,,160657860,7,80,37s,,,
rwlock_downgrade_read_test,rhodium,ls-id-log-20160429232418.log.8Z0wV6.gz,0,1,,,14,,,64.38%,19m 28s,
rwlock_downgrade_read_test,rubidium,ls-id-log-20160503023034.log.uYgIeP.gz,0,0,,18102531463,14,6516,41m 26s,,,
rwlock_downgrade_read_test,ruthenium,ls-id-log-20160429182346.log.yxom5h.gz,1,0,23456879,,1,3,,,,landslide-trace-1461968637.44.html
rwlock_downgrade_read_test,samarium,ls-id-log-20160503023019.log.tflGe4.gz,1,0,25437759,,2,12,,,,landslide-trace-1462257031.0.html
rwlock_downgrade_read_test,scandium,ls-id-log-20160430142625.log.1b1cbi.gz,1,0,363240410,,3,114,,,,landslide-trace-1462040800.0.html
rwlock_downgrade_read_test,selenium,ls-id-log-20160430033641.log.1hjoFb.gz,1,0,31396281,,1,5,,,,landslide-trace-1462001816.08.html
rwlock_downgrade_read_test,silicon,ls-id-log-20160430052341.log.APKoFv.gz,1,0,42123155,,1,19,,,,landslide-trace-1462008236.55.html
rwlock_downgrade_read_test,silver,ls-id-log-20160429182801.log.tePMVY.gz,0,1,,,10,,,86.18%,52m 27s,
rwlock_downgrade_read_test,sodium,ls-id-log-20160429181813.log.hWdUo8.gz,0,1,,,6,,,66.24%,2d 8h 24m 37s,
rwlock_downgrade_read_test,strontium,ls-id-log-20160429181841.log.xZ6E41.gz,0,1,,,6,,,0.59%,20d 9h 5m 37s,
rwlock_downgrade_read_test,sulfur,ls-id-log-20160517165414.log.JQYb1r.gz,0,1,,,5,,,6.59%,5d 1h 44m 48s,
rwlock_downgrade_read_test,tantalum,ls-id-log-20160503023019.log.dS1Bb5.gz,0,1,,,1,,,0.00%,541902y 69d 15h 8m 42s,
rwlock_downgrade_read_test,technetium,ls-id-log-20160517034941.log.L9NXEe.gz,1,0,23030052,,1,16,,,,landslide-trace-1463471391.24.html
rwlock_downgrade_read_test,tellurium,ls-id-log-20160503023031.log.Nq6oEa.gz,1,0,30127595,,1,21,,,,landslide-trace-1462257046.76.html
rwlock_downgrade_read_test,terbium,ls-id-log-20160505224053.log.PXl0Hk.gz,0,1,,,10,,,38.74%,2h 52m 55s,
rwlock_downgrade_read_test,thulium,ls-id-log-20160503022959.log.pUEE4d.gz,0,1,,,12,,,31.84%,3h 59m 52s,
rwlock_downgrade_read_test,tin,ls-id-log-20160429181859.log.arOOau.gz,0,1,,,3,,,78.45%,2d 10h 34m 16s,
rwlock_downgrade_read_test,titanium,ls-id-log-20160803021413.log.lqNlkz.gz,0,1,,,1,,,75.03%,317d 19h 46m 22s,
rwlock_downgrade_read_test,tungsten,ls-id-log-20160503023036.log.qVSr4J.gz,0,1,,,7,,,19.04%,27d 9h 23m 19s,
rwlock_downgrade_read_test,vanadium,ls-id-log-20160429191150.log.rSLaCe.gz,0,1,,,7,,,3.78%,4d 41m 26s,
rwlock_downgrade_read_test,xenon,ls-id-log-20160429182459.log.cIP9SF.gz,0,1,,,3,,,25.10%,2d 19h 1m 35s,
rwlock_downgrade_read_test,ytterbium,ls-id-log-20160429190102.log.9xAljN.gz,0,0,,4154134594,12,878,10m 43s,,,
rwlock_downgrade_read_test,yttrium,ls-id-log-20160517165434.log.KxbP5D.gz,0,1,,,5,,,8.60%,10d 2h 34m 44s,
rwlock_downgrade_read_test,zinc,ls-id-log-20160430142416.log.YhkGP1.gz,1,0,37273033,,1,17,,,,landslide-trace-1462040669.24.html
rwlock_downgrade_read_test,zirconium,ls-id-log-20160430154242.log.P4ukGs.gz,1,0,9312950086,,2,47,,,,landslide-trace-1462045374.88.html
thr_exit_join,aluminum,ls-id-log-20160430142659.log.6h8e8U.gz,0,0,,236412325,8,171,46s,,,
thr_exit_join,antimony,ls-id-log-20160429220614.log.HRXJb7.gz,0,0,,557536792,8,105,1m 47s,,,
thr_exit_join,argon,ls-id-log-20160503114957.log.BGC48P.gz,0,0,,405509815,8,211,1m 9s,,,
thr_exit_join,arsenic,ls-id-log-20160430142610.log.4yNpWV.gz,1,0,35478313,,1,10,,,,landslide-trace-1462040786.05.html
thr_exit_join,barium,ls-id-log-20160503023131.log.a9lTBD.gz,0,0,,22675899,1,5,8s,,,
thr_exit_join,beryllium,ls-id-log-20160503073327.log.CuadUB.gz,0,0,,1141877451,8,255,4m 29s,,,
thr_exit_join,boron,ls-id-log-20160430055830.log.ZzKnBF.gz,0,0,,284152653,7,120,1m 9s,,,
thr_exit_join,bromine,ls-id-log-20160503075329.log.h6AjDW.gz,0,0,,6228370318,11,2268,14m 16s,,,
thr_exit_join,cadmium,ls-id-log-20160503023208.log.1YLjFq.gz,0,0,,2668833678,11,1028,7m 47s,,,
thr_exit_join,caesium,ls-id-log-20160429181849.log.fbdwvV.gz,1,0,42616982,,2,19,,,,landslide-trace-1461968341.89.html
thr_exit_join,calcium,ls-id-log-20160430010826.log.TWZPI3.gz,1,0,26134737,,1,3,,,,landslide-trace-1461992922.24.html
thr_exit_join,carbon,ls-id-log-20160503123110.log.uebmdL.gz,1,0,22910442,,1,10,,,,landslide-trace-1462293082.02.html
thr_exit_join,cerium,ls-id-log-20160503123637.log.p9fKgi.gz,0,0,,36234560,3,20,15s,,,
thr_exit_join,chlorine,ls-id-log-20160430125551.log.H3WF5I.gz,0,0,,2085364643,7,1341,11m 44s,,,
thr_exit_join,chromium,ls-id-log-20160430051656.log.PbWDwr.gz,0,0,,8235546863,15,2199,17m 50s,,,
thr_exit_join,cobalt,ls-id-log-20160429181844.log.6Ezka1.gz,0,0,,13714534291,11,6040,40m 56s,,,
thr_exit_join,copper,ls-id-log-20160430133131.log.Sf87hl.gz,1,0,44095061,,2,9,,,,landslide-trace-1462037508.75.html
thr_exit_join,dysprosium,ls-id-log-20160429181856.log.vPoCCd.gz,0,0,,83843487,6,30,27s,,,
thr_exit_join,erbium,ls-id-log-20160430053047.log.itIhkD.gz,0,0,,617047589,8,309,2m 12s,,,
thr_exit_join,europium,ls-id-log-20160505231307.log.hqzAW4.gz,0,1,,,6,,,31.35%,1d 11h 57m 21s,
thr_exit_join,fluorine,ls-id-log-20160503022959.log.m3xB1R.gz,0,1,,,11,,,7.36%,26d 18h 5m 46s,
thr_exit_join,gadolinium,ls-id-log-20160503025437.log.MLbeGl.gz,0,0,,7165278419,8,5409,27m 34s,,,
thr_exit_join,gallium,ls-id-log-20160430051239.log.2nTwii.gz,0,1,,,5,,,51.61%,9d 11h 49m 37s,
thr_exit_join,germanium,ls-id-log-20160430073906.log.PtoahZ.gz,0,0,,59232991,4,12,20s,,,
thr_exit_join,gold,ls-id-log-20160517035006.log.Yfff9W.gz,0,0,,5681777560,13,3499,12m 44s,,,
thr_exit_join,hafnium,ls-id-log-20160430154438.log.9UhUfg.gz,0,0,,253311263,8,135,56s,,,
thr_exit_join,helium,ls-id-log-20160503123638.log.lJcNdh.gz,0,0,,97367813,4,28,34s,,,
thr_exit_join,holmium,ls-id-log-20160503023031.log.MvF0WP.gz,0,0,,2584473333,9,585,9m 20s,,,
thr_exit_join,hydrogen,ls-id-log-20160429181841.log.yjSe4p.gz,0,0,,164791525,6,49,38s,,,
thr_exit_join,indium,ls-id-log-20160430151604.log.NjAIpo.gz,1,0,54864238,,1,3,,,,landslide-trace-1462043774.7.html
thr_exit_join,iodine,ls-id-log-20160503023008.log.hSb2HR.gz,0,0,,19541212957,14,7120,40m 7s,,,
thr_exit_join,iridium,ls-id-log-20160430143713.log.XyghBU.gz,0,0,,1545493199,11,620,4m 24s,,,
thr_exit_join,iron,ls-id-log-20160503023003.log.TEz9nx.gz,0,0,,35424342,5,13,12s,,,
thr_exit_join,kyrpton,ls-id-log-20160505224113.log.pQsH5L.gz,0,0,,227154863,6,108,1m 0s,,,
thr_exit_join,lanthanum,ls-id-log-20160503045449.log.yEji6D.gz,0,1,,,1,,,50.00%,9h 59m 45s,
thr_exit_join,lithium,ls-id-log-20160505224058.log.oGNPZ8.gz,0,1,,,5,,,28.92%,1d 2h 33m 26s,
thr_exit_join,lutetium,ls-id-log-20160430151329.log.7hekD1.gz,0,0,,477797586,10,170,1m 30s,,,
thr_exit_join,magnesium,ls-id-log-20160505224102.log.CUwOOQ.gz,0,0,,379292947,6,125,1m 42s,,,
thr_exit_join,manganese,ls-id-log-20160506084107.log.4wcCBp.gz,0,0,,23362060,3,7,8s,,,
thr_exit_join,molybdenum,ls-id-log-20160505224038.log.ICVK9v.gz,0,0,,1602825287,8,630,6m 0s,,,
thr_exit_join,neodymium,ls-id-log-20160430154240.log.uuNFZZ.gz,0,0,,2867591640,11,1203,7m 39s,,,
thr_exit_join,neon,ls-id-log-20160430045336.log.nSaT0a.gz,0,1,,,9,,,35.03%,5h 30m 25s,
thr_exit_join,nickel,ls-id-log-20160505224046.log.2y35J7.gz,0,1,,,8,,,28.18%,7d 9h 38m 40s,
thr_exit_join,niobium,ls-id-log-20160503123638.log.x26KWj.gz,0,0,,235531916,7,212,1m 1s,,,
thr_exit_join,nitrogen,ls-id-log-20160429181856.log.FbRuLb.gz,0,0,,966141736,7,290,3m 49s,,,
thr_exit_join,osmium,ls-id-log-20160503023028.log.4dTNaB.gz,1,0,26704748,,1,2,,,,landslide-trace-1462257042.39.html
thr_exit_join,oxygen,ls-id-log-20160505224044.log.u2AFvh.gz,0,1,,,10,,,95.85%,13m 13s,
thr_exit_join,palladium,ls-id-log-20160429213040.log.LrNZod.gz,0,0,,3514887057,9,879,12m 14s,,,
thr_exit_join,phosphorus,ls-id-log-20160429181822.log.5U1NLr.gz,0,0,,13628076879,9,2142,47m 28s,,,
thr_exit_join,platinum,ls-id-log-20160430052340.log.GnyfKt.gz,0,1,,,7,,,3.18%,7y 319d 2h 2m 34s,
thr_exit_join,potassium,ls-id-log-20160518015641.log.tc7laS.gz,0,1,,,5,,,0.01%,4y 119d 15h 4m 47s,
thr_exit_join,praseodymium,ls-id-log-20160429181825.log.zSMhc3.gz,0,0,,747149536,8,297,2m 23s,,,
thr_exit_join,promethium,ls-id-log-20160429182507.log.2ClldU.gz,0,0,,6996433243,10,1776,22m 6s,,,
thr_exit_join,rhenium,ls-id-log-20160429182352.log.vgSeLZ.gz,0,0,,29599517,3,6,11s,,,
thr_exit_join,rhodium,ls-id-log-20160430042715.log.ISxCCD.gz,0,0,,39456863,2,6,19s,,,
thr_exit_join,rubidium,ls-id-log-20160503023026.log.EBAyxt.gz,0,0,,52818638,4,20,18s,,,
thr_exit_join,ruthenium,ls-id-log-20160429181901.log.PLZZQA.gz,1,0,31120020,,1,3,,,,landslide-trace-1461968357.82.html
thr_exit_join,samarium,ls-id-log-20160430174304.log.AkMfcg.gz,0,0,,421368402,11,145,1m 6s,,,
thr_exit_join,scandium,ls-id-log-20160430080151.log.lleJBs.gz,1,0,47049324,,2,15,,,,landslide-trace-1462017724.58.html
thr_exit_join,selenium,ls-id-log-20160429182437.log.cfDM65.gz,1,0,27683600,,1,5,,,,landslide-trace-1461968690.35.html
thr_exit_join,silicon,ls-id-log-20160505224048.log.MJKH24.gz,0,0,,16832690870,13,7215,32m 7s,,,
thr_exit_join,silver,ls-id-log-20160503023007.log.KwiBdm.gz,0,0,,1427009385,9,173,2m 29s,,,
thr_exit_join,sodium,ls-id-log-20160430042527.log.cg3v8U.gz,0,0,,13078874904,11,4320,32m 14s,,,
thr_exit_join,strontium,ls-id-log-20160518015643.log.x8b3wM.gz,0,1,,,9,,,94.02%,22m 23s,
thr_exit_join,sulfur,ls-id-log-20160429181822.log.yEtkD6.gz,0,1,,,7,,,22.03%,34d 17h 28m 8s,
thr_exit_join,tantalum,ls-id-log-20160505224120.log.dplN2W.gz,0,1,,,1,,,0.03%,91y 225d 17h 29m 14s,
thr_exit_join,technetium,ls-id-log-20160430180527.log.xFa1Ul.gz,0,0,,1520091412,10,328,4m 26s,,,
thr_exit_join,tellurium,ls-id-log-20160430044242.log.s6fqzt.gz,1,0,24221485,,1,18,,,,landslide-trace-1462005775.61.html
thr_exit_join,terbium,ls-id-log-20160503023117.log.lXgRAI.gz,0,0,,267642236,8,108,1m 6s,,,
thr_exit_join,thulium,ls-id-log-20160430080156.log.SeoUOZ.gz,0,0,,170261008,9,46,38s,,,
thr_exit_join,tin,ls-id-log-20160430051949.log.OxwbpT.gz,0,0,,6923649000,11,1726,16m 29s,,,
thr_exit_join,titanium,ls-id-log-20160803021349.log.ZCd9kd.gz,0,1,,,6,,,79.39%,2h 13m 36s,
thr_exit_join,tungsten,ls-id-log-20160429182414.log.dvzsPg.gz,0,0,,948338811,8,211,3m 3s,,,
thr_exit_join,vanadium,ls-id-log-20160505224119.log.ifAFoy.gz,0,1,,,11,,,63.56%,6h 49m 0s,
thr_exit_join,xenon,ls-id-log-20160430072751.log.7Vej1X.gz,0,1,,,6,,,53.61%,9d 10h 22m 26s,
thr_exit_join,ytterbium,ls-id-log-20160430042849.log.Oqjg3i.gz,0,0,,75490595,5,26,24s,,,
thr_exit_join,yttrium,ls-id-log-20160517165407.log.sMFFVY.gz,0,1,,,10,,,49.29%,1h 13m 23s,
thr_exit_join,zinc,ls-id-log-20160503023013.log.oF1MEW.gz,1,0,59166381,,2,6,,,,landslide-trace-1462257026.95.html
thr_exit_join,zirconium,ls-id-log-20160503023009.log.Spb4G3.gz,1,0,226091492,,2,54,,,,landslide-trace-1462257020.41.html
wait-simple,afghanistan,ls-id-log-20160111224125.log.AlgpyZ.gz,1,0,98468451,,2,11,,,,landslide-trace-1452570100.1.html
wait-simple,algeria,ls-id-log-20160111231845.log.WcxotL.gz,1,0,42407083,,1,2,,,,landslide-trace-1452572341.82.html
wait-simple,angola,ls-id-log-20160111224055.log.EfYMf3.gz,1,0,28201192,,1,2,,,,landslide-trace-1452570069.04.html
wait-simple,australia,ls-id-log-20160111223643.log.IZ1zvP.gz,1,0,203697732,,1,5,,,,landslide-trace-1452569817.36.html
wait-simple,austria,ls-id-log-20160111223611.log.4mX1na.gz,0,0,,1115167331,9,192,2m 46s,,,
wait-simple,benelux,ls-id-log-20160804173042.log.X4Ksfk.gz,0,1,,,7,,,5.73%,1d 18h 14m 56s,
wait-simple,bulgaria,ls-id-log-20160111231302.log.OlpnPb.gz,1,0,40656458,,1,2,,,,landslide-trace-1452571998.74.html
wait-simple,burma,ls-id-log-20160111223632.log.tFJZ3s.gz,0,0,,1065712461,8,135,3m 38s,,,
wait-simple,cameroon,ls-id-log-20160111223617.log.xxveY7.gz,1,0,28357988,,1,3,,,,landslide-trace-1452569788.77.html
wait-simple,chile,ls-id-log-20160112084124.log.aQczn2.gz,0,1,,,6,,,6.26%,1d 12h 24m 39s,
wait-simple,colombia,ls-id-log-20160112185951.log.42QkRU.gz,0,1,,,12,,,58.93%,49m 54s,
wait-simple,costarica,ls-id-log-20160112083750.log.IQUVsO.gz,0,1,,,13,,,99.39%,31s,
wait-simple,denmark,ls-id-log-20160111230820.log.SVM4oB.gz,0,1,,,8,,,54.60%,1h 27m 30s,
wait-simple,eastgermany,ls-id-log-20160111223636.log.1H9YjP.gz,0,0,,25397530535,10,5325,1h 1m 29s,,,
wait-simple,ecuador,ls-id-log-20160111223620.log.aTHfKx.gz,1,0,24933625,,1,2,,,,landslide-trace-1452569794.06.html
wait-simple,egypt,ls-id-log-20160111223716.log.2N1b8D.gz,1,0,35678350,,1,2,,,,landslide-trace-1452569851.35.html
wait-simple,elsalvador,ls-id-log-20160112185951.log.7dC10n.gz,1,0,37661773,,1,8,,,,landslide-trace-1452643203.71.html
wait-simple,ethiopia,ls-id-log-20160111223609.log.FLLW0j.gz,0,1,,,4,,,0.09%,2526y 259d 47m 24s,
wait-simple,france,ls-id-log-20160111224047.log.NiOs0a.gz,0,1,,,9,,,18.57%,8h 13m 13s,
wait-simple,greece,ls-id-log-20160111223607.log.Uy8uxj.gz,1,0,30426408,,1,2,,,,landslide-trace-1452569781.37.html
wait-simple,guatemala,ls-id-log-20160112083756.log.MUkhex.gz,0,1,,,8,,,47.39%,4h 25m 59s,
wait-simple,hungary,ls-id-log-20160111224642.log.gin0Dr.gz,1,0,42415453,,1,23,,,,landslide-trace-1452570413.4.html
wait-simple,india,ls-id-log-20160112084219.log.CJ3Ojv.gz,0,1,,,7,,,25.56%,6h 51m 37s,
wait-simple,iran,ls-id-log-20160111232908.log.Uw3Efb.gz,0,1,,,5,,,0.08%,8d 15h 27m 13s,
wait-simple,iraq,ls-id-log-20160111223620.log.15fcry.gz,0,1,,,7,,,7.46%,1d 37m 12s,
wait-simple,ivorycoast,ls-id-log-20160804153236.log.rx7hFa.gz,1,0,176063602,,2,147,,,,landslide-trace-1470339168.93.html
wait-simple,japan,ls-id-log-20160112003932.log.zhtvao.gz,1,0,90703048,,2,20,,,,landslide-trace-1452577183.32.html
wait-simple,jordan,ls-id-log-20160111223713.log.etCKYv.gz,1,0,1822282056,,1,397,,,,landslide-trace-1452569845.85.html
wait-simple,kenya,ls-id-log-20160111223647.log.nuxzIe.gz,1,0,29369156,,1,3,,,,landslide-trace-1452569820.88.html
wait-simple,laoscambodia,ls-id-log-20160111223643.log.PLg1mZ.gz,0,1,,,5,,,2.61%,6d 22h 20m 31s,
wait-simple,lebanon,ls-id-log-20160111230025.log.Gh1TxO.gz,1,0,43401920,,1,3,,,,landslide-trace-1452571244.58.html
wait-simple,libya,ls-id-log-20160112185955.log.Sp7mTC.gz,0,0,,6289471104,10,1200,16m 29s,,,
wait-simple,malaysia,ls-id-log-20160111223652.log.0zYu2N.gz,0,1,,,5,,,1.71%,8d 1h 37m 38s,
wait-simple,pakistan,ls-id-log-20160111223724.log.Hq7TcQ.gz,1,0,39009234,,1,2,,,,landslide-trace-1452569858.26.html
wait-simple,panama,ls-id-log-20160111224107.log.tFfmBh.gz,1,0,43058284,,1,6,,,,landslide-trace-1452570083.46.html
wait-simple,paraguay,ls-id-log-20160111235441.log.dt6Kv0.gz,1,0,22365011,,1,2,,,,landslide-trace-1452574492.8.html
wait-simple,peru,ls-id-log-20160111223622.log.2cfOLl.gz,0,0,,26912149,1,3,13s,,,
wait-simple,poland,ls-id-log-20160111223621.log.HMkCDT.gz,1,0,33148144,,1,2,,,,landslide-trace-1452569796.87.html
wait-simple,romania,ls-id-log-20160112083724.log.JGxdjn.gz,0,1,,,3,,,0.00%,72690y 52d 2m 44s,
wait-simple,saudiarabia,ls-id-log-20160111223632.log.2uqxIv.gz,1,0,32265829,,1,5,,,,landslide-trace-1452569804.33.html
wait-simple,southkorea,ls-id-log-20160804173037.log.NMhtwx.gz,0,1,,,5,,,2.03%,9d 13h 50m 29s,
wait-simple,sudan,ls-id-log-20160111230359.log.EVC1mn.gz,0,1,,,8,,,12.08%,9h 58m 42s,
wait-simple,sweden,ls-id-log-20160111223651.log.NgQeNU.gz,0,1,,,5,,,13.11%,3y 250d 14h 41m 1s,
wait-simple,syria,ls-id-log-20160112083809.log.Udox8p.gz,0,0,,6968654722,10,936,19m 34s,,,
wait-simple,thailand,ls-id-log-20160112083710.log.8gkGnC.gz,0,1,,,7,,,18.87%,11h 22m 43s,
wait-simple,tunisia,ls-id-log-20160111223636.log.R0xAf1.gz,0,1,,,5,,,1.83%,11d 22h 24m 38s,
wait-simple,turkey,ls-id-log-20160111223610.log.OtkH4a.gz,1,0,23134406,,1,3,,,,landslide-trace-1452569780.87.html
wait-simple,venezuela,ls-id-log-20160111232418.log.E8iZYe.gz,1,0,22510164,,1,2,,,,landslide-trace-1452572669.78.html
wait-simple,vietnam,ls-id-log-20160111223808.log.5eoi0L.gz,1,0,39073309,,1,2,,,,landslide-trace-1452569904.07.html
wait-simple,yugoslavia,ls-id-log-20160112185955.log.1Lvhzq.gz,0,1,,,1,,,0.00%,INF,
wait-simple,zaire,ls-id-log-20160111223620.log.OE4oOB.gz,0,0,,28061677,1,2,12s,,,
wait-simple,zimbabwe,ls-id-log-20160111223635.log.yDWAPO.gz,0,1,,,9,,,5.34%,4h 21m 47s,