Test name,P2/Pintos group ID (anonymized),Log file name,Bug found?,Timed out?,Total verif?,Bug time (wall=CPU) (usecs),Verif CPU time (usecs),Max ICB bound (table 2 in paper),# interleavings in max ICB bound state space,Estimated progress in max ICB bound state space (weighted backtrack estimator),ETA of max ICB bound state space (recursive estimator (note: may disagree with weighted backtrack estimator)),Bug trace filename
alarm-simultaneous,algeria,ls-id-log-20160414174103.log.TlyIA3.gz,0,1,0,,,1,,0.00%,1264035716y 267d 7h 22m 17s,
alarm-simultaneous,angola,ls-id-log-20160803021941.log.ib1EbH.gz,0,1,0,,,2,,0.00%,64081734y 40d 23h 12m 51s,
alarm-simultaneous,argentina,ls-id-log-20160509225641.log.h5ktsA.gz,0,1,0,,,1,,0.00%,INF,
alarm-simultaneous,australia,ls-id-log-20160414173752.log.oQl5g2.gz,1,0,0,24133281114,,1,3724,,,landslide-trace-1460669886.84.html
alarm-simultaneous,benelux,ls-id-log-20160428180202.log.00KN1Q.gz,1,0,0,35086521026,,1,3371,,,landslide-trace-1461880940.97.html
alarm-simultaneous,bolivia,ls-id-log-20160504024519.log.1VNHqs.gz,1,0,0,22924825920,,1,4464,,,landslide-trace-1462344329.74.html
alarm-simultaneous,botswana,ls-id-log-20160413231229.log.dp5tbo.gz,0,1,0,,,1,,0.00%,INF,
alarm-simultaneous,brazil,ls-id-log-20160414041228.log.EsdUWr.gz,0,1,0,,,2,,0.00%,23285y 205d 17h 59m 52s,
alarm-simultaneous,costarica,ls-id-log-20160509225614.log.1hbtGr.gz,0,1,0,,,1,,0.00%,INF,
alarm-simultaneous,cuba,ls-id-log-20160417061937.log.NFELyb.gz,1,0,0,6199699955,,1,1754,,,landslide-trace-1460888390.09.html
alarm-simultaneous,czechoslovakia,ls-id-log-20160509225634.log.4Lfvta.gz,0,1,0,,,1,,0.00%,INF,
alarm-simultaneous,denmark,ls-id-log-20160413230234.log.bYpgWV.gz,1,0,0,21571964115,,1,3679,,,landslide-trace-1460602965.9.html
alarm-simultaneous,eastgermany,ls-id-log-20160413230337.log.xzBoYQ.gz,1,0,0,95979168,,1,21,,,landslide-trace-1460603029.39.html
alarm-simultaneous,ecuador,ls-id-log-20160415002100.log.lHmmVu.gz,1,0,0,26752422342,,1,2967,,,landslide-trace-1460694077.68.html
alarm-simultaneous,finland,ls-id-log-20160413230231.log.p091lt.gz,0,1,0,,,1,,0.00%,2524473100y 75d 12h 49m 14s,
alarm-simultaneous,france,ls-id-log-20160502213534.log.gNb8DU.gz,1,0,0,14911821122,,1,2710,,,landslide-trace-1462239348.26.html
alarm-simultaneous,haiti,ls-id-log-20160413230406.log.v4WuL9.gz,1,0,0,8616749309,,1,1757,,,landslide-trace-1460603058.45.html
alarm-simultaneous,honduras,ls-id-log-20160415063659.log.wfgatA.gz,1,0,0,145436986,,1,30,,,landslide-trace-1460716636.29.html
alarm-simultaneous,indonesia,ls-id-log-20160413231838.log.Mtbg3r.gz,1,0,0,112016980,,1,34,,,landslide-trace-1460603928.77.html
alarm-simultaneous,iran,ls-id-log-20160413230602.log.9X3TJZ.gz,0,1,0,,,1,,0.00%,INF,
alarm-simultaneous,iraq,ls-id-log-20160414222458.log.PWSs5F.gz,1,0,0,20718774466,,1,3990,,,landslide-trace-1460687110.54.html
alarm-simultaneous,israel,ls-id-log-20160414024444.log.uoSCL8.gz,0,1,0,,,1,,0.00%,INF,
alarm-simultaneous,italy,ls-id-log-20160415154250.log.CgN8jx.gz,1,0,0,15461226372,,1,3239,,,landslide-trace-1460749380.51.html
alarm-simultaneous,ivorycoast,ls-id-log-20160415065238.log.vvdxhj.gz,1,0,0,18964845507,,1,3643,,,landslide-trace-1460717574.84.html
alarm-simultaneous,malaysia,ls-id-log-20160413230236.log.Bm5zfF.gz,1,0,0,24029183713,,1,4116,,,landslide-trace-1460602970.45.html
alarm-simultaneous,mexico,ls-id-log-20160509225635.log.Zjj2FY.gz,0,1,0,,,1,,0.00%,INF,
alarm-simultaneous,morocco,ls-id-log-20160428213304.log.vdhfXj.gz,0,1,0,,,1,,0.00%,INF,
alarm-simultaneous,nicaragua,ls-id-log-20160416002232.log.E7RK3d.gz,0,1,0,,,1,,25.78%,10h 2m 2s,
alarm-simultaneous,nigeria,ls-id-log-20160413230129.log.CyfSah.gz,1,0,0,13361617796,,1,2919,,,landslide-trace-1460602899.66.html
alarm-simultaneous,northkorea,ls-id-log-20160414090411.log.3nGtvF.gz,1,0,0,17783120100,,1,3535,,,landslide-trace-1460639063.86.html
alarm-simultaneous,norway,ls-id-log-20160413230231.log.CpNO33.gz,1,0,0,170547311,,1,32,,,landslide-trace-1460602962.55.html
alarm-simultaneous,peru,ls-id-log-20160509225647.log.Zppnu8.gz,1,0,0,8094616701,,1,1669,,,landslide-trace-1462849022.25.html
alarm-simultaneous,philippines,ls-id-log-20160502213532.log.r7eC8a.gz,1,0,0,167700579,,1,44,,,landslide-trace-1462239345.29.html
alarm-simultaneous,saudiarabia,ls-id-log-20160415130020.log.g3tvtH.gz,1,0,0,19374304842,,1,3308,,,landslide-trace-1460739631.72.html
alarm-simultaneous,somalia,ls-id-log-20160414214959.log.xzMLuy.gz,0,1,0,,,1,,0.04%,2y 124d 5h 26m 1s,
alarm-simultaneous,southafrica,ls-id-log-20160413230234.log.trP7Os.gz,1,0,0,18544474574,,1,2848,,,landslide-trace-1460602966.4.html
alarm-simultaneous,spainportugal,ls-id-log-20160416115006.log.UftLsh.gz,1,0,0,16514157568,,1,3607,,,landslide-trace-1460821816.19.html
alarm-simultaneous,syria,ls-id-log-20160413230234.log.TWTJEk.gz,1,0,0,26990330029,,1,4037,,,landslide-trace-1460602966.4.html
alarm-simultaneous,taiwan,ls-id-log-20160414094201.log.LNCjsO.gz,1,0,0,6427320218,,1,1742,,,landslide-trace-1460641333.55.html
alarm-simultaneous,thailand,ls-id-log-20160413231002.log.VXsLRL.gz,1,0,0,97445704,,1,23,,,landslide-trace-1460603414.69.html
alarm-simultaneous,uruguay,ls-id-log-20160414174048.log.ShXo4A.gz,0,1,0,,,1,,0.00%,602y 269d 13h 11m 30s,
alarm-simultaneous,westgermany,ls-id-log-20160413230143.log.fnPtxB.gz,1,0,0,11626813695,,1,2673,,,landslide-trace-1460602913.2.html
alarm-simultaneous,yugoslavia,ls-id-log-20160415142547.log.hQsTWd.gz,1,0,0,27566005775,,1,4391,,,landslide-trace-1460744759.7.html
alarm-simultaneous,zimbabwe,ls-id-log-20160413235749.log.WBXKBM.gz,1,0,0,254567183,,1,30,,,landslide-trace-1460606285.23.html
broadcast_test,aluminum,ls-id-log-20160415050833.log.bWzFLF.gz,0,1,0,,,7,,72.67%,4h 52m 2s,
broadcast_test,antimony,ls-id-log-20160415062350.log.EQvIez.gz,0,1,0,,,4,,25.00%,1m 4s,
broadcast_test,argon,ls-id-log-20160415055242.log.hMjuhs.gz,0,1,0,,,9,,54.98%,19h 43s,
broadcast_test,arsenic,ls-id-log-20160414090451.log.uXyN5x.gz,0,1,0,,,5,,1.81%,16d 21h 33m 39s,
broadcast_test,barium,ls-id-log-20160415064620.log.4Fu1oZ.gz,0,0,1,,5239004278,8,671,,,
broadcast_test,beryllium,ls-id-log-20160414091906.log.mtjcvy.gz,0,0,1,,13170907270,9,591,,,
broadcast_test,boron,ls-id-log-20160415050810.log.wF44qX.gz,0,1,0,,,5,,25.01%,215d 22h 6m 22s,
broadcast_test,bromine,ls-id-log-20160413230354.log.1TU9uk.gz,0,1,0,,,2,,0.00%,346d 9h 6m 43s,
broadcast_test,cadmium,ls-id-log-20160414090404.log.8RXqXZ.gz,0,1,0,,,5,,0.00%,3y 256d 9h 47m 11s,
broadcast_test,caesium,ls-id-log-20160414190530.log.FVHobI.gz,0,0,1,,4697109336,10,572,,,
broadcast_test,calcium,ls-id-log-20160502212125.log.J3EVFA.gz,0,1,0,,,3,,0.01%,1d 5h 6m 19s,
broadcast_test,carbon,ls-id-log-20160414174707.log.CUJuzH.gz,0,1,0,,,4,,0.01%,411783y 213d 7m 45s,
broadcast_test,cerium,ls-id-log-20160414090416.log.DbobOJ.gz,0,1,0,,,4,,0.10%,249y 309d 21h 18m 2s,
broadcast_test,chlorine,ls-id-log-20160416094211.log.zL8K4p.gz,0,0,1,,2963013357,8,335,,,
broadcast_test,chromium,ls-id-log-20160428012255.log.2LcmF7.gz,1,0,0,30039643,,1,4,,,landslide-trace-1461820986.55.html
broadcast_test,cobalt,ls-id-log-20160415050636.log.aRLDbQ.gz,0,1,0,,,7,,68.84%,1d 20h 46s,
broadcast_test,copper,ls-id-log-20160415154953.log.Hk9muN.gz,1,0,0,159544986,,2,26,,,landslide-trace-1460749804.14.html
broadcast_test,dysprosium,ls-id-log-20160414191854.log.eNEvoz.gz,0,0,1,,3821427943,8,660,,,
broadcast_test,erbium,ls-id-log-20160502212135.log.9nanMI.gz,0,1,0,,,4,,0.11%,205d 9h 58m 50s,
broadcast_test,europium,ls-id-log-20160414094525.log.vbLefy.gz,0,1,0,,,3,,0.01%,14771y 150d 18h 39m 5s,
broadcast_test,fluorine,ls-id-log-20160414190518.log.RROq3Z.gz,0,1,0,,,4,,0.05%,19y 281d 13h 17m 8s,
broadcast_test,gadolinium,ls-id-log-20160414090426.log.WZh4Av.gz,0,1,0,,,8,,50.38%,15d 3h 10m 5s,
broadcast_test,gallium,ls-id-log-20160416224157.log.Zjpeev.gz,0,1,0,,,5,,75.42%,1d 23h 54m 28s,
broadcast_test,germanium,ls-id-log-20160416010641.log.XFfIy2.gz,0,0,1,,33359538083,12,3409,,,
broadcast_test,gold,ls-id-log-20160502212149.log.epKxoq.gz,0,1,0,,,3,,0.21%,142d 23h 19m 6s,
broadcast_test,hafnium,ls-id-log-20160417073200.log.JRG3EB.gz,0,1,0,,,4,,62.51%,12d 8h 14m 21s,
broadcast_test,helium,ls-id-log-20160414092041.log.L5a3ue.gz,0,1,0,,,4,,0.20%,39m 55s,
broadcast_test,holmium,ls-id-log-20160413230326.log.hcdk2Y.gz,0,1,0,,,12,,50.05%,35d 3h 41m 19s,
broadcast_test,hydrogen,ls-id-log-20160502212131.log.Hzndll.gz,0,1,0,,,4,,34.38%,4d 8h 31m 11s,
broadcast_test,indium,ls-id-log-20160415133742.log.NrZOTZ.gz,0,1,0,,,1,,50.78%,16m 35s,
broadcast_test,iodine,ls-id-log-20160414195807.log.jubMwO.gz,0,1,0,,,4,,0.10%,2231y 116d 6h 37m 11s,
broadcast_test,iridium,ls-id-log-20160413230358.log.Md1Pw5.gz,0,1,0,,,8,,50.02%,22d 19h 12m 25s,
broadcast_test,iron,ls-id-log-20160415150855.log.VdlfEG.gz,1,0,0,46128580,,2,6,,,landslide-trace-1460747346.46.html
broadcast_test,kyrpton,ls-id-log-20160414090428.log.89sg7j.gz,0,1,0,,,5,,13.68%,8d 19h 5m 10s,
broadcast_test,lanthanum,ls-id-log-20160414225307.log.WaO0Of.gz,1,0,0,41520651,,1,8,,,landslide-trace-1460688800.92.html
broadcast_test,lithium,ls-id-log-20160415210507.log.RExmm2.gz,0,1,0,,,2,,0.00%,99y 116d 19h 53m 3s,
broadcast_test,lutetium,ls-id-log-20160413230324.log.Lsvk84.gz,0,1,0,,,4,,26.56%,10d 6h 40m 16s,
broadcast_test,magnesium,ls-id-log-20160416101451.log.eKbPR1.gz,0,1,0,,,6,,9.87%,2d 17h 28m 5s,
broadcast_test,manganese,ls-id-log-20160414190908.log.syIejo.gz,0,0,1,,15646929166,9,954,,,
broadcast_test,molybdenum,ls-id-log-20160415053634.log.sotU3N.gz,0,1,0,,,2,,12.50%,1h 28m 32s,
broadcast_test,neodymium,ls-id-log-20160414090359.log.IZGTkN.gz,0,1,0,,,9,,62.62%,22h 57m 47s,
broadcast_test,neon,ls-id-log-20160414092034.log.vRAQvQ.gz,0,1,0,,,5,,0.10%,222d 19h 1m 59s,
broadcast_test,nickel,ls-id-log-20160414221328.log.KS1qEA.gz,0,1,0,,,5,,50.02%,5y 74d 9h 48m 44s,
broadcast_test,niobium,ls-id-log-20160414150255.log.v8jIuE.gz,0,0,1,,4484010773,9,933,,,
broadcast_test,nitrogen,ls-id-log-20160416095223.log.zRZWz5.gz,0,1,0,,,5,,20.31%,56d 10h 39m 41s,
broadcast_test,osmium,ls-id-log-20160413230545.log.J13rXi.gz,0,0,1,,3416515138,9,488,,,
broadcast_test,oxygen,ls-id-log-20160505223200.log.ZuiCKV.gz,0,1,0,,,0,,0.00%,unknown,
broadcast_test,palladium,ls-id-log-20160414090358.log.CH0A6L.gz,0,1,0,,,5,,50.15%,44d 14h 52m 4s,
broadcast_test,phosphorus,ls-id-log-20160414090418.log.oIE9r5.gz,0,1,0,,,4,,6.38%,19d 21h 38m 57s,
broadcast_test,platinum,ls-id-log-20160414193003.log.vHKb4t.gz,0,1,0,,,7,,50.18%,27d 21h 4m 47s,
broadcast_test,potassium,ls-id-log-20160414204536.log.kfAHfi.gz,0,1,0,,,4,,0.05%,165y 93d 9h 43m 51s,
broadcast_test,praseodymium,ls-id-log-20160502212120.log.EeQ1tQ.gz,0,1,0,,,7,,21.93%,21h 30m 13s,
broadcast_test,promethium,ls-id-log-20160415050532.log.ivFPCM.gz,0,1,0,,,8,,50.55%,2d 12h 55m 7s,
broadcast_test,rhenium,ls-id-log-20160415050637.log.n4n2EK.gz,0,1,0,,,5,,15.83%,22h 48m 42s,
broadcast_test,rhodium,ls-id-log-20160414200743.log.ZaduTK.gz,1,0,0,604280906,,2,20,,,landslide-trace-1460678879.3.html
broadcast_test,rubidium,ls-id-log-20160414202312.log.QtLbvH.gz,0,1,0,,,7,,29.85%,1d 15h 37m 48s,
broadcast_test,ruthenium,ls-id-log-20160416093909.log.klagM9.gz,0,1,0,,,6,,57.81%,21h 30m 1s,
broadcast_test,samarium,ls-id-log-20160415005838.log.6wpoZt.gz,0,1,0,,,9,,78.17%,1h 16m 53s,
broadcast_test,scandium,ls-id-log-20160414090447.log.CTWhY4.gz,0,1,0,,,5,,0.63%,86d 2h 23m 23s,
broadcast_test,selenium,ls-id-log-20160415150615.log.GJDCls.gz,0,1,0,,,5,,51.59%,7d 2h 6m 2s,
broadcast_test,silicon,ls-id-log-20160428012345.log.Cwcbb7.gz,1,0,0,34385627,,1,6,,,landslide-trace-1461821038.33.html
broadcast_test,silver,ls-id-log-20160509230616.log.pzuknf.gz,0,1,0,,,0,,0.00%,unknown,
broadcast_test,sodium,ls-id-log-20160415150728.log.Go820b.gz,0,1,0,,,3,,0.10%,94y 261d 14h 30m 37s,
broadcast_test,strontium,ls-id-log-20160414200942.log.2j4yJf.gz,0,1,0,,,4,,12.52%,5y 107d 19h 42m 41s,
broadcast_test,sulfur,ls-id-log-20160414090848.log.iACUhw.gz,0,1,0,,,3,,0.00%,10701587y 301d 1h 22m 49s,
broadcast_test,tantalum,ls-id-log-20160415081421.log.df088j.gz,0,1,0,,,4,,50.00%,69y 117d 14h 40m 2s,
broadcast_test,technetium,ls-id-log-20160517035126.log.H1Olex.gz,1,0,0,31204908,,1,3,,,landslide-trace-1463471500.02.html
broadcast_test,tellurium,ls-id-log-20160415063336.log.Fb5jnw.gz,0,1,0,,,9,,52.26%,2d 21m 38s,
broadcast_test,terbium,ls-id-log-20160414190519.log.0Wi48o.gz,0,1,0,,,3,,51.61%,1d 15h 57m 26s,
broadcast_test,thulium,ls-id-log-20160413231448.log.TpUyj4.gz,0,1,0,,,9,,0.06%,363d 7h 11m 50s,
broadcast_test,tin,ls-id-log-20160414190650.log.EqkRI1.gz,0,1,0,,,3,,18.92%,3d 7h 46m 52s,
broadcast_test,titanium,ls-id-log-20160415150701.log.joBy6q.gz,0,1,0,,,2,,6.25%,32y 298d 9h 44m 2s,
broadcast_test,tungsten,ls-id-log-20160415150557.log.Ran8SE.gz,0,1,0,,,4,,25.00%,48s,
broadcast_test,vanadium,ls-id-log-20160414102040.log.Z4Gy7k.gz,0,1,0,,,9,,52.32%,1d 48m 7s,
broadcast_test,xenon,ls-id-log-20160415233833.log.T4bvz2.gz,0,1,0,,,3,,13.28%,23d 22h 32m 6s,
broadcast_test,ytterbium,ls-id-log-20160415154805.log.H1BrOA.gz,0,0,1,,1887457168,7,255,,,
broadcast_test,yttrium,ls-id-log-20160414190550.log.JIMWuB.gz,0,1,0,,,5,,0.21%,5y 12d 14h 8m 45s,
broadcast_test,zinc,ls-id-log-20160416024030.log.XB0GqW.gz,0,1,0,,,5,,31.33%,1d 16h 44m 56s,
broadcast_test,zirconium,ls-id-log-20160416093854.log.EG8G5y.gz,0,0,1,,4805963111,9,582,,,
mutex_test,aluminum,ls-id-log-20160406144317.log.CuD5On.gz,0,0,1,,1020966804,6,489,,,
mutex_test,antimony,ls-id-log-20160407185007.log.KXPIkL.gz,0,0,1,,8176296708,12,707,,,
mutex_test,argon,ls-id-log-20160405190213.log.smePBs.gz,0,0,1,,1306095045,6,243,,,
mutex_test,arsenic,ls-id-log-20160405185313.log.QGIzQd.gz,0,1,0,,,9,,50.00%,108d 14h 26m 31s,
mutex_test,barium,ls-id-log-20160406144649.log.VLGvtI.gz,1,0,0,819491861,,1,31,,,landslide-trace-1459968422.82.html
mutex_test,beryllium,ls-id-log-20160407185012.log.ZuGwS6.gz,0,0,1,,19965057179,8,4925,,,
mutex_test,boron,ls-id-log-20160405184315.log.l1keMd.gz,0,1,0,,,7,,50.53%,10d 2h 49m 33s,
mutex_test,bromine,ls-id-log-20160428112318.log.pGFeMX.gz,0,1,0,,,3,,3.13%,15m 3s,
mutex_test,cadmium,ls-id-log-20160407184958.log.GwD1J7.gz,0,0,1,,4358935533,12,707,,,
mutex_test,caesium,ls-id-log-20160405184148.log.7C6C6g.gz,1,0,0,127657798,,2,8,,,landslide-trace-1459896121.72.html
mutex_test,calcium,ls-id-log-20160405184353.log.jiMPJn.gz,0,1,0,,,5,,56.26%,71y 275d 17h 44m 27s,
mutex_test,carbon,ls-id-log-20160406183819.log.RqhswB.gz,0,1,0,,,5,,1.00%,3d 2h 15m 34s,
mutex_test,cerium,ls-id-log-20160407185011.log.S2WCLx.gz,0,1,0,,,4,,50.01%,1y 316d 46m 48s,
mutex_test,chlorine,ls-id-log-20160406171821.log.xVk2hb.gz,0,0,1,,11226446753,8,3004,,,
mutex_test,chromium,ls-id-log-20160405184604.log.TxSxEa.gz,0,1,0,,,7,,28.42%,21h 21m 14s,
mutex_test,cobalt,ls-id-log-20160405201042.log.BAoJb9.gz,0,0,1,,784400743,7,219,,,
mutex_test,copper,ls-id-log-20160406144608.log.Ue1VeF.gz,0,1,0,,,6,,25.13%,26d 7h 36m 32s,
mutex_test,dysprosium,ls-id-log-20160407004606.log.qxXwFp.gz,0,0,1,,6229691695,8,2181,,,
mutex_test,erbium,ls-id-log-20160405184211.log.cOr7cR.gz,0,0,1,,833243798,5,128,,,
mutex_test,europium,ls-id-log-20160407184940.log.FcCkSF.gz,0,1,0,,,5,,38.28%,23y 356d 12h 55m 53s,
mutex_test,fluorine,ls-id-log-20160406044529.log.uPUsXN.gz,1,0,0,30329789,,1,2,,,landslide-trace-1459932344.45.html
mutex_test,gadolinium,ls-id-log-20160406044447.log.7ElQ3g.gz,0,0,1,,554726706,4,118,,,
mutex_test,gallium,ls-id-log-20160407185016.log.2R49fl.gz,0,1,0,,,6,,34.49%,1d 15h 17m 9s,
mutex_test,germanium,ls-id-log-20160407185005.log.2HcZ9t.gz,0,0,1,,435114781,4,151,,,
mutex_test,gold,ls-id-log-20160406024925.log.hWNBzN.gz,0,0,1,,1853705694,5,432,,,
mutex_test,hafnium,ls-id-log-20160407184930.log.48evkM.gz,0,1,0,,,5,,52.34%,25d 22h 52m 14s,
mutex_test,helium,ls-id-log-20160406093127.log.whRccm.gz,0,0,1,,2006770427,5,148,,,
mutex_test,holmium,ls-id-log-20160405195735.log.cUlHsn.gz,0,0,1,,2156651558,6,674,,,
mutex_test,hydrogen,ls-id-log-20160407185016.log.eKybjK.gz,0,1,0,,,4,,0.11%,7y 313d 20h 8m 44s,
mutex_test,indium,ls-id-log-20160405191123.log.O8hqEH.gz,0,1,0,,,4,,70.31%,2d 22h 44m 5s,
mutex_test,iodine,ls-id-log-20160406022536.log.VV1cMi.gz,0,1,0,,,4,,50.20%,1y 140d 15h 21m 43s,
mutex_test,iridium,ls-id-log-20160405184347.log.m8we2L.gz,0,1,0,,,10,,66.81%,5h 59m 48s,
mutex_test,iron,ls-id-log-20160407185017.log.V5DFFp.gz,0,0,1,,1002253399,12,158,,,
mutex_test,kyrpton,ls-id-log-20160405184350.log.rs648l.gz,0,1,0,,,3,,50.02%,47922255y 105d 11h 52m 25s,
mutex_test,lanthanum,ls-id-log-20160405184311.log.hDvVGd.gz,0,1,0,,,5,,50.16%,6d 13h 51m 3s,
mutex_test,lithium,ls-id-log-20160407185020.log.JJ9tpe.gz,1,0,0,435408879,,2,83,,,landslide-trace-1460069431.63.html
mutex_test,lutetium,ls-id-log-20160405184304.log.wRdr2a.gz,0,1,0,,,6,,53.37%,2d 9h 35m 12s,
mutex_test,magnesium,ls-id-log-20160406044527.log.UKFrqn.gz,1,0,0,51884845,,1,26,,,landslide-trace-1459932341.55.html
mutex_test,manganese,ls-id-log-20160407185013.log.ExjJrU.gz,1,0,0,657694219,,1,50,,,landslide-trace-1460069424.47.html
mutex_test,molybdenum,ls-id-log-20160405194821.log.XMzTIU.gz,0,0,1,,522291920,4,118,,,
mutex_test,neodymium,ls-id-log-20160407185014.log.f1daRQ.gz,0,1,0,,,7,,13.49%,6d 18h 41s,
mutex_test,neon,ls-id-log-20160406044507.log.yvtxym.gz,0,0,1,,1252146268,6,489,,,
mutex_test,nickel,ls-id-log-20160406192635.log.HtwUwy.gz,1,0,0,1369460172,,2,261,,,landslide-trace-1459985210.84.html
mutex_test,niobium,ls-id-log-20160407185022.log.LizK3z.gz,0,0,1,,1243581485,6,674,,,
mutex_test,nitrogen,ls-id-log-20160406002555.log.qOSf4P.gz,0,1,0,,,4,,0.20%,31908y 216d 12h 18m 59s,
mutex_test,osmium,ls-id-log-20160407185016.log.qEKVHO.gz,0,1,0,,,7,,25.08%,17d 5h 25m 8s,
mutex_test,oxygen,ls-id-log-20160407185008.log.lLA4Hq.gz,0,1,0,,,4,,0.00%,310y 56d 3h 36m 20s,
mutex_test,palladium,ls-id-log-20160405184326.log.iw4RAi.gz,0,1,0,,,3,,62.50%,INF,
mutex_test,phosphorus,ls-id-log-20160405184423.log.QdikJJ.gz,1,0,0,34248745,,1,2,,,landslide-trace-1459896277.81.html
mutex_test,platinum,ls-id-log-20160406044332.log.oF1KJb.gz,0,1,0,,,7,,68.78%,3d 1h 5m 48s,
mutex_test,potassium,ls-id-log-20160407185027.log.hCxJme.gz,0,1,0,,,4,,0.78%,70y 179d 54m 58s,
mutex_test,praseodymium,ls-id-log-20160407004742.log.NovfqT.gz,0,0,1,,546266203,5,166,,,
mutex_test,promethium,ls-id-log-20160406044440.log.29GUOL.gz,0,1,0,,,5,,13.10%,21d 11h 27m 26s,
mutex_test,rhenium,ls-id-log-20160406044245.log.tVd4og.gz,0,1,0,,,4,,50.00%,247y 14d 4h 31m 55s,
mutex_test,rhodium,ls-id-log-20160407185010.log.uIpe9e.gz,0,0,1,,3574969196,12,707,,,
mutex_test,rubidium,ls-id-log-20160803021759.log.5uyHqI.gz,0,1,0,,,3,,3.13%,INF,
mutex_test,ruthenium,ls-id-log-20160407185020.log.ventBZ.gz,0,0,1,,11039635520,7,1579,,,
mutex_test,samarium,ls-id-log-20160406052626.log.aZGCWy.gz,0,1,0,,,6,,50.02%,21y 81d 12h 5m 53s,
mutex_test,scandium,ls-id-log-20160405184340.log.rLInF7.gz,0,1,0,,,9,,84.95%,37m 47s,
mutex_test,selenium,ls-id-log-20160406152710.log.vI66kV.gz,1,0,0,33616056,,1,3,,,landslide-trace-1459970842.24.html
mutex_test,silicon,ls-id-log-20160406045448.log.BJEIz8.gz,1,0,0,56228028,,1,9,,,landslide-trace-1459932904.73.html
mutex_test,silver,ls-id-log-20160509230620.log.wlxRp8.gz,0,1,0,,,0,,0.00%,unknown,
mutex_test,sodium,ls-id-log-20160406144652.log.yyTxZX.gz,0,1,0,,,4,,50.59%,4y 131d 41m 24s,
mutex_test,strontium,ls-id-log-20160406044357.log.0RP8J0.gz,0,0,1,,2507863720,6,674,,,
mutex_test,sulfur,ls-id-log-20160405184406.log.XK3niL.gz,0,1,0,,,3,,0.00%,INF,
mutex_test,tantalum,ls-id-log-20160406044436.log.idwlPD.gz,0,1,0,,,3,,0.00%,8968y 219d 4h 45m 7s,
mutex_test,technetium,ls-id-log-20160407185009.log.Tkd5Za.gz,0,1,0,,,8,,50.82%,4d 17h 55m 21s,
mutex_test,tellurium,ls-id-log-20160407185000.log.n1QNBF.gz,0,0,1,,233802604,3,100,,,
mutex_test,terbium,ls-id-log-20160405184319.log.3QJ28n.gz,0,0,1,,222166459,3,78,,,
mutex_test,thulium,ls-id-log-20160407185003.log.aR5ppk.gz,0,0,1,,10769450633,14,1414,,,
mutex_test,tin,ls-id-log-20160405184336.log.FVwyoI.gz,0,0,1,,2397317032,7,246,,,
mutex_test,titanium,ls-id-log-20160407184935.log.MIDCl5.gz,0,1,0,,,2,,3.13%,3y 11d 6h 37m 43s,
mutex_test,tungsten,ls-id-log-20160407185007.log.Wd6i0f.gz,0,1,0,,,3,,7.08%,4d 4h 27m 26s,
mutex_test,vanadium,ls-id-log-20160406144533.log.c4KYPP.gz,0,1,0,,,7,,68.83%,1d 1h 52m 6s,
mutex_test,xenon,ls-id-log-20160405184208.log.tRq2ll.gz,0,1,0,,,4,,56.38%,2d 1h 21m 44s,
mutex_test,ytterbium,ls-id-log-20160405184351.log.Fpp9rG.gz,0,1,0,,,4,,50.10%,4y 141d 2h 17m 48s,
mutex_test,yttrium,ls-id-log-20160405192408.log.UKd9lx.gz,1,0,0,236421249,,2,103,,,landslide-trace-1459898663.94.html
mutex_test,zinc,ls-id-log-20160407010002.log.PjPHsL.gz,1,0,0,119961262,,2,43,,,landslide-trace-1460005212.69.html
mutex_test,zirconium,ls-id-log-20160407185001.log.whNj6k.gz,0,1,0,,,5,,50.11%,318d 14h 46m 48s,
paradise_lost (aka sem),aluminum,ls-id-log-20160509225958.log.x6YAhM.gz,0,1,0,,,2,,0.00%,INF,
paradise_lost (aka sem),antimony,ls-id-log-20160414190451.log.Q7FOHT.gz,0,1,0,,,2,,0.04%,INF,
paradise_lost (aka sem),argon,ls-id-log-20160414091526.log.XK1Wdi.gz,0,1,0,,,2,,0.00%,INF,
paradise_lost (aka sem),arsenic,ls-id-log-20160414191351.log.Bg2poa.gz,0,1,0,,,3,,0.00%,237d 21h 10m 41s,
paradise_lost (aka sem),barium,ls-id-log-20160414190434.log.1vk0n5.gz,0,1,0,,,2,,0.00%,INF,
paradise_lost (aka sem),beryllium,ls-id-log-20160509225918.log.12OcmX.gz,0,1,0,,,1,,50.00%,INF,
paradise_lost (aka sem),boron,ls-id-log-20160415050521.log.MtX52t.gz,0,1,0,,,2,,0.00%,INF,
paradise_lost (aka sem),bromine,ls-id-log-20160414225432.log.gnHklb.gz,0,1,0,,,3,,0.20%,4h 2m 42s,
paradise_lost (aka sem),cadmium,ls-id-log-20160803021803.log.9iRhGp.gz,0,1,0,,,2,,0.00%,INF,
paradise_lost (aka sem),caesium,ls-id-log-20160509225944.log.9TxYjo.gz,0,1,0,,,2,,0.00%,INF,
paradise_lost (aka sem),calcium,ls-id-log-20160803021809.log.ejtgkE.gz,0,1,0,,,3,,12.50%,292471208677y 195d 15h 30m 8s,
paradise_lost (aka sem),carbon,ls-id-log-20160502212133.log.AGcVHT.gz,0,1,0,,,2,,0.00%,INF,
paradise_lost (aka sem),cerium,ls-id-log-20160509225938.log.9FlIAT.gz,0,1,0,,,2,,0.00%,INF,
paradise_lost (aka sem),chlorine,ls-id-log-20160413230336.log.zDQNJR.gz,0,1,0,,,3,,25.00%,INF,
paradise_lost (aka sem),chromium,ls-id-log-20160509225934.log.GHRUrD.gz,0,1,0,,,2,,0.00%,INF,
paradise_lost (aka sem),cobalt,ls-id-log-20160415150758.log.t51oQ5.gz,0,1,0,,,3,,0.00%,INF,
paradise_lost (aka sem),copper,ls-id-log-20160509230010.log.CBtORU.gz,0,1,0,,,2,,0.00%,INF,
paradise_lost (aka sem),dysprosium,ls-id-log-20160509225946.log.bkmZLH.gz,0,1,0,,,2,,0.00%,INF,
paradise_lost (aka sem),erbium,ls-id-log-20160415133806.log.0NQnW3.gz,0,1,0,,,2,,0.00%,INF,
paradise_lost (aka sem),europium,ls-id-log-20160414000538.log.Glrwhf.gz,0,1,0,,,2,,0.00%,43102232y 294d 21h 33m 32s,
paradise_lost (aka sem),fluorine,ls-id-log-20160509230008.log.weTZEK.gz,0,1,0,,,2,,0.00%,INF,
paradise_lost (aka sem),gadolinium,ls-id-log-20160509225951.log.LnazMw.gz,0,1,0,,,2,,0.00%,INF,
paradise_lost (aka sem),gallium,ls-id-log-20160413230337.log.aoBqLs.gz,0,1,0,,,2,,0.00%,INF,
paradise_lost (aka sem),germanium,ls-id-log-20160413230348.log.pL49PO.gz,0,1,0,,,2,,0.00%,INF,
paradise_lost (aka sem),gold,ls-id-log-20160413230329.log.JJseZt.gz,0,1,0,,,2,,0.00%,292471208677y 195d 15h 30m 8s,
paradise_lost (aka sem),hafnium,ls-id-log-20160413230351.log.Rd1C4t.gz,0,1,0,,,4,,12.50%,245730y 145d 6h 6m 23s,
paradise_lost (aka sem),helium,ls-id-log-20160803021813.log.Uog7GT.gz,0,1,0,,,3,,3.16%,2y 135d 17h 26m 19s,
paradise_lost (aka sem),holmium,ls-id-log-20160509230004.log.6T107V.gz,0,1,0,,,2,,0.00%,INF,
paradise_lost (aka sem),hydrogen,ls-id-log-20160509230003.log.fwXLYU.gz,0,1,0,,,2,,0.00%,INF,
paradise_lost (aka sem),indium,ls-id-log-20160414190530.log.BlpQ7n.gz,0,1,0,,,1,,0.00%,899117119y 242d 20h 25m 17s,
paradise_lost (aka sem),iodine,ls-id-log-20160415133751.log.fI2UJk.gz,0,1,0,,,2,,0.00%,292471208677y 195d 15h 30m 8s,
paradise_lost (aka sem),iridium,ls-id-log-20160509225921.log.j1Eiw4.gz,0,1,0,,,2,,0.00%,INF,
paradise_lost (aka sem),iron,ls-id-log-20160413230334.log.Bsxd6d.gz,1,0,0,628195522,,2,4,,,landslide-trace-1460603024.47.html
paradise_lost (aka sem),kyrpton,ls-id-log-20160509225923.log.KQdPNS.gz,0,1,0,,,2,,0.00%,INF,
paradise_lost (aka sem),lanthanum,ls-id-log-20160414202449.log.nbqx38.gz,1,0,0,43043874,,1,8,,,landslide-trace-1460679899.39.html
paradise_lost (aka sem),lithium,ls-id-log-20160414090441.log.ydeJP5.gz,1,0,0,907547019,,1,73,,,landslide-trace-1460639093.97.html
paradise_lost (aka sem),lutetium,ls-id-log-20160415064619.log.f7qRhl.gz,0,1,0,,,2,,0.03%,292471208677y 195d 15h 30m 8s,
paradise_lost (aka sem),magnesium,ls-id-log-20160415152319.log.vhiOQp.gz,0,1,0,,,3,,0.00%,2411547454y 61d 19h 2m 11s,
paradise_lost (aka sem),manganese,ls-id-log-20160414202604.log.pqUkLl.gz,0,1,0,,,2,,0.00%,INF,
paradise_lost (aka sem),molybdenum,ls-id-log-20160509225925.log.axFG78.gz,0,1,0,,,2,,0.00%,INF,
paradise_lost (aka sem),neodymium,ls-id-log-20160517035143.log.mjI02N.gz,0,1,0,,,2,,6.25%,4775779589y 329d 18h 57m 37s,
paradise_lost (aka sem),neon,ls-id-log-20160416093933.log.Igeb4d.gz,1,0,0,111481454,,1,46,,,landslide-trace-1460813984.81.html
paradise_lost (aka sem),nickel,ls-id-log-20160413230336.log.uY9MDt.gz,0,1,0,,,2,,0.00%,INF,
paradise_lost (aka sem),niobium,ls-id-log-20160509225928.log.QsaBP0.gz,0,1,0,,,2,,0.00%,INF,
paradise_lost (aka sem),nitrogen,ls-id-log-20160415050649.log.1SxM1m.gz,0,1,0,,,2,,0.02%,9730805442y 159d 13h 1m 10s,
paradise_lost (aka sem),osmium,ls-id-log-20160415041521.log.OXbp2a.gz,1,0,0,70090926,,1,11,,,landslide-trace-1460708134.03.html
paradise_lost (aka sem),oxygen,ls-id-log-20160415235124.log.V8H4S4.gz,0,1,0,,,2,,0.00%,INF,
paradise_lost (aka sem),palladium,ls-id-log-20160415050652.log.QabdPw.gz,0,1,0,,,3,,0.12%,197979y 189d 14h 46m 42s,
paradise_lost (aka sem),phosphorus,ls-id-log-20160428012313.log.7k0vlK.gz,1,0,0,3236876623,,1,909,,,landslide-trace-1461821007.66.html
paradise_lost (aka sem),platinum,ls-id-log-20160502212149.log.PCR96g.gz,0,1,0,,,2,,0.00%,INF,
paradise_lost (aka sem),potassium,ls-id-log-20160509225950.log.dI4w4d.gz,0,1,0,,,2,,0.00%,INF,
paradise_lost (aka sem),praseodymium,ls-id-log-20160414194021.log.RTlYax.gz,0,1,0,,,2,,0.00%,INF,
paradise_lost (aka sem),promethium,ls-id-log-20160415050727.log.L3susj.gz,0,1,0,,,2,,0.00%,INF,
paradise_lost (aka sem),rhenium,ls-id-log-20160509225955.log.WpbpKr.gz,0,1,0,,,2,,0.00%,INF,
paradise_lost (aka sem),rhodium,ls-id-log-20160414095550.log.O8egST.gz,0,1,0,,,3,,0.00%,3y 190d 23h 15m 54s,
paradise_lost (aka sem),rubidium,ls-id-log-20160414090435.log.mor8lB.gz,0,1,0,,,2,,0.15%,292471208677y 195d 15h 30m 8s,
paradise_lost (aka sem),ruthenium,ls-id-log-20160413230318.log.J2e7NN.gz,0,1,0,,,2,,0.00%,INF,
paradise_lost (aka sem),samarium,ls-id-log-20160415041727.log.l01sUw.gz,1,0,0,160438724,,1,77,,,landslide-trace-1460708258.83.html
paradise_lost (aka sem),scandium,ls-id-log-20160415133746.log.pCxNzf.gz,0,1,0,,,2,,0.00%,292471208677y 195d 15h 30m 8s,
paradise_lost (aka sem),selenium,ls-id-log-20160509225935.log.T3q4Tq.gz,0,1,0,,,1,,50.00%,INF,
paradise_lost (aka sem),silicon,ls-id-log-20160509225940.log.NsV4SF.gz,0,1,0,,,2,,0.00%,INF,
paradise_lost (aka sem),silver,ls-id-log-20160509230625.log.pBRk3v.gz,0,1,0,,,0,,0.00%,unknown,
paradise_lost (aka sem),sodium,ls-id-log-20160509225930.log.VoMnKj.gz,0,1,0,,,1,,0.00%,INF,
paradise_lost (aka sem),strontium,ls-id-log-20160415151336.log.MIju83.gz,1,0,0,4995186287,,2,80,,,landslide-trace-1460747627.56.html
paradise_lost (aka sem),sulfur,ls-id-log-20160415162646.log.s77GCk.gz,0,1,0,,,2,,0.01%,13082y 35d 10h 22m 11s,
paradise_lost (aka sem),tantalum,ls-id-log-20160414000537.log.TFV0A9.gz,1,0,0,122077136,,1,19,,,landslide-trace-1460606750.44.html
paradise_lost (aka sem),technetium,ls-id-log-20160415050612.log.iXHYk9.gz,0,1,0,,,2,,0.00%,INF,
paradise_lost (aka sem),tellurium,ls-id-log-20160414090409.log.Ke2B8q.gz,0,1,0,,,2,,0.00%,INF,
paradise_lost (aka sem),terbium,ls-id-log-20160428212419.log.HuE3Pb.gz,0,1,0,,,2,,0.00%,INF,
paradise_lost (aka sem),thulium,ls-id-log-20160415233817.log.VBjLy2.gz,0,1,0,,,3,,0.00%,INF,
paradise_lost (aka sem),tin,ls-id-log-20160416124115.log.NgDJK8.gz,0,1,0,,,1,,0.00%,INF,
paradise_lost (aka sem),titanium,ls-id-log-20160505223339.log.ujAcEI.gz,1,0,0,28185260230,,0,3320,,,landslide-trace-1462502030.84.html
paradise_lost (aka sem),tungsten,ls-id-log-20160414191559.log.PQjb7d.gz,0,1,0,,,2,,0.00%,INF,
paradise_lost (aka sem),vanadium,ls-id-log-20160414090441.log.UV4bEs.gz,1,0,0,198909995,,1,32,,,landslide-trace-1460639092.8.html
paradise_lost (aka sem),xenon,ls-id-log-20160502212124.log.IWf2uN.gz,0,1,0,,,2,,62.53%,5d 16h 45m 26s,
paradise_lost (aka sem),ytterbium,ls-id-log-20160414110736.log.VPnpe6.gz,0,1,0,,,2,,0.00%,INF,
paradise_lost (aka sem),yttrium,ls-id-log-20160413230443.log.3vw2We.gz,0,1,0,,,3,,0.08%,15054y 28d 23h 19m 32s,
paradise_lost (aka sem),zinc,ls-id-log-20160414090440.log.AFU6rS.gz,1,0,0,162532758,,1,31,,,landslide-trace-1460639091.78.html
paradise_lost (aka sem),zirconium,ls-id-log-20160415164718.log.pEswwa.gz,0,1,0,,,1,,0.00%,INF,
paraguay (aka signal),aluminum,ls-id-log-20160414202124.log.qpfyW9.gz,0,1,0,,,4,,28.52%,1d 38m 37s,
paraguay (aka signal),antimony,ls-id-log-20160415055852.log.pX6NcG.gz,0,1,0,,,4,,12.50%,24466y 5d 3h 30m 13s,
paraguay (aka signal),argon,ls-id-log-20160413230336.log.G4434P.gz,0,1,0,,,5,,75.07%,1d 1h 16m 34s,
paraguay (aka signal),arsenic,ls-id-log-20160414191546.log.TjbMVF.gz,0,1,0,,,4,,0.00%,653y 34d 1m 20s,
paraguay (aka signal),barium,ls-id-log-20160414090359.log.D52yIV.gz,0,1,0,,,3,,0.98%,1316y 55d 15h 21m 15s,
paraguay (aka signal),beryllium,ls-id-log-20160414125917.log.NEYla1.gz,0,1,0,,,4,,0.04%,327d 6h 41m 52s,
paraguay (aka signal),boron,ls-id-log-20160414190533.log.KSntDl.gz,0,1,0,,,3,,0.39%,93d 23h 34m 57s,
paraguay (aka signal),bromine,ls-id-log-20160415051633.log.dv7h5H.gz,0,1,0,,,2,,0.78%,2y 112d 23h 29m 9s,
paraguay (aka signal),cadmium,ls-id-log-20160414090810.log.TI6nk0.gz,0,1,0,,,5,,0.01%,13y 137d 15h 46m 57s,
paraguay (aka signal),caesium,ls-id-log-20160415050631.log.NtcBJs.gz,0,1,0,,,6,,2.35%,1y 206d 16h 19m 44s,
paraguay (aka signal),calcium,ls-id-log-20160414192124.log.wWTlSj.gz,0,1,0,,,4,,0.00%,1394y 170d 12h 44m 20s,
paraguay (aka signal),carbon,ls-id-log-20160413230330.log.OPZJ2S.gz,0,1,0,,,3,,6.25%,6y 186d 11h 46m 15s,
paraguay (aka signal),cerium,ls-id-log-20160415110715.log.H3eKx5.gz,0,1,0,,,3,,0.40%,87y 191d 3h 2m 55s,
paraguay (aka signal),chlorine,ls-id-log-20160413230326.log.tn9sBK.gz,0,1,0,,,3,,50.01%,2y 204d 11h 20m 24s,
paraguay (aka signal),chromium,ls-id-log-20160413230322.log.POoHHj.gz,0,1,0,,,5,,0.39%,2y 219d 17m 30s,
paraguay (aka signal),cobalt,ls-id-log-20160413230759.log.gBYEMM.gz,0,1,0,,,4,,9.47%,44d 3h 41m 33s,
paraguay (aka signal),copper,ls-id-log-20160416010827.log.6793xW.gz,1,0,0,1765165953,,2,453,,,landslide-trace-1460783318.12.html
paraguay (aka signal),dysprosium,ls-id-log-20160414102412.log.Qcawf8.gz,0,1,0,,,4,,0.01%,26y 223d 2h 33m 0s,
paraguay (aka signal),erbium,ls-id-log-20160413230501.log.GYEf2L.gz,0,1,0,,,6,,43.80%,7h 37m 7s,
paraguay (aka signal),europium,ls-id-log-20160414211042.log.rbX4EK.gz,0,1,0,,,3,,0.07%,6280y 166d 20h 36m 2s,
paraguay (aka signal),fluorine,ls-id-log-20160415050541.log.SMa4fE.gz,0,1,0,,,3,,0.00%,398y 313d 35m 33s,
paraguay (aka signal),gadolinium,ls-id-log-20160413230355.log.R2LUUx.gz,0,1,0,,,3,,0.02%,76y 3h 23m 32s,
paraguay (aka signal),gallium,ls-id-log-20160414053015.log.dKPyYT.gz,0,1,0,,,3,,0.83%,107y 242d 9h 29m 54s,
paraguay (aka signal),germanium,ls-id-log-20160416010752.log.8qoTdw.gz,1,0,0,3928821185,,3,835,,,landslide-trace-1460783282.12.html
paraguay (aka signal),gold,ls-id-log-20160414153058.log.nGs9Ak.gz,0,1,0,,,4,,22.36%,23h 45m 46s,
paraguay (aka signal),hafnium,ls-id-log-20160413230323.log.xthziP.gz,0,1,0,,,3,,0.00%,19879y 337d 5h 37m 5s,
paraguay (aka signal),helium,ls-id-log-20160413230323.log.n4JYOn.gz,0,1,0,,,7,,2.44%,1d 6h 17m 15s,
paraguay (aka signal),holmium,ls-id-log-20160414190946.log.wozIo1.gz,0,1,0,,,4,,0.11%,4y 89d 5h 36m 44s,
paraguay (aka signal),hydrogen,ls-id-log-20160414091536.log.DN3Y6B.gz,0,1,0,,,4,,1.86%,35d 33m 55s,
paraguay (aka signal),indium,ls-id-log-20160414090744.log.sljqyw.gz,0,1,0,,,2,,6.28%,118d 6h 55m 18s,
paraguay (aka signal),iodine,ls-id-log-20160502212139.log.UKUc2t.gz,0,1,0,,,3,,0.00%,9592152692y 151d 8h 16m 56s,
paraguay (aka signal),iridium,ls-id-log-20160413230346.log.HZWQrU.gz,0,1,0,,,5,,15.64%,317d 8h 9m 56s,
paraguay (aka signal),iron,ls-id-log-20160414220547.log.fKlgHK.gz,1,0,0,415860882,,2,7,,,landslide-trace-1460685960.77.html
paraguay (aka signal),kyrpton,ls-id-log-20160413230334.log.8ha4sc.gz,0,1,0,,,3,,31.25%,65y 166d 5h 56m 27s,
paraguay (aka signal),lanthanum,ls-id-log-20160414090421.log.Y0iWX2.gz,1,0,0,50911344,,1,8,,,landslide-trace-1460639076.8.html
paraguay (aka signal),lithium,ls-id-log-20160415133801.log.apZPdb.gz,0,1,0,,,3,,0.00%,183y 363d 9h 32m 40s,
paraguay (aka signal),lutetium,ls-id-log-20160414204526.log.57bBcj.gz,0,1,0,,,3,,12.50%,10y 206d 17h 10m 50s,
paraguay (aka signal),magnesium,ls-id-log-20160417173245.log.3qm2eX.gz,0,1,0,,,6,,0.71%,10d 18h 5m 16s,
paraguay (aka signal),manganese,ls-id-log-20160413230337.log.3Vgz3w.gz,0,1,0,,,4,,0.50%,51d 9h 58m 58s,
paraguay (aka signal),molybdenum,ls-id-log-20160413230435.log.Y8MPm4.gz,0,1,0,,,4,,0.02%,8y 22d 13h 35m 44s,
paraguay (aka signal),neodymium,ls-id-log-20160502212117.log.A5n9Uq.gz,0,1,0,,,4,,1.17%,50d 19h 56m 34s,
paraguay (aka signal),neon,ls-id-log-20160414103215.log.JmWaw5.gz,0,1,0,,,4,,0.01%,27y 72d 8h 36m 8s,
paraguay (aka signal),nickel,ls-id-log-20160414190455.log.oMCmBt.gz,0,1,0,,,3,,0.20%,24y 284d 16h 9m 39s,
paraguay (aka signal),niobium,ls-id-log-20160416105930.log.zixZ0a.gz,0,1,0,,,5,,0.06%,134d 11h 34m 34s,
paraguay (aka signal),nitrogen,ls-id-log-20160414090438.log.zRWiXC.gz,0,1,0,,,3,,0.00%,24208y 232d 9h 10m 37s,
paraguay (aka signal),osmium,ls-id-log-20160414190514.log.9PXJBH.gz,0,1,0,,,4,,0.00%,2156y 316d 5h 7m 3s,
paraguay (aka signal),oxygen,ls-id-log-20160413230344.log.GLsLpi.gz,0,1,0,,,3,,50.29%,5d 19h 14s,
paraguay (aka signal),palladium,ls-id-log-20160414090408.log.lI5gz2.gz,0,1,0,,,4,,0.00%,32y 44d 17h 21m 2s,
paraguay (aka signal),phosphorus,ls-id-log-20160413230322.log.l3pZVJ.gz,1,0,0,856511714,,2,5,,,landslide-trace-1460603014.38.html
paraguay (aka signal),platinum,ls-id-log-20160414190803.log.OMIZYY.gz,0,1,0,,,4,,0.01%,2243y 215d 2h 7m 49s,
paraguay (aka signal),potassium,ls-id-log-20160414190551.log.O5bUBf.gz,1,0,0,421310861,,2,5,,,landslide-trace-1460675163.96.html
paraguay (aka signal),praseodymium,ls-id-log-20160413230637.log.ELuOA2.gz,0,1,0,,,5,,3.34%,133d 15h 13m 9s,
paraguay (aka signal),promethium,ls-id-log-20160414145746.log.XujVbC.gz,0,1,0,,,3,,0.25%,110d 14h 46m 22s,
paraguay (aka signal),rhenium,ls-id-log-20160415233906.log.krDalV.gz,1,0,0,682721669,,2,135,,,landslide-trace-1460777958.52.html
paraguay (aka signal),rhodium,ls-id-log-20160414090458.log.q9RjD9.gz,0,1,0,,,4,,0.00%,155773y 91d 13h 53m 6s,
paraguay (aka signal),rubidium,ls-id-log-20160414100902.log.4n65XR.gz,0,1,0,,,3,,75.00%,321d 6h 6m 48s,
paraguay (aka signal),ruthenium,ls-id-log-20160414092026.log.mPNoef.gz,0,1,0,,,4,,0.59%,1y 170d 14h 50m 50s,
paraguay (aka signal),samarium,ls-id-log-20160414203241.log.5UxiOZ.gz,0,1,0,,,4,,0.01%,10y 200d 18h 40m 32s,
paraguay (aka signal),scandium,ls-id-log-20160415052224.log.P99UeF.gz,0,1,0,,,5,,9.48%,27d 22h 7m 26s,
paraguay (aka signal),selenium,ls-id-log-20160502212140.log.R2nsQz.gz,0,1,0,,,3,,0.00%,25y 53d 10h 34m 43s,
paraguay (aka signal),silicon,ls-id-log-20160414090452.log.Knzy6a.gz,0,1,0,,,4,,0.01%,18y 291d 3h 21m 49s,
paraguay (aka signal),silver,ls-id-log-20160509230630.log.llXN2C.gz,0,1,0,,,0,,0.00%,unknown,
paraguay (aka signal),sodium,ls-id-log-20160415053102.log.IHpzwN.gz,0,1,0,,,3,,0.78%,7636y 27d 11h 5m 53s,
paraguay (aka signal),strontium,ls-id-log-20160414090420.log.ORqirY.gz,0,1,0,,,4,,0.81%,2y 35d 11h 59m 54s,
paraguay (aka signal),sulfur,ls-id-log-20160429040046.log.uF96YF.gz,1,0,0,1554697054,,2,216,,,landslide-trace-1461916856.99.html
paraguay (aka signal),tantalum,ls-id-log-20160416010649.log.oDAwEG.gz,0,1,0,,,3,,0.78%,1263y 330d 10h 30m 24s,
paraguay (aka signal),technetium,ls-id-log-20160415021904.log.mliQLE.gz,0,1,0,,,3,,0.00%,101317y 332d 20h 20m 1s,
paraguay (aka signal),tellurium,ls-id-log-20160414230001.log.iEXrvq.gz,0,1,0,,,4,,0.02%,8183y 302d 8h 42m 7s,
paraguay (aka signal),terbium,ls-id-log-20160415150814.log.QNZJV1.gz,1,0,0,272129846,,2,6,,,landslide-trace-1460747305.48.html
paraguay (aka signal),thulium,ls-id-log-20160415063536.log.waGKhC.gz,1,0,0,1265276475,,3,358,,,landslide-trace-1460716548.46.html
paraguay (aka signal),tin,ls-id-log-20160413230354.log.8mKD6X.gz,0,1,0,,,3,,26.27%,19h 54m 53s,
paraguay (aka signal),titanium,ls-id-log-20160413231949.log.4pGhh3.gz,0,1,0,,,1,,0.00%,4292y 139d 8h 23m 38s,
paraguay (aka signal),tungsten,ls-id-log-20160413230349.log.bz6Rbp.gz,0,1,0,,,3,,25.00%,58d 6h 35m 59s,
paraguay (aka signal),vanadium,ls-id-log-20160415050742.log.TicnjN.gz,0,1,0,,,4,,0.03%,332y 7d 10h 27m 52s,
paraguay (aka signal),xenon,ls-id-log-20160414100642.log.XQAjzT.gz,0,1,0,,,2,,4.20%,5d 4h 2m 48s,
paraguay (aka signal),ytterbium,ls-id-log-20160414190629.log.mSwup3.gz,0,1,0,,,4,,0.00%,57y 30d 9h 2m 24s,
paraguay (aka signal),yttrium,ls-id-log-20160502212128.log.OHL8op.gz,0,1,0,,,2,,0.00%,199820y 50d 18h 9m 28s,
paraguay (aka signal),zinc,ls-id-log-20160414145440.log.2EgkPw.gz,1,0,0,455705519,,2,43,,,landslide-trace-1460660096.84.html
paraguay (aka signal),zirconium,ls-id-log-20160415062553.log.juYx4L.gz,0,1,0,,,3,,1.93%,8d 23h 27m 58s,
priority-sema (aka sched),algeria,ls-id-log-20160505224535.log.tQVO3X.gz,0,1,0,,,3,,0.00%,292471208677y 195d 15h 30m 8s,
priority-sema (aka sched),angola,ls-id-log-20160505224523.log.CVuNAH.gz,0,1,0,,,2,,0.00%,INF,
priority-sema (aka sched),argentina,ls-id-log-20160505224542.log.GLMXYc.gz,1,0,0,3060646765,,1,1024,,,landslide-trace-1462502755.85.html
priority-sema (aka sched),australia,ls-id-log-20160509225638.log.NEPOTM.gz,0,1,0,,,4,,25.00%,292471208677y 195d 15h 30m 8s,
priority-sema (aka sched),benelux,ls-id-log-20160509225614.log.hGbCon.gz,0,1,0,,,3,,6.25%,INF,
priority-sema (aka sched),bolivia,ls-id-log-20160509225647.log.TsbRj2.gz,0,1,0,,,2,,0.00%,292471208677y 195d 15h 30m 8s,
priority-sema (aka sched),botswana,ls-id-log-20160505224530.log.quy9nB.gz,0,1,0,,,4,,50.00%,292471208677y 195d 15h 30m 8s,
priority-sema (aka sched),brazil,ls-id-log-20160509225631.log.mPGkpg.gz,0,1,0,,,3,,0.00%,INF,
priority-sema (aka sched),bulgaria,ls-id-log-20160505224537.log.9GHOED.gz,0,1,0,,,3,,0.00%,292471208677y 195d 15h 30m 8s,
priority-sema (aka sched),burma,ls-id-log-20160505224524.log.CeDhiF.gz,0,1,0,,,3,,0.00%,INF,
priority-sema (aka sched),cameroon,ls-id-log-20160505224507.log.k9uJqL.gz,0,1,0,,,3,,0.00%,INF,
priority-sema (aka sched),chile,ls-id-log-20160505224512.log.XDMKex.gz,0,1,0,,,3,,0.69%,INF,
priority-sema (aka sched),costarica,ls-id-log-20160509225616.log.ay8UXm.gz,0,1,0,,,2,,0.00%,INF,
priority-sema (aka sched),cuba,ls-id-log-20160413230129.log.2Wkdcg.gz,1,0,0,31029208,,1,12,,,landslide-trace-1460602899.71.html
priority-sema (aka sched),czechoslovakia,ls-id-log-20160505224538.log.FNxTf2.gz,0,1,0,,,2,,0.00%,INF,
priority-sema (aka sched),denmark,ls-id-log-20160505230221.log.BhYrcg.gz,0,1,0,,,2,,0.00%,INF,
priority-sema (aka sched),eastgermany,ls-id-log-20160505224546.log.FMNlju.gz,0,1,0,,,2,,0.00%,INF,
priority-sema (aka sched),ecuador,ls-id-log-20160505224528.log.jntTy3.gz,0,1,0,,,2,,0.00%,INF,
priority-sema (aka sched),egypt,ls-id-log-20160505230240.log.FJoX01.gz,0,1,0,,,2,,0.05%,1y 4d 31m 31s,
priority-sema (aka sched),finland,ls-id-log-20160505230208.log.anofPq.gz,0,1,0,,,4,,25.00%,292471208677y 195d 15h 30m 8s,
priority-sema (aka sched),france,ls-id-log-20160504024407.log.Ce8BrI.gz,1,0,0,758775873,,1,523,,,landslide-trace-1462344260.85.html
priority-sema (aka sched),guatemala,ls-id-log-20160505224527.log.GFn4I7.gz,0,1,0,,,3,,0.00%,292471208677y 195d 15h 30m 8s,
priority-sema (aka sched),haiti,ls-id-log-20160509225616.log.6ayoEG.gz,0,1,0,,,3,,0.00%,INF,
priority-sema (aka sched),honduras,ls-id-log-20160505224546.log.Kdka4o.gz,0,1,0,,,3,,0.00%,INF,
priority-sema (aka sched),india,ls-id-log-20160505224521.log.kD0jmX.gz,0,1,0,,,3,,0.00%,INF,
priority-sema (aka sched),indonesia,ls-id-log-20160505224550.log.MGsfAd.gz,0,1,0,,,3,,0.00%,292471208677y 195d 15h 30m 8s,
priority-sema (aka sched),iran,ls-id-log-20160505224503.log.5cYOxk.gz,0,1,0,,,2,,0.00%,292471208677y 195d 15h 30m 8s,
priority-sema (aka sched),iraq,ls-id-log-20160505224509.log.Vk4EKy.gz,0,1,0,,,4,,25.00%,INF,
priority-sema (aka sched),israel,ls-id-log-20160509225625.log.PLM76M.gz,0,1,0,,,3,,0.00%,292471208677y 195d 15h 30m 8s,
priority-sema (aka sched),italy,ls-id-log-20160505224512.log.SKNEb0.gz,0,1,0,,,2,,0.00%,INF,
priority-sema (aka sched),ivorycoast,ls-id-log-20160413230237.log.xqWTHl.gz,1,0,0,31309294,,1,9,,,landslide-trace-1460602969.49.html
priority-sema (aka sched),japan,ls-id-log-20160509225622.log.UXN0BM.gz,0,1,0,,,3,,0.00%,INF,
priority-sema (aka sched),malaysia,ls-id-log-20160509225653.log.JCqBPE.gz,0,1,0,,,3,,0.00%,INF,
priority-sema (aka sched),mexico,ls-id-log-20160505224526.log.9DXFDE.gz,0,1,0,,,3,,5.47%,292471208677y 195d 15h 30m 8s,
priority-sema (aka sched),morocco,ls-id-log-20160505224508.log.e2Go1q.gz,0,1,0,,,3,,0.00%,292471208677y 195d 15h 30m 8s,
priority-sema (aka sched),nicaragua,ls-id-log-20160505230208.log.9U0UJn.gz,0,1,0,,,3,,0.00%,INF,
priority-sema (aka sched),nigeria,ls-id-log-20160413230409.log.neljDf.gz,1,0,0,42543176,,1,12,,,landslide-trace-1460603059.97.html
priority-sema (aka sched),northkorea,ls-id-log-20160504024403.log.M4iuir.gz,1,0,0,471245151,,1,284,,,landslide-trace-1462344255.93.html
priority-sema (aka sched),norway,ls-id-log-20160505224534.log.sWUSKX.gz,0,1,0,,,2,,0.00%,292471208677y 195d 15h 30m 8s,
priority-sema (aka sched),pakistan,ls-id-log-20160505225537.log.8upvdg.gz,0,1,0,,,3,,0.00%,292471208677y 195d 15h 30m 8s,
priority-sema (aka sched),panama,ls-id-log-20160505224535.log.cL6eGQ.gz,0,1,0,,,3,,0.00%,292471208677y 195d 15h 30m 8s,
priority-sema (aka sched),paraguay,ls-id-log-20160505224515.log.MaUe8h.gz,0,1,0,,,3,,0.00%,INF,
priority-sema (aka sched),peru,ls-id-log-20160415065031.log.P3Ju1d.gz,1,0,0,58081994,,1,12,,,landslide-trace-1460717450.09.html
priority-sema (aka sched),philippines,ls-id-log-20160505224507.log.rQBTWz.gz,0,1,0,,,2,,0.00%,292471208677y 195d 15h 30m 8s,
priority-sema (aka sched),poland,ls-id-log-20160505224542.log.LyWH7a.gz,0,1,0,,,3,,0.00%,292471208677y 195d 15h 30m 8s,
priority-sema (aka sched),saudiarabia,ls-id-log-20160505225548.log.zRW7yU.gz,1,0,0,569551396,,1,266,,,landslide-trace-1462503363.14.html
priority-sema (aka sched),somalia,ls-id-log-20160505230215.log.34IXcs.gz,0,1,0,,,3,,0.00%,292471208677y 195d 15h 30m 8s,
priority-sema (aka sched),southafrica,ls-id-log-20160505224544.log.7fLde4.gz,0,1,0,,,2,,0.00%,INF,
priority-sema (aka sched),spainportugal,ls-id-log-20160505224526.log.skMhhI.gz,0,1,0,,,3,,0.00%,292471208677y 195d 15h 30m 8s,
priority-sema (aka sched),sudan,ls-id-log-20160505230211.log.4kUS5F.gz,0,1,0,,,3,,0.00%,292471208677y 195d 15h 30m 8s,
priority-sema (aka sched),syria,ls-id-log-20160505224521.log.F1fkpg.gz,0,1,0,,,4,,25.00%,292471208677y 195d 15h 30m 8s,
priority-sema (aka sched),taiwan,ls-id-log-20160505224546.log.njzDdq.gz,0,1,0,,,2,,0.00%,INF,
priority-sema (aka sched),thailand,ls-id-log-20160509225623.log.ylD093.gz,0,1,0,,,3,,0.00%,INF,
priority-sema (aka sched),uruguay,ls-id-log-20160505224523.log.0A8Wn0.gz,0,1,0,,,3,,6.25%,292471208677y 195d 15h 30m 8s,
priority-sema (aka sched),venezuela,ls-id-log-20160505224508.log.xkWIeg.gz,0,1,0,,,3,,0.00%,INF,
priority-sema (aka sched),vietnam,ls-id-log-20160505225542.log.8vM0tj.gz,0,1,0,,,3,,0.00%,292471208677y 195d 15h 30m 8s,
priority-sema (aka sched),westgermany,ls-id-log-20160509225626.log.FNZ1oj.gz,0,1,0,,,4,,12.50%,292471208677y 195d 15h 30m 8s,
priority-sema (aka sched),yugoslavia,ls-id-log-20160505224537.log.EfgLIs.gz,0,1,0,,,3,,0.00%,292471208677y 195d 15h 30m 8s,
priority-sema (aka sched),zimbabwe,ls-id-log-20160413230235.log.kbxLgT.gz,0,1,0,,,2,,0.10%,1y 24d 2h 40m 58s,
rwlock_downgrade_read_test,aluminum,ls-id-log-20160413230328.log.stErip.gz,0,1,0,,,3,,1.61%,40y 218d 14h 52m 50s,
rwlock_downgrade_read_test,antimony,ls-id-log-20160414000330.log.M6whOk.gz,0,1,0,,,2,,0.00%,INF,
rwlock_downgrade_read_test,argon,ls-id-log-20160415090041.log.TNzXtn.gz,0,1,0,,,4,,0.78%,48y 85d 4h 11m 40s,
rwlock_downgrade_read_test,arsenic,ls-id-log-20160414174712.log.6ugP6P.gz,0,1,0,,,3,,0.05%,5y 82d 7h 13m 33s,
rwlock_downgrade_read_test,barium,ls-id-log-20160415150718.log.5fLwyo.gz,1,0,0,40582615,,1,2,,,landslide-trace-1460747248.47.html
rwlock_downgrade_read_test,beryllium,ls-id-log-20160414090529.log.RNLviK.gz,1,0,0,4472718746,,2,313,,,landslide-trace-1460639142.48.html
rwlock_downgrade_read_test,boron,ls-id-log-20160414190441.log.o1nqsI.gz,1,0,0,24762787,,1,2,,,landslide-trace-1460675092.2.html
rwlock_downgrade_read_test,bromine,ls-id-log-20160414174855.log.FtDK1G.gz,0,1,0,,,1,,1.76%,12d 19h 12m 39s,
rwlock_downgrade_read_test,cadmium,ls-id-log-20160413231814.log.F4Zurb.gz,0,1,0,,,3,,0.00%,2621y 282d 19h 59m 56s,
rwlock_downgrade_read_test,caesium,ls-id-log-20160414090431.log.IsEvbg.gz,1,0,0,789116957,,2,34,,,landslide-trace-1460639087.37.html
rwlock_downgrade_read_test,calcium,ls-id-log-20160413230349.log.iVgmbH.gz,1,0,0,3650033886,,1,14,,,landslide-trace-1460603041.49.html
rwlock_downgrade_read_test,carbon,ls-id-log-20160418051147.log.RAMOLp.gz,1,0,0,101278335,,1,17,,,landslide-trace-1460970717.21.html
rwlock_downgrade_read_test,cerium,ls-id-log-20160415150737.log.VLLvf4.gz,0,1,0,,,3,,0.00%,9036y 165d 1h 7m 53s,
rwlock_downgrade_read_test,chlorine,ls-id-log-20160414174722.log.N0bEzQ.gz,0,1,0,,,3,,3.13%,90y 28d 15h 48m 41s,
rwlock_downgrade_read_test,chromium,ls-id-log-20160413230347.log.V4wHcB.gz,0,1,0,,,3,,0.00%,339272984y 173d 1h 1m 5s,
rwlock_downgrade_read_test,cobalt,ls-id-log-20160413230340.log.Ghykov.gz,0,1,0,,,3,,0.00%,13750354y 325d 16h 17m 33s,
rwlock_downgrade_read_test,copper,ls-id-log-20160414210827.log.u4R8Ct.gz,1,0,0,83524938,,1,9,,,landslide-trace-1460682523.76.html
rwlock_downgrade_read_test,dysprosium,ls-id-log-20160502212129.log.1H4ZI5.gz,1,0,0,266092039,,1,30,,,landslide-trace-1462238499.76.html
rwlock_downgrade_read_test,erbium,ls-id-log-20160415050538.log.c6xAQB.gz,0,1,0,,,3,,0.00%,INF,
rwlock_downgrade_read_test,europium,ls-id-log-20160414090454.log.hJYDXf.gz,0,1,0,,,2,,0.00%,2147485043y 78d 14h 13m 26s,
rwlock_downgrade_read_test,fluorine,ls-id-log-20160517035136.log.kgNM5j.gz,0,1,0,,,2,,0.10%,INF,
rwlock_downgrade_read_test,gadolinium,ls-id-log-20160414174732.log.Kbzhav.gz,1,0,0,12772202658,,2,762,,,landslide-trace-1460670464.17.html
rwlock_downgrade_read_test,gallium,ls-id-log-20160415150920.log.aZNT1b.gz,0,1,0,,,3,,0.01%,6y 84d 5h 25m 28s,
rwlock_downgrade_read_test,germanium,ls-id-log-20160413230346.log.3Mc1z7.gz,0,1,0,,,4,,0.20%,6y 325d 15h 51m 20s,
rwlock_downgrade_read_test,gold,ls-id-log-20160413230327.log.Mmi4iV.gz,1,0,0,30520711,,1,2,,,landslide-trace-1460603017.71.html
rwlock_downgrade_read_test,hafnium,ls-id-log-20160415054704.log.L5a4Ij.gz,0,1,0,,,2,,0.10%,53448y 349d 4h 21m 26s,
rwlock_downgrade_read_test,helium,ls-id-log-20160517035132.log.umNEvM.gz,1,0,0,440352277,,1,7,,,landslide-trace-1463471506.23.html
rwlock_downgrade_read_test,holmium,ls-id-log-20160414090524.log.RP54Qk.gz,0,1,0,,,3,,6.25%,6610y 46d 3h 47m 34s,
rwlock_downgrade_read_test,hydrogen,ls-id-log-20160414181310.log.ylYKBt.gz,0,1,0,,,1,,0.00%,INF,
rwlock_downgrade_read_test,indium,ls-id-log-20160414090551.log.xgnD6Z.gz,1,0,0,1961868629,,1,2,,,landslide-trace-1460639164.62.html
rwlock_downgrade_read_test,iodine,ls-id-log-20160413230344.log.LvDOjf.gz,1,0,0,29632042,,1,2,,,landslide-trace-1460603035.47.html
rwlock_downgrade_read_test,iridium,ls-id-log-20160416193947.log.3J8Ig7.gz,0,1,0,,,4,,0.00%,54715y 363d 11h 57m 34s,
rwlock_downgrade_read_test,iron,ls-id-log-20160414090416.log.BLNhQC.gz,1,0,0,36912992,,1,4,,,landslide-trace-1460639067.99.html
rwlock_downgrade_read_test,kyrpton,ls-id-log-20160415150607.log.SNcGfB.gz,0,1,0,,,4,,0.03%,65d 6h 26m 36s,
rwlock_downgrade_read_test,lanthanum,ls-id-log-20160413230544.log.Ba2eiN.gz,0,1,0,,,4,,52.34%,2d 13h 53m 32s,
rwlock_downgrade_read_test,lithium,ls-id-log-20160414090426.log.qsHzIj.gz,1,0,0,5971144567,,1,21,,,landslide-trace-1460639077.81.html
rwlock_downgrade_read_test,lutetium,ls-id-log-20160517035118.log.xMJQut.gz,0,1,0,,,3,,0.01%,601573y 244d 20h 46m 10s,
rwlock_downgrade_read_test,magnesium,ls-id-log-20160413230343.log.79UQeD.gz,0,1,0,,,3,,0.78%,29y 276d 9h 14m 17s,
rwlock_downgrade_read_test,manganese,ls-id-log-20160417084428.log.g8Urk9.gz,1,0,0,27247343,,1,2,,,landslide-trace-1460897077.58.html
rwlock_downgrade_read_test,molybdenum,ls-id-log-20160414190505.log.ldxKPl.gz,0,1,0,,,1,,0.00%,45584y 146d 8h 47m 54s,
rwlock_downgrade_read_test,neodymium,ls-id-log-20160414090426.log.oxBoLM.gz,0,1,0,,,4,,26.56%,129y 149d 16h 21m 13s,
rwlock_downgrade_read_test,neon,ls-id-log-20160415150832.log.GePJhI.gz,0,1,0,,,3,,0.49%,9y 207d 23h 26m 53s,
rwlock_downgrade_read_test,nickel,ls-id-log-20160414190610.log.F2cSka.gz,0,1,0,,,3,,0.00%,1948501y 128d 19h 18m 29s,
rwlock_downgrade_read_test,niobium,ls-id-log-20160413230341.log.90SqC3.gz,0,1,0,,,3,,1.56%,16y 252d 6h 54m 49s,
rwlock_downgrade_read_test,nitrogen,ls-id-log-20160414090450.log.5FsZKb.gz,1,0,0,878763200,,2,48,,,landslide-trace-1460639102.08.html
rwlock_downgrade_read_test,osmium,ls-id-log-20160415150714.log.1lsw5T.gz,0,1,0,,,3,,1.95%,2y 47d 1h 56m 54s,
rwlock_downgrade_read_test,oxygen,ls-id-log-20160415133756.log.os28hm.gz,0,1,0,,,1,,0.00%,2717663182y 220d 7h 32m 52s,
rwlock_downgrade_read_test,palladium,ls-id-log-20160502212145.log.C5HJpf.gz,0,1,0,,,2,,0.00%,INF,
rwlock_downgrade_read_test,phosphorus,ls-id-log-20160414090426.log.ggPpa7.gz,0,1,0,,,3,,0.00%,INF,
rwlock_downgrade_read_test,platinum,ls-id-log-20160502212120.log.XXFyDA.gz,0,1,0,,,3,,0.00%,18941310y 108d 21h 31m 5s,
rwlock_downgrade_read_test,potassium,ls-id-log-20160414190735.log.wyrvi2.gz,0,1,0,,,2,,0.00%,INF,
rwlock_downgrade_read_test,praseodymium,ls-id-log-20160414174735.log.SUvxNO.gz,1,0,0,25162859,,1,2,,,landslide-trace-1460670467.2.html
rwlock_downgrade_read_test,promethium,ls-id-log-20160415050720.log.4IPPui.gz,0,1,0,,,3,,12.50%,1y 239d 23h 55s,
rwlock_downgrade_read_test,rhenium,ls-id-log-20160502212135.log.6mHKmX.gz,0,1,0,,,4,,51.57%,6d 14h 56m 14s,
rwlock_downgrade_read_test,rhodium,ls-id-log-20160415050802.log.ZvgYHN.gz,1,0,0,7785344051,,2,625,,,landslide-trace-1460711298.14.html
rwlock_downgrade_read_test,rubidium,ls-id-log-20160413230352.log.FCwEvB.gz,0,1,0,,,4,,0.03%,304d 20h 19m 34s,
rwlock_downgrade_read_test,ruthenium,ls-id-log-20160428012332.log.QOFT6G.gz,1,0,0,86835959,,1,11,,,landslide-trace-1461821022.72.html
rwlock_downgrade_read_test,samarium,ls-id-log-20160414190502.log.wYiLr2.gz,1,0,0,113638001,,1,25,,,landslide-trace-1460675113.39.html
rwlock_downgrade_read_test,scandium,ls-id-log-20160414190450.log.J9362J.gz,1,0,0,1456668657,,2,109,,,landslide-trace-1460675108.0.html
rwlock_downgrade_read_test,selenium,ls-id-log-20160416094118.log.y54dTq.gz,1,0,0,1154370311,,2,96,,,landslide-trace-1460814091.04.html
rwlock_downgrade_read_test,silicon,ls-id-log-20160414090431.log.RLsIVR.gz,1,0,0,3755678521,,2,610,,,landslide-trace-1460639083.17.html
rwlock_downgrade_read_test,silver,ls-id-log-20160509230635.log.WMuiw5.gz,0,1,0,,,0,,0.00%,unknown,
rwlock_downgrade_read_test,sodium,ls-id-log-20160415050611.log.jjBlfk.gz,0,1,0,,,2,,0.00%,INF,
rwlock_downgrade_read_test,strontium,ls-id-log-20160415150614.log.SDUcMa.gz,1,0,0,26363171,,1,2,,,landslide-trace-1460747186.18.html
rwlock_downgrade_read_test,sulfur,ls-id-log-20160414190615.log.YaqkSC.gz,0,1,0,,,2,,0.00%,INF,
rwlock_downgrade_read_test,tantalum,ls-id-log-20160414090558.log.J8ayS2.gz,0,1,0,,,2,,0.00%,8034023391y 259d 15h 19m 11s,
rwlock_downgrade_read_test,technetium,ls-id-log-20160517035122.log.pCnZiN.gz,1,0,0,221857923,,1,47,,,landslide-trace-1463471494.43.html
rwlock_downgrade_read_test,tellurium,ls-id-log-20160413230814.log.fJ57II.gz,1,0,0,654185834,,2,110,,,landslide-trace-1460603304.01.html
rwlock_downgrade_read_test,terbium,ls-id-log-20160502212145.log.XuxVBi.gz,0,1,0,,,2,,0.01%,31594y 286d 1h 41m 7s,
rwlock_downgrade_read_test,thulium,ls-id-log-20160502212141.log.qYnevQ.gz,0,1,0,,,4,,0.00%,1183y 116d 11h 43m 26s,
rwlock_downgrade_read_test,tin,ls-id-log-20160414190500.log.WyB0wx.gz,0,1,0,,,1,,0.00%,10862132y 261d 12h 4m 52s,
rwlock_downgrade_read_test,titanium,ls-id-log-20160803021818.log.6NkwPd.gz,0,1,0,,,1,,0.10%,155941y 23d 7h 18m 17s,
rwlock_downgrade_read_test,tungsten,ls-id-log-20160415055852.log.4Bh0lJ.gz,0,1,0,,,1,,0.00%,617y 136d 12h 48m 25s,
rwlock_downgrade_read_test,vanadium,ls-id-log-20160415113246.log.rqh1oi.gz,0,1,0,,,3,,0.00%,1671432y 26d 5h 48m 9s,
rwlock_downgrade_read_test,xenon,ls-id-log-20160415050712.log.DJUT8P.gz,0,1,0,,,2,,0.05%,34y 147d 23h 24m 48s,
rwlock_downgrade_read_test,ytterbium,ls-id-log-20160414202439.log.ggAS82.gz,0,1,0,,,3,,26.56%,2y 102d 11h 59m 38s,
rwlock_downgrade_read_test,yttrium,ls-id-log-20160502212150.log.fP8eKr.gz,0,1,0,,,2,,10.16%,3d 1h 3m 25s,
rwlock_downgrade_read_test,zinc,ls-id-log-20160415141502.log.GcBs3A.gz,1,0,0,799965078,,1,37,,,landslide-trace-1460744121.42.html
rwlock_downgrade_read_test,zirconium,ls-id-log-20160414104442.log.Gfqi0k.gz,0,1,0,,,1,,55.91%,16h 33m 47s,
thr_exit_join,aluminum,ls-id-log-20160416205959.log.s1lsWq.gz,0,1,0,,,7,,66.05%,4h 54m 36s,
thr_exit_join,antimony,ls-id-log-20160413230348.log.p87oZl.gz,0,1,0,,,3,,0.12%,38d 12h 32m 1s,
thr_exit_join,argon,ls-id-log-20160502212123.log.CUG6We.gz,0,1,0,,,6,,62.66%,9d 20h 50m 16s,
thr_exit_join,arsenic,ls-id-log-20160416023807.log.C3c3Db.gz,0,1,0,,,5,,0.04%,2y 126d 11h 42m 46s,
thr_exit_join,barium,ls-id-log-20160502212144.log.IZmfU4.gz,1,0,0,122376533,,2,39,,,landslide-trace-1462238516.57.html
thr_exit_join,beryllium,ls-id-log-20160414161814.log.7ocUdH.gz,0,1,0,,,6,,27.48%,2d 2h 9m 26s,
thr_exit_join,boron,ls-id-log-20160502212147.log.L6XlMs.gz,0,1,0,,,5,,1.90%,5d 20h 5m 2s,
thr_exit_join,bromine,ls-id-log-20160415050859.log.94GQoM.gz,0,1,0,,,2,,0.00%,143d 1h 35m 50s,
thr_exit_join,cadmium,ls-id-log-20160415062217.log.FIc7An.gz,0,1,0,,,3,,0.29%,8533y 238d 14h 15m 16s,
thr_exit_join,caesium,ls-id-log-20160415153158.log.0lDsy4.gz,1,0,0,52934921,,1,8,,,landslide-trace-1460748730.21.html
thr_exit_join,calcium,ls-id-log-20160414195657.log.Kv6RcX.gz,0,1,0,,,2,,0.10%,203d 10h 42m 35s,
thr_exit_join,carbon,ls-id-log-20160416010934.log.uif9A2.gz,1,0,0,20524793,,1,2,,,landslide-trace-1460783384.2.html
thr_exit_join,cerium,ls-id-log-20160416001405.log.mrdpjB.gz,0,1,0,,,3,,6.64%,6y 305d 5h 3s,
thr_exit_join,chlorine,ls-id-log-20160428112334.log.O7IdRD.gz,0,1,0,,,4,,0.02%,8148578y 358d 6h 10m 4s,
thr_exit_join,chromium,ls-id-log-20160413230321.log.n8sVZx.gz,0,1,0,,,5,,0.59%,179d 19h 59m 29s,
thr_exit_join,cobalt,ls-id-log-20160413230332.log.I7EDQe.gz,0,1,0,,,4,,25.00%,5772y 327d 3h 9m 57s,
thr_exit_join,copper,ls-id-log-20160505223355.log.Ds80JV.gz,1,0,0,110509877,,2,14,,,landslide-trace-1462502047.34.html
thr_exit_join,dysprosium,ls-id-log-20160414102524.log.MuR8qf.gz,0,1,0,,,6,,25.01%,1y 240d 11h 12m 13s,
thr_exit_join,erbium,ls-id-log-20160414190540.log.Twu6bX.gz,0,1,0,,,3,,0.01%,5914347y 268d 5h 12m 28s,
thr_exit_join,europium,ls-id-log-20160414045654.log.NvgGps.gz,0,1,0,,,2,,1.17%,26d 8h 53m 44s,
thr_exit_join,fluorine,ls-id-log-20160415050647.log.txcVzD.gz,0,1,0,,,4,,50.00%,20y 82d 11h 51s,
thr_exit_join,gadolinium,ls-id-log-20160414190510.log.UMmEtI.gz,0,1,0,,,3,,50.00%,2203198y 317d 5h 35m 2s,
thr_exit_join,gallium,ls-id-log-20160414190742.log.l81oPt.gz,0,1,0,,,3,,0.10%,1y 94d 21h 30m 13s,
thr_exit_join,germanium,ls-id-log-20160414090436.log.4loCoV.gz,0,1,0,,,8,,81.02%,3h 15m 41s,
thr_exit_join,gold,ls-id-log-20160517035148.log.VYbzwf.gz,0,1,0,,,4,,0.10%,90y 241d 11m 20s,
thr_exit_join,hafnium,ls-id-log-20160414090835.log.LaWRhK.gz,1,0,0,381756121,,2,16,,,landslide-trace-1460639325.56.html
thr_exit_join,helium,ls-id-log-20160414090408.log.Q45fWZ.gz,0,1 (oomkilled),0,,,0,,unknown,unknown,
thr_exit_join,holmium,ls-id-log-20160413230334.log.mqyfDF.gz,0,1,0,,,5,,51.62%,18d 19h 39s,
thr_exit_join,hydrogen,ls-id-log-20160502212131.log.zYkLr7.gz,0,1,0,,,8,,19.01%,6h 8m 2s,
thr_exit_join,indium,ls-id-log-20160415150718.log.x3Kupp.gz,0,1 (oomkilled),0,,,0,,unknown,unknown,
thr_exit_join,iodine,ls-id-log-20160413230351.log.WwkTHz.gz,0,1,0,,,4,,0.20%,3972613y 200d 2h 52m 1s,
thr_exit_join,iridium,ls-id-log-20160415213323.log.7tMxgs.gz,0,1,0,,,6,,25.03%,8y 9d 3h 17m 22s,
thr_exit_join,iron,ls-id-log-20160415151732.log.qwm7vc.gz,0,1,0,,,12,,25.02%,2d 9h 12m 51s,
thr_exit_join,kyrpton,ls-id-log-20160415150736.log.jE1g13.gz,0,1,0,,,7,,39.88%,5h 21m 20s,
thr_exit_join,lanthanum,ls-id-log-20160415233832.log.s3ght5.gz,0,0,1,,2085497622,8,315,,,
thr_exit_join,lithium,ls-id-log-20160414190519.log.XEMfhF.gz,1,0,0,5957604267,,1,16,,,landslide-trace-1460675134.64.html
thr_exit_join,lutetium,ls-id-log-20160415051453.log.725AZZ.gz,0,1,0,,,5,,0.12%,1y 329d 22h 10m 38s,
thr_exit_join,magnesium,ls-id-log-20160413230338.log.2NCbiD.gz,0,1,0,,,4,,1.95%,284d 3h 39m 52s,
thr_exit_join,manganese,ls-id-log-20160415105916.log.Xyd1t2.gz,0,0,1,,441850541,7,68,,,
thr_exit_join,molybdenum,ls-id-log-20160505223200.log.xVG4z0.gz,0,1,0,,,0,,0.00%,unknown,
thr_exit_join,neodymium,ls-id-log-20160413230327.log.0ESpqZ.gz,0,1,0,,,6,,12.52%,133d 22h 39m 35s,
thr_exit_join,neon,ls-id-log-20160413230342.log.LmWx1O.gz,0,1,0,,,4,,1.56%,81y 80d 18h 58m 0s,
thr_exit_join,nickel,ls-id-log-20160414200812.log.ZNmv5R.gz,0,1,0,,,4,,0.05%,2800y 124d 2h 1m 40s,
thr_exit_join,niobium,ls-id-log-20160414090410.log.6ymWA9.gz,0,1,0,,,9,,12.11%,11h 6m 9s,
thr_exit_join,nitrogen,ls-id-log-20160414090447.log.fs7NnH.gz,1,0,0,5206974665,,3,588,,,landslide-trace-1460639098.55.html
thr_exit_join,osmium,ls-id-log-20160415150734.log.5M19j9.gz,1,0,0,40759785,,1,2,,,landslide-trace-1460747272.06.html
thr_exit_join,oxygen,ls-id-log-20160413230336.log.U0oa1r.gz,0,1,0,,,1,,0.00%,2778y 328d 21m 34s,
thr_exit_join,palladium,ls-id-log-20160413234431.log.9213d0.gz,0,1,0,,,3,,1.77%,12d 5h 22m 25s,
thr_exit_join,phosphorus,ls-id-log-20160416010820.log.sqI1OV.gz,0,1,0,,,4,,0.51%,31d 4h 56m 41s,
thr_exit_join,platinum,ls-id-log-20160414000815.log.aP6D3K.gz,0,1,0,,,4,,10.16%,2d 10h 15m 1s,
thr_exit_join,potassium,ls-id-log-20160415054123.log.DpTmRI.gz,0,1,0,,,3,,0.00%,INF,
thr_exit_join,praseodymium,ls-id-log-20160415185734.log.s0Q9bL.gz,0,1,0,,,5,,1.57%,36y 184d 15h 15m 14s,
thr_exit_join,promethium,ls-id-log-20160414193555.log.vRLlcv.gz,0,1,0,,,5,,0.78%,1y 268d 16h 3m 12s,
thr_exit_join,rhenium,ls-id-log-20160415233852.log.9ulgIC.gz,0,1,0,,,7,,42.58%,5h 2m 9s,
thr_exit_join,rhodium,ls-id-log-20160415050646.log.vwts2A.gz,0,1,0,,,10,,74.61%,15m 39s,
thr_exit_join,rubidium,ls-id-log-20160414090451.log.bSpnuM.gz,0,1,0,,,7,,18.02%,8h 46m 45s,
thr_exit_join,ruthenium,ls-id-log-20160415150852.log.UDToL2.gz,1,0,0,132596559,,1,11,,,landslide-trace-1460747345.95.html
thr_exit_join,samarium,ls-id-log-20160414093924.log.WIs4PW.gz,0,1,0,,,7,,0.00%,10850y 130d 3h 19m 51s,
thr_exit_join,scandium,ls-id-log-20160413230352.log.bXjasW.gz,1,0,0,55254367,,1,6,,,landslide-trace-1460603044.85.html
thr_exit_join,selenium,ls-id-log-20160415050602.log.26WedL.gz,1,0,0,29635849,,1,2,,,landslide-trace-1460711174.08.html
thr_exit_join,silicon,ls-id-log-20160414190455.log.9YTATl.gz,0,1,0,,,4,,0.00%,456y 211d 7h 25m 18s,
thr_exit_join,silver,ls-id-log-20160509230640.log.f6pLKK.gz,0,1,0,,,0,,0.00%,unknown,
thr_exit_join,sodium,ls-id-log-20160415233845.log.wyIwzd.gz,0,1,0,,,2,,1.56%,INF,
thr_exit_join,strontium,ls-id-log-20160413230348.log.0QVsSh.gz,0,1,0,,,3,,25.00%,76y 171d 5h 1m 48s,
thr_exit_join,sulfur,ls-id-log-20160414194616.log.nvdQA3.gz,0,1,0,,,3,,0.00%,INF,
thr_exit_join,tantalum,ls-id-log-20160414090441.log.lBcu9s.gz,0,1,0,,,2,,0.00%,15321403y 259d 20h 29m 45s,
thr_exit_join,technetium,ls-id-log-20160414091817.log.n7ZCCe.gz,0,1,0,,,7,,25.55%,9d 6h 14m 26s,
thr_exit_join,tellurium,ls-id-log-20160413230332.log.rtTBYm.gz,1,0,0,29843225,,1,3,,,landslide-trace-1460603023.03.html
thr_exit_join,terbium,ls-id-log-20160413230804.log.AKxY0e.gz,0,1,0,,,4,,0.25%,104d 23h 27m 45s,
thr_exit_join,thulium,ls-id-log-20160414233046.log.blUjXh.gz,0,1,0,,,7,,2.34%,7y 76d 23h 4m 11s,
thr_exit_join,tin,ls-id-log-20160415013200.log.HyOv9q.gz,0,1,0,,,2,,55.81%,57m 26s,
thr_exit_join,titanium,ls-id-log-20160413230321.log.fplKNy.gz,0,1,0,,,3,,14.06%,1y 244d 15h 10m 16s,
thr_exit_join,tungsten,ls-id-log-20160502212134.log.pC4RgC.gz,0,1,0,,,2,,0.01%,18d 23h 39m 29s,
thr_exit_join,vanadium,ls-id-log-20160415133739.log.fBIzMs.gz,0,1,0,,,3,,75.00%,106d 19h 13m 37s,
thr_exit_join,xenon,ls-id-log-20160413230338.log.VvLH6u.gz,0,1,0,,,3,,0.02%,12y 211d 9h 12m 39s,
thr_exit_join,ytterbium,ls-id-log-20160414090649.log.s7I0f0.gz,0,1,0,,,4,,50.29%,3d 1h 59m 34s,
thr_exit_join,yttrium,ls-id-log-20160414190551.log.yRtzMq.gz,0,1,0,,,5,,0.20%,34y 237d 8h 13m 57s,
thr_exit_join,zinc,ls-id-log-20160414190746.log.21olmY.gz,1,0,0,423894135,,2,13,,,landslide-trace-1460675279.96.html
thr_exit_join,zirconium,ls-id-log-20160415050822.log.3RG0k0.gz,1,0,0,5195888622,,2,1480,,,landslide-trace-1460711316.89.html
wait-simple,afghanistan,ls-id-log-20160415140054.log.SuQmvg.gz,0,1,0,,,1,,0.00%,INF,
wait-simple,algeria,ls-id-log-20160505224528.log.UzGBe3.gz,0,1,0,,,0,,0.00%,unknown,
wait-simple,angola,ls-id-log-20160505224556.log.YCoYZA.gz,0,1,0,,,0,,0.00%,unknown,
wait-simple,australia,ls-id-log-20160429152648.log.SLTY45.gz,0,1,0,,,0,,0.00%,unknown,
wait-simple,austria,ls-id-log-20160505230233.log.VolvUK.gz,0,1,0,,,0,,0.00%,unknown,
wait-simple,benelux,ls-id-log-20160502213552.log.NSbZOE.gz,0,1,0,,,1,,0.00%,INF,
wait-simple,bulgaria,ls-id-log-20160505224538.log.3H1gvb.gz,0,1,0,,,0,,0.00%,unknown,
wait-simple,burma,ls-id-log-20160505224549.log.YpDWBK.gz,0,1,0,,,0,,0.00%,unknown,
wait-simple,cameroon,ls-id-log-20160505224553.log.ohRcEi.gz,0,1,0,,,0,,0.00%,unknown,
wait-simple,chile,ls-id-log-20160414030012.log.Kz0LZZ.gz,0,1,0,,,1,,0.00%,INF,
wait-simple,colombia,ls-id-log-20160505230226.log.0Hv6Ht.gz,0,1,0,,,0,,0.00%,unknown,
wait-simple,costarica,ls-id-log-20160414174103.log.QoWVMm.gz,0,1,0,,,1,,0.00%,INF,
wait-simple,denmark,ls-id-log-20160505224526.log.deIi1D.gz,0,1,0,,,0,,0.00%,unknown,
wait-simple,eastgermany,ls-id-log-20160505224503.log.oC4YOm.gz,0,1,0,,,0,,0.00%,unknown,
wait-simple,ecuador,ls-id-log-20160415200117.log.vCK6W8.gz,1,0,0,59216697265,,1,2,,,landslide-trace-1460764892.02.html
wait-simple,egypt,ls-id-log-20160505224548.log.t5AmSj.gz,0,1,0,,,0,,0.00%,unknown,
wait-simple,elsalvador,ls-id-log-20160803023159.log.7B5qFV.gz,0,1,0,,,0,,0.00%,unknown,
wait-simple,ethiopia,ls-id-log-20160505224529.log.5sMjqI.gz,0,1,0,,,0,,0.00%,unknown,
wait-simple,france,ls-id-log-20160413230239.log.7M8dRG.gz,0,1,0,,,1,,0.00%,529y 284d 12h 34m 17s,
wait-simple,greece,ls-id-log-20160505224523.log.XmKhLw.gz,0,1,0,,,0,,0.00%,unknown,
wait-simple,guatemala,ls-id-log-20160415182402.log.nWBziR.gz,0,1,0,,,1,,0.00%,1114y 226d 7h 28m 15s,
wait-simple,hungary,ls-id-log-20160505224523.log.hViuS6.gz,0,1,0,,,0,,0.00%,unknown,
wait-simple,india,ls-id-log-20160505224532.log.kXjlC4.gz,0,1,0,,,0,,0.00%,unknown,
wait-simple,iran,ls-id-log-20160429152710.log.fLKXRa.gz,0,1,0,,,0,,0.00%,unknown,
wait-simple,iraq,ls-id-log-20160416215005.log.rHjptm.gz,0,1,0,,,1,,0.00%,INF,
wait-simple,ivorycoast,ls-id-log-20160414124533.log.OVx36t.gz,0,1,0,,,1,,0.00%,INF,
wait-simple,japan,ls-id-log-20160505225555.log.YozYKY.gz,0,1,0,,,0,,0.00%,unknown,
wait-simple,jordan,ls-id-log-20160505224549.log.GcnpOl.gz,0,1,0,,,0,,0.00%,unknown,
wait-simple,kenya,ls-id-log-20160429152649.log.Kvv9AN.gz,0,1,0,,,0,,0.00%,unknown,
wait-simple,laoscambodia,ls-id-log-20160413230137.log.h2gu0C.gz,0,1,0,,,1,,0.00%,INF,
wait-simple,lebanon,ls-id-log-20160505224544.log.uAG3bv.gz,0,1 (oomkilled),0,,,0,,unknown,unknown,
wait-simple,libya,ls-id-log-20160505224532.log.i4sCMQ.gz,0,1,0,,,0,,0.00%,unknown,
wait-simple,malaysia,ls-id-log-20160413230236.log.mARJpV.gz,0,1,0,,,1,,0.00%,INF,
wait-simple,pakistan,ls-id-log-20160505224510.log.7jcHh9.gz,0,1,0,,,0,,0.00%,unknown,
wait-simple,panama,ls-id-log-20160417080403.log.w9zssM.gz,0,1,0,,,1,,0.00%,INF,
wait-simple,paraguay,ls-id-log-20160505224557.log.OzLuEw.gz,0,1,0,,,0,,0.00%,unknown,
wait-simple,peru,ls-id-log-20160415212704.log.4Tpn8n.gz,0,1,0,,,1,,3.13%,31d 11h 14m 17s,
wait-simple,poland,ls-id-log-20160505224512.log.axAUMu.gz,0,1,0,,,0,,0.00%,unknown,
wait-simple,romania,ls-id-log-20160505224521.log.cbkGZa.gz,0,1,0,,,0,,0.00%,unknown,
wait-simple,saudiarabia,ls-id-log-20160414174058.log.6jHQBj.gz,0,1,0,,,1,,0.00%,INF,
wait-simple,southkorea,ls-id-log-20160505230244.log.zxYGPu.gz,0,1,0,,,0,,0.00%,unknown,
wait-simple,sudan,ls-id-log-20160429152714.log.gakJZL.gz,0,1,0,,,0,,0.00%,unknown,
wait-simple,sweden,ls-id-log-20160505230240.log.Oek0nB.gz,0,1,0,,,0,,0.00%,unknown,
wait-simple,syria,ls-id-log-20160413235434.log.nZLimc.gz,0,1,0,,,1,,0.01%,11y 359d 11h 39m 52s,
wait-simple,thailand,ls-id-log-20160505224542.log.d1G9JY.gz,0,1,0,,,1,,0.00%,INF,
wait-simple,tunisia,ls-id-log-20160415032552.log.lSerVZ.gz,0,1,0,,,1,,0.00%,INF,
wait-simple,turkey,ls-id-log-20160429152658.log.0UrDzp.gz,0,1,0,,,0,,0.00%,unknown,
wait-simple,venezuela,ls-id-log-20160505224512.log.JM85I9.gz,0,1,0,,,0,,0.00%,unknown,
wait-simple,vietnam,ls-id-log-20160505224512.log.wQqNox.gz,0,1,0,,,0,,0.00%,unknown,
wait-simple,yugoslavia,ls-id-log-20160413230239.log.17w1U5.gz,0,1,0,,,1,,0.00%,INF,
wait-simple,zaire,ls-id-log-20160414215031.log.y1r4LU.gz,0,1,0,,,1,,100.00%,0s,
wait-simple,zimbabwe,ls-id-log-20160414145120.log.v6yA9E.gz,0,1,0,,,1,,0.00%,INF,