Test name,P2/Pintos group ID (anonymized),Log file name,Bug found?,Timed out?,Bug time (wall=CPU) (usecs),# interleavings,Elapsed time in completed state space,Estimated progress (weighted backtrack estimator),ETA (recursive estimator (note: may disagree with weighted backtrack estimator)),Bug trace filename
alarm-simultaneous,algeria,ls-id-log-20151113002513.log.RxhXCH.gz,0,1,,,,0.50%,128d 1h 53m 27s,
alarm-simultaneous,angola,ls-id-log-20160803023538.log.CTfPmp.gz,0,1,,,,0.00%,123y 307d 45m 42s,
alarm-simultaneous,argentina,ls-id-log-20151113133711.log.sesYku.gz,0,1,,,,0.00%,287y 344d 31m 23s,
alarm-simultaneous,australia,ls-id-log-20151113004900.log.CNEDMh.gz,0,1,,,,0.03%,8y 180d 17h 16m 11s,
alarm-simultaneous,benelux,ls-id-log-20151113133657.log.1AI4k9.gz,0,1,,,,0.04%,3y 72d 9h 47m 34s,
alarm-simultaneous,bolivia,ls-id-log-20151113002524.log.Fetw24.gz,0,1,,,,0.01%,12y 351d 20h 49m 53s,
alarm-simultaneous,botswana,ls-id-log-20151113004903.log.73km4g.gz,0,1,,,,0.38%,111d 10h 42m 31s,
alarm-simultaneous,brazil,ls-id-log-20151113133657.log.9twO5W.gz,0,1,,,,0.13%,325d 3h 6m 29s,
alarm-simultaneous,costarica,ls-id-log-20151113133954.log.wvgJ4a.gz,0,1,,,,0.04%,3y 40d 6h 43m 2s,
alarm-simultaneous,cuba,ls-id-log-20151113004857.log.xxeGSl.gz,0,1,,,,0.12%,361d 17h 59m 44s,
alarm-simultaneous,czechoslovakia,ls-id-log-20151113002519.log.hPNHbd.gz,0,1,,,,0.00%,54y 333d 17h 32m 32s,
alarm-simultaneous,denmark,ls-id-log-20151113004907.log.Orbx7A.gz,0,1,,,,0.01%,18y 276d 21h 45m 21s,
alarm-simultaneous,eastgermany,ls-id-log-20151113133640.log.D879wp.gz,0,1,,,,0.00%,86y 122d 10h 36m 10s,
alarm-simultaneous,ecuador,ls-id-log-20151113002533.log.oIZbyX.gz,0,1,,,,0.02%,4y 339d 23h 19m 29s,
alarm-simultaneous,finland,ls-id-log-20151113133656.log.yuOFSh.gz,0,1,,,,0.03%,3y 8d 15h 56m 25s,
alarm-simultaneous,france,ls-id-log-20151113133702.log.jP3izZ.gz,0,1,,,,0.00%,97y 109d 19h 52m 58s,
alarm-simultaneous,haiti,ls-id-log-20151113133704.log.9IJGo8.gz,0,1,,,,0.18%,239d 17h 30m 8s,
alarm-simultaneous,honduras,ls-id-log-20151113002512.log.eO1UyL.gz,1,0,9190151041,29296,,,,landslide-trace-1447392322.78.html
alarm-simultaneous,indonesia,ls-id-log-20151113002508.log.jtPHc6.gz,1,0,1934851844,7785,,,,landslide-trace-1447392320.27.html
alarm-simultaneous,iran,ls-id-log-20151113133708.log.fFdepr.gz,0,1,,,,0.00%,42y 235d 11h 55m 47s,
alarm-simultaneous,iraq,ls-id-log-20151113133658.log.3NQeIR.gz,0,1,,,,0.03%,8y 119d 5h 42m 55s,
alarm-simultaneous,israel,ls-id-log-20151113133657.log.dgxeA3.gz,0,1,,,,0.06%,1y 329d 13h 58m 6s,
alarm-simultaneous,italy,ls-id-log-20151113133650.log.lsc4jd.gz,0,1,,,,0.00%,30y 89d 9h 42m 32s,
alarm-simultaneous,ivorycoast,ls-id-log-20151113004910.log.ySmncq.gz,0,1,,,,0.05%,2y 45d 28m 22s,
alarm-simultaneous,malaysia,ls-id-log-20151113002518.log.pSYySc.gz,0,1,,,,0.14%,300d 51m 42s,
alarm-simultaneous,mexico,ls-id-log-20151113133704.log.PTAgWj.gz,0,1,,,,0.13%,20y 245d 22h 30m 42s,
alarm-simultaneous,morocco,ls-id-log-20151113133640.log.H3dSsE.gz,0,1,,,,0.08%,1y 187d 2h 42m 13s,
alarm-simultaneous,nicaragua,ls-id-log-20151113133703.log.5CpSWY.gz,0,1,,,,0.46%,91d 18h 53m 38s,
alarm-simultaneous,nigeria,ls-id-log-20151113002521.log.JT3CWh.gz,0,1,,,,0.03%,5y 309d 9h 13m 10s,
alarm-simultaneous,northkorea,ls-id-log-20151113133640.log.S2KwqM.gz,0,1,,,,0.00%,36y 356d 17h 37m 3s,
alarm-simultaneous,norway,ls-id-log-20151113002502.log.dkzmSm.gz,0,1,,,,0.00%,446y 309d 9h 36m 36s,
alarm-simultaneous,peru,ls-id-log-20151113002530.log.lZvywb.gz,0,1,,,,0.16%,1y 2d 1h 36m 7s,
alarm-simultaneous,philippines,ls-id-log-20151113005757.log.70fhFv.gz,1,0,13036809687,28338,,,,landslide-trace-1447394291.81.html
alarm-simultaneous,saudiarabia,ls-id-log-20151113133652.log.PAaLax.gz,0,1,,,,0.02%,5y 2d 14h 28m 8s,
alarm-simultaneous,somalia,ls-id-log-20151113133639.log.SQ4NNe.gz,0,1,,,,0.46%,92d 8h 3m 1s,
alarm-simultaneous,southafrica,ls-id-log-20151113002526.log.su1F4u.gz,0,1,,,,0.01%,21y 44d 23h 51m 0s,
alarm-simultaneous,spainportugal,ls-id-log-20151113004908.log.IsV2sU.gz,0,1,,,,0.12%,1y 39d 21h 16m 40s,
alarm-simultaneous,syria,ls-id-log-20151113133705.log.X680Z0.gz,0,1,,,,0.03%,8y 65d 10h 55m 21s,
alarm-simultaneous,taiwan,ls-id-log-20151113002505.log.dWascs.gz,0,1,,,,0.80%,62d 14h 42m 43s,
alarm-simultaneous,thailand,ls-id-log-20151113002513.log.pr5Q5W.gz,1,0,10999695834,28946,,,,landslide-trace-1447392328.05.html
alarm-simultaneous,uruguay,ls-id-log-20151113133659.log.ywhwPo.gz,0,1,,,,0.02%,5y 54d 19h 26m 20s,
alarm-simultaneous,westgermany,ls-id-log-20151113004859.log.OrD5P0.gz,0,1,,,,0.00%,36y 77d 2h 23m 24s,
alarm-simultaneous,yugoslavia,ls-id-log-20151113133646.log.YL8DJe.gz,0,1,,,,0.01%,11y 110d 11h 48m 31s,
alarm-simultaneous,zimbabwe,ls-id-log-20151113004904.log.hl8ikt.gz,1,0,10427526674,29296,,,,landslide-trace-1447393754.26.html
broadcast_test,aluminum,ls-id-log-20160510043813.log.8l4kxG.gz,0,0,,236,1m 11s,,,
broadcast_test,antimony,ls-id-log-20160509232304.log.sKCdCw.gz,0,0,,198,1m 25s,,,
broadcast_test,argon,ls-id-log-20160510010252.log.P3Jzaf.gz,0,0,,212,1m 32s,,,
broadcast_test,arsenic,ls-id-log-20160510022833.log.maLgn1.gz,1,0,19396896,7,,,,landslide-trace-1462861724.53.html
broadcast_test,barium,ls-id-log-20160510020757.log.VHiLc1.gz,0,0,,474,2m 10s,,,
broadcast_test,beryllium,ls-id-log-20160510021942.log.U1g4yy.gz,0,0,,399,1m 40s,,,
broadcast_test,boron,ls-id-log-20160510070925.log.qaFKJu.gz,0,0,,188,50s,,,
broadcast_test,bromine,ls-id-log-20160510121439.log.zzDqzJ.gz,0,0,,11088,46m 9s,,,
broadcast_test,cadmium,ls-id-log-20160509232558.log.CISIz0.gz,0,0,,88,34s,,,
broadcast_test,caesium,ls-id-log-20160510094538.log.5rxbTF.gz,0,0,,107,31s,,,
broadcast_test,calcium,ls-id-log-20160510042659.log.pW6miH.gz,0,0,,16,11s,,,
broadcast_test,carbon,ls-id-log-20160510020510.log.LGMC3Y.gz,0,0,,2640,12m 7s,,,
broadcast_test,cerium,ls-id-log-20160510043721.log.asilwB.gz,0,0,,20,11s,,,
broadcast_test,chlorine,ls-id-log-20160510043709.log.LRclYW.gz,0,0,,340,2m 16s,,,
broadcast_test,chromium,ls-id-log-20160510044523.log.krwDI7.gz,1,0,17786065,3,,,,landslide-trace-1462869933.36.html
broadcast_test,cobalt,ls-id-log-20160510000922.log.0rkfrF.gz,0,0,,170,56s,,,
broadcast_test,copper,ls-id-log-20160509232507.log.4MAoOZ.gz,0,0,,47,29s,,,
broadcast_test,dysprosium,ls-id-log-20160510094203.log.LQB9IX.gz,0,0,,32,13s,,,
broadcast_test,erbium,ls-id-log-20160509232313.log.3a6EFE.gz,0,0,,166,49s,,,
broadcast_test,europium,ls-id-log-20160510020716.log.LbyydR.gz,0,0,,1836,9m 46s,,,
broadcast_test,fluorine,ls-id-log-20160510043829.log.fXBMIs.gz,0,0,,4427,22m 11s,,,
broadcast_test,gadolinium,ls-id-log-20160510020822.log.SSY4pw.gz,0,0,,767,3m 6s,,,
broadcast_test,gallium,ls-id-log-20160510070938.log.BdxZtK.gz,0,0,,8452,38m 55s,,,
broadcast_test,germanium,ls-id-log-20160510020503.log.7nP65A.gz,0,0,,170,1m 22s,,,
broadcast_test,gold,ls-id-log-20160509232331.log.I7s1bD.gz,0,0,,4598,24m 19s,,,
broadcast_test,hafnium,ls-id-log-20160510044117.log.ybwzAO.gz,0,0,,166,47s,,,
broadcast_test,helium,ls-id-log-20160510070952.log.RQz4oe.gz,0,0,,232,1m 34s,,,
broadcast_test,holmium,ls-id-log-20160510020446.log.s1namg.gz,0,0,,484,2m 28s,,,
broadcast_test,hydrogen,ls-id-log-20160510015510.log.iMXKLa.gz,0,0,,645,2m 44s,,,
broadcast_test,indium,ls-id-log-20160510035720.log.aQN0xr.gz,0,0,,2826,17m 51s,,,
broadcast_test,iodine,ls-id-log-20160510020642.log.oNFhE7.gz,0,0,,497,2m 1s,,,
broadcast_test,iridium,ls-id-log-20160510021550.log.1bY6L3.gz,0,0,,166,47s,,,
broadcast_test,iron,ls-id-log-20160509235029.log.b1jecq.gz,1,0,30894767,3,,,,landslide-trace-1462852244.92.html
broadcast_test,kyrpton,ls-id-log-20160509232304.log.SxrbSs.gz,0,0,,4542,22m 1s,,,
broadcast_test,lanthanum,ls-id-log-20160509232303.log.yNLO2o.gz,1,0,30671926,13,,,,landslide-trace-1462850596.64.html
broadcast_test,lithium,ls-id-log-20160510070946.log.TW4fMs.gz,0,0,,3336,23m 35s,,,
broadcast_test,lutetium,ls-id-log-20160510043721.log.joMH6N.gz,0,0,,462,2m 11s,,,
broadcast_test,magnesium,ls-id-log-20160510021838.log.gEagZq.gz,0,0,,235,1m 2s,,,
broadcast_test,manganese,ls-id-log-20160510043715.log.FSOENx.gz,0,0,,91,31s,,,
broadcast_test,molybdenum,ls-id-log-20160510070945.log.knKUBU.gz,0,0,,100,35s,,,
broadcast_test,neodymium,ls-id-log-20160510071112.log.TA7FZF.gz,0,0,,210,1m 6s,,,
broadcast_test,neon,ls-id-log-20160510202947.log.lPL5AY.gz,0,0,,60771,4h 16m 46s,,,
broadcast_test,nickel,ls-id-log-20160510043730.log.wYVtm5.gz,0,0,,16333,1h 9m 49s,,,
broadcast_test,niobium,ls-id-log-20160509234850.log.xtdtCH.gz,0,0,,83,38s,,,
broadcast_test,nitrogen,ls-id-log-20160510045006.log.JTrbKd.gz,0,0,,33,16s,,,
broadcast_test,osmium,ls-id-log-20160510062345.log.nVcy0K.gz,0,0,,217,55s,,,
broadcast_test,oxygen,ls-id-log-20160510074138.log.wDdqya.gz,0,0,,9042,39m 30s,,,
broadcast_test,palladium,ls-id-log-20160510094203.log.d9T06j.gz,0,0,,266,1m 23s,,,
broadcast_test,phosphorus,ls-id-log-20160509232303.log.5mSZil.gz,0,0,,154,1m 10s,,,
broadcast_test,platinum,ls-id-log-20160510005842.log.mDnE61.gz,0,0,,325,1m 56s,,,
broadcast_test,potassium,ls-id-log-20160510020455.log.4QET7m.gz,0,0,,19972,1h 49m 14s,,,
broadcast_test,praseodymium,ls-id-log-20160510094154.log.ttjpnv.gz,0,0,,164,41s,,,
broadcast_test,promethium,ls-id-log-20160510021821.log.Uckf5s.gz,0,0,,325,1m 20s,,,
broadcast_test,rhenium,ls-id-log-20160510020729.log.OOzgBb.gz,0,0,,86,26s,,,
broadcast_test,rhodium,ls-id-log-20160510020453.log.3NzERi.gz,0,0,,72,26s,,,
broadcast_test,rubidium,ls-id-log-20160510020456.log.4ZevJC.gz,0,0,,47,18s,,,
broadcast_test,ruthenium,ls-id-log-20160510043731.log.5Sv3Ge.gz,0,0,,3530,15m 42s,,,
broadcast_test,samarium,ls-id-log-20160510020503.log.w9cH4e.gz,0,0,,142,38s,,,
broadcast_test,scandium,ls-id-log-20160509232248.log.IuPyBH.gz,0,0,,295,2m 0s,,,
broadcast_test,selenium,ls-id-log-20160510045907.log.0n9Wdr.gz,0,0,,3006,13m 25s,,,
broadcast_test,silicon,ls-id-log-20160510012606.log.ykFx8D.gz,1,0,21545220,10,,,,landslide-trace-1462857979.18.html
broadcast_test,silver,ls-id-log-20160510043706.log.5X0h9l.gz,0,0,,45,1m 29s,,,
broadcast_test,sodium,ls-id-log-20160509232314.log.zrTU2t.gz,0,0,,3840,19m 46s,,,
broadcast_test,strontium,ls-id-log-20160509232216.log.ktpa7B.gz,0,0,,624,2m 36s,,,
broadcast_test,sulfur,ls-id-log-20160510202958.log.8E6pJu.gz,0,1,,,,57.45%,16h 32m 56s,
broadcast_test,tantalum,ls-id-log-20160510021821.log.gUCnVi.gz,0,0,,6268,36m 23s,,,
broadcast_test,technetium,ls-id-log-20160517034822.log.g8mJY8.gz,1,0,18924890,4,,,,landslide-trace-1463471313.08.html
broadcast_test,tellurium,ls-id-log-20160510043722.log.MyZjXZ.gz,0,0,,325,1m 58s,,,
broadcast_test,terbium,ls-id-log-20160509234841.log.4YwKHP.gz,0,0,,119,33s,,,
broadcast_test,thulium,ls-id-log-20160509232410.log.OHhx2u.gz,0,0,,24,20s,,,
broadcast_test,tin,ls-id-log-20160510063458.log.1FRJFk.gz,0,0,,282,1m 25s,,,
broadcast_test,titanium,ls-id-log-20160512230417.log.RsjGka.gz,0,1,,,,17.32%,4d 13h 6m 6s,
broadcast_test,tungsten,ls-id-log-20160510043844.log.68tnIM.gz,0,0,,107,43s,,,
broadcast_test,vanadium,ls-id-log-20160510020507.log.UdfdTS.gz,0,0,,47,39s,,,
broadcast_test,xenon,ls-id-log-20160510202938.log.PP90Or.gz,0,1,,,,59.85%,1d 16h 13m 26s,
broadcast_test,ytterbium,ls-id-log-20160510051321.log.MG25rn.gz,0,0,,32,15s,,,
broadcast_test,yttrium,ls-id-log-20160509232535.log.1tpsrH.gz,0,0,,17836,1h 53m 10s,,,
broadcast_test,zinc,ls-id-log-20160510020444.log.sJSJOP.gz,0,0,,282,1m 28s,,,
broadcast_test,zirconium,ls-id-log-20160509232416.log.X6Sd5C.gz,0,0,,105,59s,,,
mutex_test,aluminum,ls-id-log-20151010045705.log.5SSwOf.gz,0,0,,13,9s,,,
mutex_test,antimony,ls-id-log-20151009204929.log.OsgozM.gz,0,0,,12,25s,,,
mutex_test,argon,ls-id-log-20151009204806.log.NCnKNF.gz,0,0,,6,8s,,,
mutex_test,arsenic,ls-id-log-20160511061100.log.8IKA4u.gz,0,0,,13,18s,,,
mutex_test,barium,ls-id-log-20151009204805.log.5wFvgQ.gz,0,0,,12,12s,,,
mutex_test,beryllium,ls-id-log-20151009204803.log.78o0mm.gz,0,0,,13,10s,,,
mutex_test,boron,ls-id-log-20160510202935.log.ITgwtW.gz,0,0,,13,17s,,,
mutex_test,bromine,ls-id-log-20151009204805.log.ttFg6L.gz,0,0,,8,14s,,,
mutex_test,cadmium,ls-id-log-20151009213937.log.WugDV7.gz,0,0,,12,16s,,,
mutex_test,caesium,ls-id-log-20151010134644.log.RlBXtq.gz,0,0,,13,18s,,,
mutex_test,calcium,ls-id-log-20151009204806.log.SZlGCz.gz,0,0,,7,13s,,,
mutex_test,carbon,ls-id-log-20151010045705.log.Kn8xtQ.gz,0,0,,13,14s,,,
mutex_test,cerium,ls-id-log-20151009204537.log.8OD4WQ.gz,0,0,,13,15s,,,
mutex_test,chlorine,ls-id-log-20151009204933.log.3me2Dg.gz,0,0,,13,15s,,,
mutex_test,chromium,ls-id-log-20151009204929.log.h7KVM2.gz,0,0,,12,16s,,,
mutex_test,cobalt,ls-id-log-20151009204803.log.XL5n6l.gz,0,0,,8,13s,,,
mutex_test,copper,ls-id-log-20151009204803.log.UcxS56.gz,0,0,,13,14s,,,
mutex_test,dysprosium,ls-id-log-20151009204933.log.1lvBDw.gz,0,0,,13,16s,,,
mutex_test,erbium,ls-id-log-20151009204536.log.W7puCd.gz,0,0,,9,14s,,,
mutex_test,europium,ls-id-log-20151010134644.log.HFDdRg.gz,0,0,,13,18s,,,
mutex_test,fluorine,ls-id-log-20160511130148.log.f1o9Iz.gz,0,0,,12,13s,,,
mutex_test,gadolinium,ls-id-log-20151014171535.log.N5WtFZ.gz,0,0,,13,9s,,,
mutex_test,gallium,ls-id-log-20151009204536.log.W6ruJx.gz,0,0,,9,10s,,,
mutex_test,germanium,ls-id-log-20151009204802.log.hOYW4y.gz,0,0,,13,17s,,,
mutex_test,gold,ls-id-log-20151009204806.log.rSYqLV.gz,0,0,,6,12s,,,
mutex_test,hafnium,ls-id-log-20151009204933.log.uvQ6oq.gz,0,0,,25,17s,,,
mutex_test,helium,ls-id-log-20151009204929.log.eKFbd8.gz,0,0,,6,22s,,,
mutex_test,holmium,ls-id-log-20151009204536.log.bfYeeI.gz,0,0,,13,14s,,,
mutex_test,hydrogen,ls-id-log-20151009204805.log.kxyTv4.gz,0,0,,8,14s,,,
mutex_test,indium,ls-id-log-20151009204806.log.VzRRyY.gz,0,0,,12,16s,,,
mutex_test,iodine,ls-id-log-20151009204929.log.qq9fPC.gz,0,0,,13,10s,,,
mutex_test,iridium,ls-id-log-20151009204540.log.lI5tYc.gz,0,0,,9,13s,,,
mutex_test,iron,ls-id-log-20151009204537.log.Sp7zm0.gz,0,0,,8,9s,,,
mutex_test,kyrpton,ls-id-log-20151009204802.log.ouxxhH.gz,0,0,,13,16s,,,
mutex_test,lanthanum,ls-id-log-20160510203004.log.IdSmaC.gz,0,0,,23,13s,,,
mutex_test,lithium,ls-id-log-20151010011502.log.kAUfpr.gz,0,0,,13,10s,,,
mutex_test,lutetium,ls-id-log-20151009204536.log.IDpzKh.gz,0,0,,11,9s,,,
mutex_test,magnesium,ls-id-log-20151009204933.log.xlO5ys.gz,0,0,,6,13s,,,
mutex_test,manganese,ls-id-log-20151009204537.log.v8oV4S.gz,0,0,,13,16s,,,
mutex_test,molybdenum,ls-id-log-20151009204540.log.BVqsza.gz,0,0,,13,15s,,,
mutex_test,neodymium,ls-id-log-20151009204929.log.MbCXOx.gz,0,0,,8,13s,,,
mutex_test,neon,ls-id-log-20160511061209.log.FOc2M5.gz,0,0,,13,19s,,,
mutex_test,nickel,ls-id-log-20151009204805.log.nq7Ld1.gz,0,0,,12,16s,,,
mutex_test,niobium,ls-id-log-20151009204929.log.LeOq4c.gz,0,0,,13,10s,,,
mutex_test,nitrogen,ls-id-log-20151009204928.log.S82J9f.gz,0,0,,12,15s,,,
mutex_test,osmium,ls-id-log-20151009204928.log.rrhs0I.gz,0,0,,13,16s,,,
mutex_test,oxygen,ls-id-log-20151009204803.log.aPZF23.gz,0,0,,23,17s,,,
mutex_test,palladium,ls-id-log-20151009204933.log.t8ysPu.gz,0,0,,8,15s,,,
mutex_test,phosphorus,ls-id-log-20151009213937.log.0zhlOe.gz,0,0,,8,14s,,,
mutex_test,platinum,ls-id-log-20151009204803.log.l3Jlx9.gz,0,0,,13,16s,,,
mutex_test,potassium,ls-id-log-20151009204804.log.wHhXpt.gz,0,0,,21,13s,,,
mutex_test,praseodymium,ls-id-log-20151010045706.log.jC6QyK.gz,0,0,,9,12s,,,
mutex_test,promethium,ls-id-log-20151013224504.log.Yze5FX.gz,0,0,,13,10s,,,
mutex_test,rhenium,ls-id-log-20151009204804.log.087vR8.gz,0,0,,13,16s,,,
mutex_test,rhodium,ls-id-log-20151009204933.log.XWFGNu.gz,0,0,,12,11s,,,
mutex_test,rubidium,ls-id-log-20151010134644.log.ShHJI4.gz,0,0,,8,16s,,,
mutex_test,ruthenium,ls-id-log-20160510202836.log.2LoKyV.gz,0,0,,9,10s,,,
mutex_test,samarium,ls-id-log-20151009204805.log.8aXU51.gz,0,0,,10,15s,,,
mutex_test,scandium,ls-id-log-20160511063032.log.RtHNt7.gz,0,0,,6,8s,,,
mutex_test,selenium,ls-id-log-20151009204806.log.DOeq4C.gz,0,0,,16,16s,,,
mutex_test,silicon,ls-id-log-20151009204932.log.BJmziT.gz,0,0,,16,16s,,,
mutex_test,silver,ls-id-log-20151013224520.log.ZU3qe3.gz,0,0,,12,51s,,,
mutex_test,sodium,ls-id-log-20151009204806.log.mILDiq.gz,0,0,,13,16s,,,
mutex_test,strontium,ls-id-log-20151009204802.log.nCuwZH.gz,0,0,,13,10s,,,
mutex_test,sulfur,ls-id-log-20160512230442.log.pMmRCO.gz,0,0,,50,35s,,,
mutex_test,tantalum,ls-id-log-20151009204932.log.BSRhDI.gz,0,0,,42,19s,,,
mutex_test,technetium,ls-id-log-20160511063048.log.zcLUEe.gz,0,0,,13,11s,,,
mutex_test,tellurium,ls-id-log-20151009204539.log.hpxle8.gz,0,0,,6,11s,,,
mutex_test,terbium,ls-id-log-20151009204804.log.HtLCx9.gz,0,0,,6,13s,,,
mutex_test,thulium,ls-id-log-20151010134658.log.GgRaX9.gz,0,0,,12,12s,,,
mutex_test,tin,ls-id-log-20151009204805.log.XRCrDV.gz,0,0,,22,17s,,,
mutex_test,titanium,ls-id-log-20151009204929.log.t6i2Dk.gz,0,0,,277,3m 17s,,,
mutex_test,tungsten,ls-id-log-20151009204806.log.E0Q10L.gz,0,0,,13,14s,,,
mutex_test,vanadium,ls-id-log-20151009204806.log.t5hZkd.gz,0,0,,13,16s,,,
mutex_test,xenon,ls-id-log-20151009204803.log.Gt5l03.gz,0,0,,108,34s,,,
mutex_test,ytterbium,ls-id-log-20151009204929.log.q5buIM.gz,0,0,,12,15s,,,
mutex_test,yttrium,ls-id-log-20151010045614.log.PgsHbq.gz,0,0,,17,10s,,,
mutex_test,zinc,ls-id-log-20160510203004.log.AIiMOz.gz,1,0,21914875,11,,,,landslide-trace-1462926615.97.html
mutex_test,zirconium,ls-id-log-20151010080052.log.OVQfTh.gz,0,0,,25,12s,,,
paradise_lost (aka sem),aluminum,ls-id-log-20160510020439.log.Vpvhtq.gz,0,0,,28022,1h 46m 8s,,,
paradise_lost (aka sem),antimony,ls-id-log-20160511063013.log.iFCtki.gz,0,1,,,,5.06%,16d 5h 45m 22s,
paradise_lost (aka sem),argon,ls-id-log-20160509232317.log.qDKsMb.gz,0,0,,833,4m 15s,,,
paradise_lost (aka sem),arsenic,ls-id-log-20160510090211.log.l5BTNw.gz,1,0,140336139,493,,,,landslide-trace-1462885344.09.html
paradise_lost (aka sem),barium,ls-id-log-20160511124042.log.1nYGT1.gz,0,1,,,,0.91%,33y 213d 22h 6m 10s,
paradise_lost (aka sem),beryllium,ls-id-log-20160511163039.log.BOkkKI.gz,0,1,,,,1.71%,5y 324d 6h 36m 54s,
paradise_lost (aka sem),boron,ls-id-log-20160511063022.log.rwEHFe.gz,0,1,,,,11.44%,4d 2h 37m 18s,
paradise_lost (aka sem),bromine,ls-id-log-20160510015842.log.l7umSV.gz,0,0,,384,1m 44s,,,
paradise_lost (aka sem),cadmium,ls-id-log-20160518015101.log.hXAtap.gz,0,1,,,,2.06%,16d 1h 46m 6s,
paradise_lost (aka sem),caesium,ls-id-log-20160512230426.log.lTXrpa.gz,0,1,,,,36.13%,17d 15h 8m 54s,
paradise_lost (aka sem),calcium,ls-id-log-20160509232700.log.PxlPYF.gz,0,0,,31,17s,,,
paradise_lost (aka sem),carbon,ls-id-log-20160510202831.log.iX4flz.gz,0,1,,,,0.05%,5y 208d 3h 51m 27s,
paradise_lost (aka sem),cerium,ls-id-log-20160511163116.log.dR0FpW.gz,0,1,,,,14.07%,91d 9h 53m 46s,
paradise_lost (aka sem),chlorine,ls-id-log-20160510203000.log.0ciwIJ.gz,0,1,,,,2.43%,142d 9h 5m 34s,
paradise_lost (aka sem),chromium,ls-id-log-20160517164629.log.6TwXEP.gz,0,1,,,,28.22%,2d 1h 41m 22s,
paradise_lost (aka sem),cobalt,ls-id-log-20160511063106.log.KyFgJc.gz,0,1,,,,59.38%,3d 20h 49s,
paradise_lost (aka sem),copper,ls-id-log-20160511062918.log.urhN6J.gz,0,1,,,,33.34%,3y 218d 16h 49m 34s,
paradise_lost (aka sem),dysprosium,ls-id-log-20160510202959.log.SBO609.gz,0,1,,,,35.53%,6d 19h 40m 9s,
paradise_lost (aka sem),erbium,ls-id-log-20160511063108.log.FmnOKF.gz,0,1,,,,34.85%,2d 1h 13m 15s,
paradise_lost (aka sem),europium,ls-id-log-20160512230434.log.9Ht5d3.gz,0,1,,,,1.94%,41d 18h 51m 44s,
paradise_lost (aka sem),fluorine,ls-id-log-20160511030037.log.xVfZ8z.gz,0,1,,,,1.57%,16y 237d 23h 30s,
paradise_lost (aka sem),gadolinium,ls-id-log-20160510203016.log.PEvh8l.gz,0,1,,,,1.30%,54d 13h 32m 53s,
paradise_lost (aka sem),gallium,ls-id-log-20160510202914.log.0kkmru.gz,0,1,,,,0.04%,3y 128d 2h 11m 8s,
paradise_lost (aka sem),germanium,ls-id-log-20160510235345.log.2c2jmr.gz,0,1,,,,0.06%,16y 252d 23h 31m 40s,
paradise_lost (aka sem),gold,ls-id-log-20160510020507.log.s23LsU.gz,0,0,,15808,1h 2m 0s,,,
paradise_lost (aka sem),hafnium,ls-id-log-20160512230440.log.KhnroB.gz,0,1,,,,7.36%,5d 4h 58m 20s,
paradise_lost (aka sem),helium,ls-id-log-20160509232304.log.2BB5la.gz,0,0,,398,3m 12s,,,
paradise_lost (aka sem),holmium,ls-id-log-20160512230420.log.1bhbvG.gz,0,1,,,,1.82%,82d 7h 50m 3s,
paradise_lost (aka sem),hydrogen,ls-id-log-20160510202950.log.FQQqhT.gz,0,1,,,,85.69%,9d 4h 35m 16s,
paradise_lost (aka sem),indium,ls-id-log-20160517034817.log.oE1zR9.gz,0,1,,,,6.26%,19y 307d 20h 55m 53s,
paradise_lost (aka sem),iodine,ls-id-log-20160510203004.log.8Qojdu.gz,0,1,,,,3.28%,241d 19h 25m 37s,
paradise_lost (aka sem),iridium,ls-id-log-20160511063032.log.x7TTk0.gz,0,1,,,,85.58%,8d 10h 18m 8s,
paradise_lost (aka sem),iron,ls-id-log-20160510020512.log.Ch3jyD.gz,1,0,33427833,8,,,,landslide-trace-1462860326.9.html
paradise_lost (aka sem),kyrpton,ls-id-log-20160510020653.log.nR71lT.gz,0,0,,4384,20m 49s,,,
paradise_lost (aka sem),lanthanum,ls-id-log-20160510001123.log.f2rNoL.gz,1,0,30426291,10,,,,landslide-trace-1462853498.62.html
paradise_lost (aka sem),lithium,ls-id-log-20160510203005.log.kwk5xU.gz,0,1,,,,1.11%,43d 21h 55m 6s,
paradise_lost (aka sem),lutetium,ls-id-log-20160512230430.log.qRWMLO.gz,0,1,,,,26.20%,11d 4h 30m 25s,
paradise_lost (aka sem),magnesium,ls-id-log-20160510021038.log.LeA6MP.gz,0,0,,1176,4m 31s,,,
paradise_lost (aka sem),manganese,ls-id-log-20160511104634.log.lXIOVl.gz,0,1,,,,18.19%,320d 20h 19m 58s,
paradise_lost (aka sem),molybdenum,ls-id-log-20160511154901.log.Sfg08V.gz,0,1,,,,4.90%,82d 21h 22m 39s,
paradise_lost (aka sem),neodymium,ls-id-log-20160517034807.log.dN9rOC.gz,0,0,,40078,2h 50m 46s,,,
paradise_lost (aka sem),neon,ls-id-log-20160510002909.log.dkj7V4.gz,1,0,183823047,360,,,,landslide-trace-1462854565.7.html
paradise_lost (aka sem),nickel,ls-id-log-20160511125526.log.3fJCVa.gz,0,1,,,,0.00%,346792y 72d 8h 50m 2s,
paradise_lost (aka sem),niobium,ls-id-log-20160511060524.log.PyWuyj.gz,0,1,,,,21.96%,4d 4h 53m 9s,
paradise_lost (aka sem),nitrogen,ls-id-log-20160509235620.log.TDfR1V.gz,0,0,,31,14s,,,
paradise_lost (aka sem),osmium,ls-id-log-20160510020446.log.bgEhaq.gz,1,0,24258108,6,,,,landslide-trace-1462860298.11.html
paradise_lost (aka sem),oxygen,ls-id-log-20160511063158.log.IH4zGd.gz,0,1,,,,7.63%,7d 17h 44m 45s,
paradise_lost (aka sem),palladium,ls-id-log-20160512230406.log.7L7Ejy.gz,0,1,,,,36.20%,1d 10h 12m 17s,
paradise_lost (aka sem),phosphorus,ls-id-log-20160510070954.log.fE5K2i.gz,1,0,182169881,596,,,,landslide-trace-1462878606.83.html
paradise_lost (aka sem),platinum,ls-id-log-20160511063003.log.Q66sB4.gz,0,1,,,,4.57%,16d 5h 59m 42s,
paradise_lost (aka sem),potassium,ls-id-log-20160510202852.log.QM3jwl.gz,0,1,,,,0.09%,1y 206d 16h 23m 39s,
paradise_lost (aka sem),praseodymium,ls-id-log-20160512230415.log.aWfO4p.gz,0,1,,,,58.55%,28d 15h 54m 40s,
paradise_lost (aka sem),promethium,ls-id-log-20160510202947.log.6crQzd.gz,0,1,,,,4.71%,13d 19h 31m 42s,
paradise_lost (aka sem),rhenium,ls-id-log-20160510203009.log.b9YaBZ.gz,0,1,,,,8.92%,14d 18h 25m 11s,
paradise_lost (aka sem),rhodium,ls-id-log-20160509232352.log.O1QSCu.gz,0,0,,3848,17m 40s,,,
paradise_lost (aka sem),rubidium,ls-id-log-20160511063149.log.uxXAkj.gz,0,1,,,,13.01%,3d 19h 13m 45s,
paradise_lost (aka sem),ruthenium,ls-id-log-20160510071226.log.MOAOsP.gz,1,0,415642118,1564,,,,landslide-trace-1462878756.14.html
paradise_lost (aka sem),samarium,ls-id-log-20160512230417.log.FT3qGb.gz,0,1,,,,0.68%,101d 8h 10m 41s,
paradise_lost (aka sem),scandium,ls-id-log-20160510043730.log.N7wFv1.gz,0,0,,852,3m 37s,,,
paradise_lost (aka sem),selenium,ls-id-log-20160511063119.log.hMykxf.gz,0,1,,,,0.20%,7y 112d 17h 6m 8s,
paradise_lost (aka sem),silicon,ls-id-log-20160510203338.log.mvp9ox.gz,0,1,,,,0.84%,56d 4h 8m 42s,
paradise_lost (aka sem),silver,ls-id-log-20160510203004.log.b95xjZ.gz,0,1,,,,5.48%,12d 20h 6m 37s,
paradise_lost (aka sem),sodium,ls-id-log-20160511163208.log.X31U1X.gz,0,1,,,,0.00%,60480y 16d 9h 40m 27s,
paradise_lost (aka sem),strontium,ls-id-log-20160510015800.log.iMJRJm.gz,0,0,,192,1m 54s,,,
paradise_lost (aka sem),sulfur,ls-id-log-20160511003901.log.gnoY2K.gz,0,1,,,,8.69%,8d 3h 23m 18s,
paradise_lost (aka sem),tantalum,ls-id-log-20160511051652.log.zbWLBY.gz,1,0,34110770397,90525,,,,landslide-trace-1462958228.24.html
paradise_lost (aka sem),technetium,ls-id-log-20160510202944.log.TRd4sv.gz,0,1,,,,3.18%,1y 150d 21h 25m 50s,
paradise_lost (aka sem),tellurium,ls-id-log-20160511134646.log.1TMf9T.gz,0,1,,,,27.69%,56d 19h 57m 7s,
paradise_lost (aka sem),terbium,ls-id-log-20160510043811.log.otBzAg.gz,0,0,,833,3m 31s,,,
paradise_lost (aka sem),thulium,ls-id-log-20160510000825.log.HCGd02.gz,0,0,,2944,19m 38s,,,
paradise_lost (aka sem),tin,ls-id-log-20160511063037.log.t8ce3p.gz,0,1,,,,0.46%,98d 12h 19m 17s,
paradise_lost (aka sem),titanium,ls-id-log-20160509234316.log.hFGBFF.gz,1,0,749914014,1405,,,,landslide-trace-1462851807.89.html
paradise_lost (aka sem),tungsten,ls-id-log-20160511063218.log.6DedmH.gz,0,1,,,,10.13%,9d 13h 31m 12s,
paradise_lost (aka sem),vanadium,ls-id-log-20160510043723.log.TIexKo.gz,1,0,112547011,317,,,,landslide-trace-1462869455.56.html
paradise_lost (aka sem),xenon,ls-id-log-20160511024000.log.duxynE.gz,0,1,,,,0.21%,5y 230d 17h 7m 24s,
paradise_lost (aka sem),ytterbium,ls-id-log-20160511062956.log.npQced.gz,0,1,,,,17.10%,3d 16h 39m 22s,
paradise_lost (aka sem),yttrium,ls-id-log-20160511163058.log.84bh93.gz,0,1,,,,0.00%,2631y 181d 18h 35m 15s,
paradise_lost (aka sem),zinc,ls-id-log-20160509232311.log.FMO1mZ.gz,1,0,3430047143,8582,,,,landslide-trace-1462850605.13.html
paradise_lost (aka sem),zirconium,ls-id-log-20160510202931.log.LdNeZ8.gz,0,1,,,,9.97%,18d 15h 4m 45s,
paraguay (aka signal),aluminum,ls-id-log-20160511131758.log.stueUN.gz,0,1,,,,60.52%,4d 21h 34m 41s,
paraguay (aka signal),antimony,ls-id-log-20160510202952.log.lHK0ZW.gz,0,0,,77028,9h 34m 23s,,,
paraguay (aka signal),argon,ls-id-log-20160510020457.log.HAkKj0.gz,0,0,,32,22s,,,
paraguay (aka signal),arsenic,ls-id-log-20160510020446.log.H6w5bH.gz,1,0,28764140,3,,,,landslide-trace-1462860299.58.html
paraguay (aka signal),barium,ls-id-log-20160510202942.log.0zv8TR.gz,0,1,,,,71.38%,6h 51m 54s,
paraguay (aka signal),beryllium,ls-id-log-20160510202846.log.7CORjD.gz,0,0,,40500,4h 9m 13s,,,
paraguay (aka signal),boron,ls-id-log-20160509232151.log.hCkruv.gz,0,0,,23064,2h 3m 21s,,,
paraguay (aka signal),bromine,ls-id-log-20160509232201.log.P2HnxD.gz,0,0,,23040,1h 59m 9s,,,
paraguay (aka signal),cadmium,ls-id-log-20160511054650.log.3UR53M.gz,0,0,,41472,4h 58m 36s,,,
paraguay (aka signal),caesium,ls-id-log-20160510121422.log.Yw0Hd5.gz,0,0,,20250,1h 38m 52s,,,
paraguay (aka signal),calcium,ls-id-log-20160510094200.log.9pi3ad.gz,0,0,,455,2m 42s,,,
paraguay (aka signal),carbon,ls-id-log-20160511035125.log.zUW6ao.gz,0,0,,68598,5h 55m 25s,,,
paraguay (aka signal),cerium,ls-id-log-20160510043732.log.HrWayv.gz,0,0,,2880,21m 59s,,,
paraguay (aka signal),chlorine,ls-id-log-20160510202952.log.dRhQxU.gz,0,1,,,,32.43%,1d 4h 25m 32s,
paraguay (aka signal),chromium,ls-id-log-20160510021433.log.qMs5iZ.gz,0,0,,3456,25m 56s,,,
paraguay (aka signal),cobalt,ls-id-log-20160509232303.log.1q6Zbh.gz,0,0,,5400,23m 31s,,,
paraguay (aka signal),copper,ls-id-log-20160510000649.log.O7kLBk.gz,0,0,,13689,1h 43m 59s,,,
paraguay (aka signal),dysprosium,ls-id-log-20160509232734.log.GFgH50.gz,0,0,,7056,36m 24s,,,
paraguay (aka signal),erbium,ls-id-log-20160510001248.log.ioTMFX.gz,0,0,,12,15s,,,
paraguay (aka signal),europium,ls-id-log-20160510202950.log.qav1KR.gz,0,1,,,,41.60%,20h 25m 28s,
paraguay (aka signal),fluorine,ls-id-log-20160512230429.log.IjJS54.gz,0,1,,,,6.30%,43d 22h 57m 10s,
paraguay (aka signal),gadolinium,ls-id-log-20160517034811.log.8vXYrt.gz,0,1,,,,46.97%,10h 49m 32s,
paraguay (aka signal),gallium,ls-id-log-20160510202938.log.W2dXKk.gz,0,1,,,,0.60%,59d 21h 48m 7s,
paraguay (aka signal),germanium,ls-id-log-20160509232257.log.Lm7waT.gz,1,0,2594695573,5761,,,,landslide-trace-1462850590.07.html
paraguay (aka signal),gold,ls-id-log-20160510041608.log.41wV0T.gz,0,0,,27,35s,,,
paraguay (aka signal),hafnium,ls-id-log-20160511063106.log.FmjCRH.gz,0,0,,59535,5h 37m 19s,,,
paraguay (aka signal),helium,ls-id-log-20160510070938.log.UDTM7y.gz,0,0,,12,23s,,,
paraguay (aka signal),holmium,ls-id-log-20160510202900.log.nR3hnn.gz,0,1,,,,55.30%,8h 31m 58s,
paraguay (aka signal),hydrogen,ls-id-log-20160510020459.log.EseLnk.gz,0,0,,1260,8m 34s,,,
paraguay (aka signal),indium,ls-id-log-20160510202942.log.up956q.gz,0,0,,52569,6h 9m 20s,,,
paraguay (aka signal),iodine,ls-id-log-20160511150852.log.Luair8.gz,0,1,,,,20.28%,8d 18h 14m 14s,
paraguay (aka signal),iridium,ls-id-log-20160510000501.log.eDY0gw.gz,0,0,,468,3m 13s,,,
paraguay (aka signal),iron,ls-id-log-20160510012347.log.2A2wLQ.gz,1,0,29082304,2,,,,landslide-trace-1462857841.72.html
paraguay (aka signal),kyrpton,ls-id-log-20160511163007.log.TQcQUV.gz,0,1,,,,51.77%,1y 198d 15h 56m 33s,
paraguay (aka signal),lanthanum,ls-id-log-20160509232259.log.17DX1l.gz,1,0,19218270,4,,,,landslide-trace-1462850589.31.html
paraguay (aka signal),lithium,ls-id-log-20160511063023.log.W29BfL.gz,0,1,,,,40.36%,22h 18m 51s,
paraguay (aka signal),lutetium,ls-id-log-20160511063013.log.UIqQpJ.gz,0,1,,,,23.12%,1d 13h 12m 11s,
paraguay (aka signal),magnesium,ls-id-log-20160510071500.log.I4slVu.gz,0,0,,18,14s,,,
paraguay (aka signal),manganese,ls-id-log-20160510012158.log.fomH6u.gz,0,0,,5400,32m 22s,,,
paraguay (aka signal),molybdenum,ls-id-log-20160510020611.log.uhJpNF.gz,0,0,,27000,2h 26m 45s,,,
paraguay (aka signal),neodymium,ls-id-log-20160510094154.log.bT7XO2.gz,0,0,,1152,5m 59s,,,
paraguay (aka signal),neon,ls-id-log-20160511063037.log.YrEJQE.gz,0,1,,,,7.56%,4d 19h 51m 44s,
paraguay (aka signal),nickel,ls-id-log-20160511062946.log.08C1S1.gz,0,1,,,,2.24%,18d 7h 22m 48s,
paraguay (aka signal),niobium,ls-id-log-20160509232314.log.ZsEboV.gz,0,0,,4374,22m 30s,,,
paraguay (aka signal),nitrogen,ls-id-log-20160510070942.log.zmLJF6.gz,0,0,,2400,13m 23s,,,
paraguay (aka signal),osmium,ls-id-log-20160510020501.log.91U3bu.gz,0,0,,29670,2h 20m 17s,,,
paraguay (aka signal),oxygen,ls-id-log-20160511063028.log.rPDFu5.gz,0,0,,36450,5h 2m 25s,,,
paraguay (aka signal),palladium,ls-id-log-20160510202925.log.Zdswqr.gz,0,0,,41400,6h 29m 56s,,,
paraguay (aka signal),phosphorus,ls-id-log-20160511163220.log.QA1QLp.gz,0,1,,,,1.01%,3y 303d 17h 6m 55s,
paraguay (aka signal),platinum,ls-id-log-20160511113349.log.GRzPvR.gz,0,1,,,,36.64%,7d 13h 35m 25s,
paraguay (aka signal),potassium,ls-id-log-20160511142419.log.8B0xOv.gz,0,1,,,,0.30%,6y 70d 11h 50m 34s,
paraguay (aka signal),praseodymium,ls-id-log-20160510020502.log.OZrbLi.gz,0,0,,249,1m 30s,,,
paraguay (aka signal),promethium,ls-id-log-20160511063043.log.Sd4Rup.gz,0,1,,,,52.92%,1d 10h 17m 47s,
paraguay (aka signal),rhenium,ls-id-log-20160510020502.log.7CsxQs.gz,1,0,154136621,402,,,,landslide-trace-1462860317.01.html
paraguay (aka signal),rhodium,ls-id-log-20160510021259.log.zhC7Jy.gz,0,0,,1200,5m 54s,,,
paraguay (aka signal),rubidium,ls-id-log-20160511163122.log.xdzHKV.gz,0,1,,,,12.19%,13d 2h 44m 2s,
paraguay (aka signal),ruthenium,ls-id-log-20160511160630.log.r6nPob.gz,0,1,,,,53.73%,35d 18h 38m 6s,
paraguay (aka signal),samarium,ls-id-log-20160510203004.log.CMf4Ht.gz,0,1,,,,34.01%,19h 46m 29s,
paraguay (aka signal),scandium,ls-id-log-20160510070941.log.uvHgfR.gz,0,0,,48,22s,,,
paraguay (aka signal),selenium,ls-id-log-20160511061319.log.WybagK.gz,0,1,,,,17.81%,2d 15h 23m 21s,
paraguay (aka signal),silicon,ls-id-log-20160511063008.log.4ps2vV.gz,0,1,,,,1.75%,35d 3h 43m 40s,
paraguay (aka signal),silver,ls-id-log-20160509232633.log.ArqfgG.gz,0,0,,960,6m 18s,,,
paraguay (aka signal),sodium,ls-id-log-20160511163110.log.P1mAxb.gz,0,1,,,,2.13%,67d 12h 11m 5s,
paraguay (aka signal),strontium,ls-id-log-20160510043718.log.QYOGgf.gz,0,0,,23896,1h 45m 38s,,,
paraguay (aka signal),sulfur,ls-id-log-20160512230415.log.0ZBmpm.gz,0,1,,,,70.23%,7h 7m 56s,
paraguay (aka signal),tantalum,ls-id-log-20160511163139.log.3qoEZM.gz,0,1,,,,0.01%,107y 227d 2h 16m 42s,
paraguay (aka signal),technetium,ls-id-log-20160511163129.log.odnAAL.gz,0,1,,,,7.49%,100d 13h 18m 40s,
paraguay (aka signal),tellurium,ls-id-log-20160511080710.log.X6Y11p.gz,0,1,,,,69.65%,19h 18m 45s,
paraguay (aka signal),terbium,ls-id-log-20160510043726.log.sZ7rTe.gz,0,0,,824,6m 33s,,,
paraguay (aka signal),thulium,ls-id-log-20160510020453.log.oaraz3.gz,0,0,,216,1m 10s,,,
paraguay (aka signal),tin,ls-id-log-20160509234642.log.0pZiBa.gz,0,0,,1386,8m 26s,,,
paraguay (aka signal),titanium,ls-id-log-20160511163122.log.OgexHT.gz,0,1,,,,0.00%,707y 52d 14h 54m 54s,
paraguay (aka signal),tungsten,ls-id-log-20160509232723.log.OzHuAA.gz,0,0,,7350,1h 30m 29s,,,
paraguay (aka signal),vanadium,ls-id-log-20160510070933.log.tpYfBd.gz,0,0,,18225,1h 51m 54s,,,
paraguay (aka signal),xenon,ls-id-log-20160512230406.log.x35nZ4.gz,0,1,,,,1.49%,27d 15h 43m 25s,
paraguay (aka signal),ytterbium,ls-id-log-20160510043728.log.8hDwgj.gz,0,0,,6561,37m 39s,,,
paraguay (aka signal),yttrium,ls-id-log-20160511103955.log.uAsEpz.gz,0,1,,,,0.12%,27y 303d 21h 54m 51s,
paraguay (aka signal),zinc,ls-id-log-20160511004726.log.WZq57U.gz,0,0,,63180,7h 18m 44s,,,
paraguay (aka signal),zirconium,ls-id-log-20160510202904.log.bqqP7A.gz,0,0,,14175,1h 35m 26s,,,
priority-sema (aka sched),algeria,ls-id-log-20151105021354.log.G5vUa7.gz,0,0,,1341,3m 25s,,,
priority-sema (aka sched),angola,ls-id-log-20151105020653.log.N2l08r.gz,0,0,,7236,24m 51s,,,
priority-sema (aka sched),argentina,ls-id-log-20151105020810.log.2VcsLa.gz,0,1,,,,84.56%,13h 16m 27s,
priority-sema (aka sched),australia,ls-id-log-20151105020530.log.ItkrcV.gz,0,0,,1823,7m 36s,,,
priority-sema (aka sched),benelux,ls-id-log-20151105020529.log.y8zP1T.gz,0,0,,5564,22m 25s,,,
priority-sema (aka sched),bolivia,ls-id-log-20151105020529.log.xtpOwW.gz,0,0,,12332,29m 3s,,,
priority-sema (aka sched),botswana,ls-id-log-20151105020809.log.aCDJYh.gz,0,0,,494,3m 4s,,,
priority-sema (aka sched),brazil,ls-id-log-20151105020554.log.SnBB3M.gz,0,0,,1731,12m 17s,,,
priority-sema (aka sched),bulgaria,ls-id-log-20151105031851.log.aOWLQM.gz,0,0,,1341,3m 10s,,,
priority-sema (aka sched),burma,ls-id-log-20151105020659.log.DKPOCn.gz,0,0,,1776,9m 1s,,,
priority-sema (aka sched),cameroon,ls-id-log-20151105020658.log.iioThD.gz,0,0,,1776,5m 48s,,,
priority-sema (aka sched),chile,ls-id-log-20151105020655.log.SxEUSv.gz,0,0,,1341,3m 34s,,,
priority-sema (aka sched),costarica,ls-id-log-20151105020522.log.vjRNze.gz,0,0,,4503,18m 5s,,,
priority-sema (aka sched),cuba,ls-id-log-20151105020659.log.JzyANZ.gz,0,0,,1341,5m 30s,,,
priority-sema (aka sched),czechoslovakia,ls-id-log-20151105020703.log.fLesB0.gz,0,0,,35811,1h 3m 15s,,,
priority-sema (aka sched),denmark,ls-id-log-20151105020813.log.sDPhvN.gz,0,0,,7236,24m 20s,,,
priority-sema (aka sched),eastgermany,ls-id-log-20151105020657.log.aiB0Nl.gz,0,0,,14280,46m 4s,,,
priority-sema (aka sched),ecuador,ls-id-log-20151105020528.log.RxnC4a.gz,0,0,,3402,14m 44s,,,
priority-sema (aka sched),egypt,ls-id-log-20151105020653.log.haj3Z2.gz,0,0,,1341,4m 6s,,,
priority-sema (aka sched),finland,ls-id-log-20151105020657.log.Y60C3H.gz,0,0,,1985,8m 20s,,,
priority-sema (aka sched),france,ls-id-log-20151105020533.log.9xvmML.gz,0,0,,13245,51m 35s,,,
priority-sema (aka sched),guatemala,ls-id-log-20151105020813.log.TkSBJc.gz,0,0,,1776,4m 50s,,,
priority-sema (aka sched),haiti,ls-id-log-20151105020810.log.WaeEYz.gz,0,0,,1341,5m 59s,,,
priority-sema (aka sched),honduras,ls-id-log-20151105020654.log.2rTGoe.gz,0,0,,1341,3m 39s,,,
priority-sema (aka sched),india,ls-id-log-20151105020701.log.qBE8BW.gz,0,0,,1776,9m 7s,,,
priority-sema (aka sched),indonesia,ls-id-log-20151105120625.log.u8xKIC.gz,0,0,,1341,3m 18s,,,
priority-sema (aka sched),iran,ls-id-log-20151105020659.log.gcoGhQ.gz,0,0,,24940,1h 22m 25s,,,
priority-sema (aka sched),iraq,ls-id-log-20151105020531.log.3uZA4Q.gz,0,0,,1823,6m 30s,,,
priority-sema (aka sched),israel,ls-id-log-20151105020654.log.MnzqLO.gz,0,0,,2075,7m 47s,,,
priority-sema (aka sched),italy,ls-id-log-20151105020702.log.Wt6h71.gz,0,0,,7236,28m 3s,,,
priority-sema (aka sched),ivorycoast,ls-id-log-20151105020533.log.AZWx06.gz,1,0,21029619,14,,,,landslide-trace-1446707144.15.html
priority-sema (aka sched),japan,ls-id-log-20151105020657.log.EBgBJu.gz,0,0,,1341,3m 49s,,,
priority-sema (aka sched),malaysia,ls-id-log-20151105020523.log.fn1Mqy.gz,0,0,,975,2m 57s,,,
priority-sema (aka sched),mexico,ls-id-log-20151105022407.log.rcHhDb.gz,0,0,,5996,19m 11s,,,
priority-sema (aka sched),morocco,ls-id-log-20151105022833.log.Gjw0xP.gz,0,0,,1341,3m 24s,,,
priority-sema (aka sched),nicaragua,ls-id-log-20151105120559.log.ojUwAI.gz,0,0,,1341,3m 23s,,,
priority-sema (aka sched),nigeria,ls-id-log-20151105020656.log.vnOPII.gz,0,0,,1341,3m 43s,,,
priority-sema (aka sched),northkorea,ls-id-log-20151105020901.log.xYjIE7.gz,0,0,,8868,27m 54s,,,
priority-sema (aka sched),norway,ls-id-log-20151105023511.log.fJHZLG.gz,0,0,,4503,14m 42s,,,
priority-sema (aka sched),pakistan,ls-id-log-20151105020654.log.rzd7p4.gz,0,0,,1341,3m 29s,,,
priority-sema (aka sched),panama,ls-id-log-20151105020655.log.KUwxDe.gz,0,0,,1776,4m 41s,,,
priority-sema (aka sched),paraguay,ls-id-log-20151105020656.log.e7Wheg.gz,0,0,,1341,3m 42s,,,
priority-sema (aka sched),peru,ls-id-log-20151105020654.log.r1HgSt.gz,0,0,,1341,3m 50s,,,
priority-sema (aka sched),philippines,ls-id-log-20151105020654.log.xnWBcQ.gz,0,0,,6048,23m 25s,,,
priority-sema (aka sched),poland,ls-id-log-20151105020806.log.lPO4Rw.gz,0,0,,1776,4m 28s,,,
priority-sema (aka sched),saudiarabia,ls-id-log-20151105020533.log.3qgeFf.gz,0,0,,4503,18m 46s,,,
priority-sema (aka sched),somalia,ls-id-log-20151113002521.log.SccnTM.gz,0,0,,1341,3m 24s,,,
priority-sema (aka sched),southafrica,ls-id-log-20151105020808.log.2Q5SJK.gz,0,0,,5781,32m 24s,,,
priority-sema (aka sched),spainportugal,ls-id-log-20151105020654.log.Bx6zqa.gz,0,0,,2498,7m 13s,,,
priority-sema (aka sched),sudan,ls-id-log-20151105032334.log.ER1A0f.gz,0,0,,1341,3m 4s,,,
priority-sema (aka sched),syria,ls-id-log-20151105020532.log.1YS7z3.gz,0,0,,1823,10m 6s,,,
priority-sema (aka sched),taiwan,ls-id-log-20151105020659.log.Q2MjUB.gz,0,0,,5781,21m 32s,,,
priority-sema (aka sched),thailand,ls-id-log-20151105020529.log.pBAZrv.gz,0,0,,975,4m 3s,,,
priority-sema (aka sched),uruguay,ls-id-log-20151105021016.log.7Qs7iG.gz,0,0,,5996,24m 6s,,,
priority-sema (aka sched),venezuela,ls-id-log-20151105020700.log.mAWJOH.gz,0,0,,1341,3m 46s,,,
priority-sema (aka sched),vietnam,ls-id-log-20151105020655.log.fkPWrQ.gz,0,0,,1776,5m 22s,,,
priority-sema (aka sched),westgermany,ls-id-log-20151105020659.log.F3PXwb.gz,0,0,,2871,9m 28s,,,
priority-sema (aka sched),yugoslavia,ls-id-log-20151105020525.log.N5SVif.gz,0,0,,2441,13m 0s,,,
priority-sema (aka sched),zimbabwe,ls-id-log-20151105020655.log.7JwpUw.gz,0,0,,1341,4m 46s,,,
rwlock_downgrade_read_test,aluminum,ls-id-log-20160517034802.log.xhH3AP.gz,0,1,,,,73.91%,7h 12m 3s,
rwlock_downgrade_read_test,antimony,ls-id-log-20160511063057.log.Pb3P5s.gz,0,0,,41841,6h 28m 42s,,,
rwlock_downgrade_read_test,argon,ls-id-log-20160510043714.log.a9SdYl.gz,0,0,,1443,5m 56s,,,
rwlock_downgrade_read_test,arsenic,ls-id-log-20160510020609.log.Lavhy2.gz,1,0,67093268,127,,,,landslide-trace-1462860384.35.html
rwlock_downgrade_read_test,barium,ls-id-log-20160509232442.log.PJityd.gz,0,0,,18111,2h 32m 15s,,,
rwlock_downgrade_read_test,beryllium,ls-id-log-20160510050039.log.fxW0Qx.gz,1,0,1603624112,2893,,,,landslide-trace-1462870854.56.html
rwlock_downgrade_read_test,boron,ls-id-log-20160510020612.log.XBFqUg.gz,1,0,18166713,2,,,,landslide-trace-1462860382.88.html
rwlock_downgrade_read_test,bromine,ls-id-log-20160511063107.log.9MEfoj.gz,0,1,,,,12.04%,3d 2h 3m 17s,
rwlock_downgrade_read_test,cadmium,ls-id-log-20160517164635.log.LQZyxF.gz,0,1,,,,31.05%,2d 18h 58m 9s,
rwlock_downgrade_read_test,caesium,ls-id-log-20160510043710.log.Lb3SqU.gz,1,0,63531691,85,,,,landslide-trace-1462869442.65.html
rwlock_downgrade_read_test,calcium,ls-id-log-20160509232258.log.A2UiEK.gz,1,0,35138970,28,,,,landslide-trace-1462850590.84.html
rwlock_downgrade_read_test,carbon,ls-id-log-20160510020458.log.DGRY6E.gz,1,0,760356834,2575,,,,landslide-trace-1462860311.46.html
rwlock_downgrade_read_test,cerium,ls-id-log-20160509232309.log.uZXMCD.gz,0,0,,1160,5m 50s,,,
rwlock_downgrade_read_test,chlorine,ls-id-log-20160510203010.log.UEh2lH.gz,0,1,,,,0.26%,269d 15h 48m 5s,
rwlock_downgrade_read_test,chromium,ls-id-log-20160511063422.log.3cb7A2.gz,0,1,,,,0.21%,301d 12h 56m 25s,
rwlock_downgrade_read_test,cobalt,ls-id-log-20160512230436.log.HosvXa.gz,0,1,,,,50.15%,103d 12h 27m 23s,
rwlock_downgrade_read_test,copper,ls-id-log-20160510021719.log.EJpqYn.gz,1,0,36218636,65,,,,landslide-trace-1462861049.95.html
rwlock_downgrade_read_test,dysprosium,ls-id-log-20160510020446.log.4mhu7e.gz,1,0,379212966,1099,,,,landslide-trace-1462860298.4.html
rwlock_downgrade_read_test,erbium,ls-id-log-20160510202902.log.WpZSEy.gz,0,1,,,,80.88%,4h 41m 11s,
rwlock_downgrade_read_test,europium,ls-id-log-20160510203000.log.1mIJB3.gz,0,1,,,,0.17%,260d 16h 30m 56s,
rwlock_downgrade_read_test,fluorine,ls-id-log-20160517034827.log.VHdeTR.gz,0,1,,,,0.71%,64d 19h 21m 58s,
rwlock_downgrade_read_test,gadolinium,ls-id-log-20160511034604.log.FmfiB4.gz,0,1,,,,0.59%,72d 21h 47m 1s,
rwlock_downgrade_read_test,gallium,ls-id-log-20160511063111.log.MTkBTd.gz,0,1,,,,2.18%,19d 6h 33m 22s,
rwlock_downgrade_read_test,germanium,ls-id-log-20160510043714.log.W4fD1x.gz,0,0,,4032,21m 9s,,,
rwlock_downgrade_read_test,gold,ls-id-log-20160510043726.log.Yvs8m7.gz,1,0,19885988,2,,,,landslide-trace-1462869457.89.html
rwlock_downgrade_read_test,hafnium,ls-id-log-20160512230418.log.MBcb2t.gz,0,0,,103082,7h 44m 23s,,,
rwlock_downgrade_read_test,helium,ls-id-log-20160517034800.log.VhZaoU.gz,1,0,311873452,386,,,,landslide-trace-1463471291.35.html
rwlock_downgrade_read_test,holmium,ls-id-log-20160511120943.log.LAN9A3.gz,0,1,,,,3.73%,3y 288d 9h 45m 1s,
rwlock_downgrade_read_test,hydrogen,ls-id-log-20160517034802.log.g78Kzd.gz,0,1,,,,0.00%,INF,
rwlock_downgrade_read_test,indium,ls-id-log-20160510220522.log.DQc5hJ.gz,0,1,,,,1.66%,29d 50m 55s,
rwlock_downgrade_read_test,iodine,ls-id-log-20160510070933.log.zbaPBR.gz,1,0,18882494,2,,,,landslide-trace-1462878583.68.html
rwlock_downgrade_read_test,iridium,ls-id-log-20160511130045.log.QrchZe.gz,0,1,,,,6.71%,231d 20h 24m 56s,
rwlock_downgrade_read_test,iron,ls-id-log-20160510043726.log.iWYPk8.gz,1,0,31118981,5,,,,landslide-trace-1462869459.74.html
rwlock_downgrade_read_test,kyrpton,ls-id-log-20160511163207.log.ypWAFQ.gz,0,1,,,,8.42%,27d 17h 42m 13s,
rwlock_downgrade_read_test,lanthanum,ls-id-log-20160510203014.log.y5rUTD.gz,0,1,,,,50.00%,10h 32s,
rwlock_downgrade_read_test,lithium,ls-id-log-20160510202919.log.z0NqTY.gz,0,1,,,,0.00%,1938y 16d 22h 54m 13s,
rwlock_downgrade_read_test,lutetium,ls-id-log-20160517034801.log.xUJh2P.gz,0,1,,,,6.12%,6d 7h 40m 9s,
rwlock_downgrade_read_test,magnesium,ls-id-log-20160510044357.log.NlTEBu.gz,0,0,,18870,1h 50m 30s,,,
rwlock_downgrade_read_test,manganese,ls-id-log-20160510021230.log.lYnXx9.gz,1,0,18748881,2,,,,landslide-trace-1462860761.03.html
rwlock_downgrade_read_test,molybdenum,ls-id-log-20160511063043.log.gNt4E4.gz,0,1,,,,31.33%,1d 8h 24m 26s,
rwlock_downgrade_read_test,neodymium,ls-id-log-20160517164638.log.aeGeR9.gz,0,1,,,,86.85%,2h 31m 4s,
rwlock_downgrade_read_test,neon,ls-id-log-20160510203010.log.UPCH22.gz,0,1,,,,4.09%,20d 11h 41m 0s,
rwlock_downgrade_read_test,nickel,ls-id-log-20160511134016.log.fJzTwC.gz,0,1,,,,0.11%,31y 274d 12h 52s,
rwlock_downgrade_read_test,niobium,ls-id-log-20160510044013.log.ZuGTap.gz,0,0,,27914,1h 53m 55s,,,
rwlock_downgrade_read_test,nitrogen,ls-id-log-20160509232156.log.ecQxpt.gz,0,0,,5124,24m 12s,,,
rwlock_downgrade_read_test,osmium,ls-id-log-20160511094801.log.hOgJNs.gz,0,1,,,,0.63%,10y 198d 1h 49m 42s,
rwlock_downgrade_read_test,oxygen,ls-id-log-20160512230423.log.UkcBEM.gz,0,1,,,,1.52%,28d 3h 28m 18s,
rwlock_downgrade_read_test,palladium,ls-id-log-20160511050757.log.xzitAL.gz,0,1,,,,1.16%,44d 18h 47m 51s,
rwlock_downgrade_read_test,phosphorus,ls-id-log-20160510203117.log.i6xzNT.gz,0,1,,,,0.09%,1y 134d 4h 36m 19s,
rwlock_downgrade_read_test,platinum,ls-id-log-20160510203121.log.Y7fTmk.gz,0,1,,,,3.33%,67d 21h 30m 48s,
rwlock_downgrade_read_test,potassium,ls-id-log-20160511063123.log.C8oplr.gz,0,1,,,,0.00%,1248242y 107d 4h 12m 24s,
rwlock_downgrade_read_test,praseodymium,ls-id-log-20160510020512.log.9gsbKD.gz,1,0,18480865,2,,,,landslide-trace-1462860323.08.html
rwlock_downgrade_read_test,promethium,ls-id-log-20160517034817.log.9L8C04.gz,0,1,,,,4.51%,12d 19h 56m 28s,
rwlock_downgrade_read_test,rhenium,ls-id-log-20160509232315.log.UvpMcF.gz,0,0,,80,54s,,,
rwlock_downgrade_read_test,rhodium,ls-id-log-20160510020455.log.SUWS80.gz,0,0,,7560,43m 49s,,,
rwlock_downgrade_read_test,rubidium,ls-id-log-20160510063513.log.TQLI4j.gz,0,0,,6516,27m 28s,,,
rwlock_downgrade_read_test,ruthenium,ls-id-log-20160510094332.log.r8T0dd.gz,1,0,19426130,10,,,,landslide-trace-1462887822.19.html
rwlock_downgrade_read_test,samarium,ls-id-log-20160510020454.log.zPRdUh.gz,1,0,853314775,3449,,,,landslide-trace-1462860307.76.html
rwlock_downgrade_read_test,scandium,ls-id-log-20160510020450.log.DSVrmX.gz,1,0,159715697,431,,,,landslide-trace-1462860303.52.html
rwlock_downgrade_read_test,selenium,ls-id-log-20160510012455.log.b3jqJi.gz,1,0,32817934,25,,,,landslide-trace-1462857909.59.html
rwlock_downgrade_read_test,silicon,ls-id-log-20160510020449.log.lSuEqH.gz,1,0,2903342181,9112,,,,landslide-trace-1462860302.13.html
rwlock_downgrade_read_test,silver,ls-id-log-20160517034824.log.uGyno4.gz,0,0,,35354,3h 18m 6s,,,
rwlock_downgrade_read_test,sodium,ls-id-log-20160510203011.log.b3PZLZ.gz,0,1,,,,20.60%,1d 19h 49m 26s,
rwlock_downgrade_read_test,strontium,ls-id-log-20160511095434.log.0aPo1A.gz,0,1,,,,1.40%,99d 16h 58m 12s,
rwlock_downgrade_read_test,sulfur,ls-id-log-20160511063050.log.XWLOZm.gz,0,1,,,,0.46%,150d 12h 21m 59s,
rwlock_downgrade_read_test,tantalum,ls-id-log-20160510203021.log.tVaKuM.gz,0,1,,,,0.00%,444098196y 245d 14h 22m 42s,
rwlock_downgrade_read_test,technetium,ls-id-log-20160517034812.log.SYAP5F.gz,1,0,3245007238,12697,,,,landslide-trace-1463471302.38.html
rwlock_downgrade_read_test,tellurium,ls-id-log-20160510043703.log.RMwEiT.gz,1,0,215798576,758,,,,landslide-trace-1462869434.32.html
rwlock_downgrade_read_test,terbium,ls-id-log-20160511062951.log.8yhYZU.gz,0,0,,64659,6h 47m 17s,,,
rwlock_downgrade_read_test,thulium,ls-id-log-20160511163103.log.LPQLxJ.gz,0,1,,,,32.37%,18d 15h 25m 21s,
rwlock_downgrade_read_test,tin,ls-id-log-20160511163507.log.iKY7MH.gz,0,1,,,,13.53%,187d 6h 57m 54s,
rwlock_downgrade_read_test,titanium,ls-id-log-20160510202858.log.cETpZx.gz,0,1,,,,1.96%,17d 6h 38m 17s,
rwlock_downgrade_read_test,tungsten,ls-id-log-20160511163052.log.oO1Egj.gz,0,1,,,,6.00%,47d 13h 36m 5s,
rwlock_downgrade_read_test,vanadium,ls-id-log-20160510203015.log.4kQYPp.gz,0,1,,,,4.13%,12d 22h 7m 5s,
rwlock_downgrade_read_test,xenon,ls-id-log-20160511163103.log.jFpyFp.gz,0,1,,,,0.20%,2y 3d 12h 28m 34s,
rwlock_downgrade_read_test,ytterbium,ls-id-log-20160510063711.log.LGK4RE.gz,0,0,,878,5m 4s,,,
rwlock_downgrade_read_test,yttrium,ls-id-log-20160510202947.log.K3dp5o.gz,0,1,,,,0.47%,147d 18h 13m 57s,
rwlock_downgrade_read_test,zinc,ls-id-log-20160510020755.log.t3zQ6Y.gz,1,0,79876177,146,,,,landslide-trace-1462860485.96.html
rwlock_downgrade_read_test,zirconium,ls-id-log-20160509232313.log.loFyUH.gz,1,0,42386283,22,,,,landslide-trace-1462850608.88.html
thr_exit_join,aluminum,ls-id-log-20160510024131.log.FWqvuq.gz,0,0,,171,57s,,,
thr_exit_join,antimony,ls-id-log-20160509232435.log.pzdkWy.gz,0,0,,105,1m 22s,,,
thr_exit_join,argon,ls-id-log-20160510012110.log.SC7R0q.gz,0,0,,211,1m 49s,,,
thr_exit_join,arsenic,ls-id-log-20160509232304.log.I2aaSV.gz,1,0,112091485,127,,,,landslide-trace-1462850597.69.html
thr_exit_join,barium,ls-id-log-20160509232316.log.9jC8Sf.gz,0,0,,5,12s,,,
thr_exit_join,beryllium,ls-id-log-20160510203014.log.nBeQIc.gz,0,0,,255,2m 32s,,,
thr_exit_join,boron,ls-id-log-20160510043713.log.enheYB.gz,0,0,,120,35s,,,
thr_exit_join,bromine,ls-id-log-20160510020658.log.w23oXG.gz,0,0,,2268,10m 38s,,,
thr_exit_join,cadmium,ls-id-log-20160510020505.log.UwSsJx.gz,0,0,,1028,6m 54s,,,
thr_exit_join,caesium,ls-id-log-20160510035131.log.O1yp8R.gz,1,0,42618348,85,,,,landslide-trace-1462866703.5.html
thr_exit_join,calcium,ls-id-log-20160509234221.log.C4Jqyk.gz,1,0,19853435,4,,,,landslide-trace-1462851752.47.html
thr_exit_join,carbon,ls-id-log-20160509232254.log.FYZChO.gz,1,0,189431588,601,,,,landslide-trace-1462850584.0.html
thr_exit_join,cerium,ls-id-log-20160510020944.log.TO0kaG.gz,0,0,,20,11s,,,
thr_exit_join,chlorine,ls-id-log-20160510020502.log.3EqiCK.gz,0,0,,1341,6m 35s,,,
thr_exit_join,chromium,ls-id-log-20160510043718.log.IBXhEc.gz,0,0,,2199,11m 52s,,,
thr_exit_join,cobalt,ls-id-log-20160509232319.log.wSdy26.gz,0,0,,6040,44m 0s,,,
thr_exit_join,copper,ls-id-log-20160509232317.log.gp8tVS.gz,1,0,50507225,32,,,,landslide-trace-1462850612.81.html
thr_exit_join,dysprosium,ls-id-log-20160509232625.log.tzo9dG.gz,0,0,,30,13s,,,
thr_exit_join,erbium,ls-id-log-20160510044744.log.BefoAJ.gz,0,0,,309,1m 18s,,,
thr_exit_join,europium,ls-id-log-20160511163124.log.DI7F1j.gz,0,1,,,,3.75%,184d 1h 6m 7s,
thr_exit_join,fluorine,ls-id-log-20160510202909.log.ClrCMZ.gz,0,0,,33892,3h 23m 38s,,,
thr_exit_join,gadolinium,ls-id-log-20160510094208.log.I0UuBR.gz,0,0,,5409,24m 29s,,,
thr_exit_join,gallium,ls-id-log-20160511163226.log.GnpFTQ.gz,0,1,,,,2.05%,94d 2h 11m 39s,
thr_exit_join,germanium,ls-id-log-20160509234405.log.KmUXHS.gz,0,0,,12,20s,,,
thr_exit_join,gold,ls-id-log-20160517034807.log.orq8KD.gz,0,0,,3499,14m 15s,,,
thr_exit_join,hafnium,ls-id-log-20160510020056.log.hkrIGI.gz,0,0,,135,1m 13s,,,
thr_exit_join,helium,ls-id-log-20160510070946.log.87Q0s4.gz,0,0,,28,35s,,,
thr_exit_join,holmium,ls-id-log-20160510094156.log.Sk0IHP.gz,0,0,,585,5m 21s,,,
thr_exit_join,hydrogen,ls-id-log-20160510071343.log.WVeBcM.gz,0,0,,49,19s,,,
thr_exit_join,indium,ls-id-log-20160510043918.log.5qBbyl.gz,1,0,84372030,3,,,,landslide-trace-1462869573.97.html
thr_exit_join,iodine,ls-id-log-20160510002111.log.26IstJ.gz,0,0,,7120,35m 10s,,,
thr_exit_join,iridium,ls-id-log-20160510094414.log.985uyi.gz,0,0,,620,4m 29s,,,
thr_exit_join,iron,ls-id-log-20160509232710.log.PaDjzg.gz,0,0,,13,12s,,,
thr_exit_join,kyrpton,ls-id-log-20160510011940.log.6unDNM.gz,0,0,,108,38s,,,
thr_exit_join,lanthanum,ls-id-log-20160511163059.log.GYJrGq.gz,0,1,,,,50.00%,10h 4m 37s,
thr_exit_join,lithium,ls-id-log-20160511063120.log.VPIMLL.gz,0,1,,,,2.80%,18d 4h 15m 21s,
thr_exit_join,lutetium,ls-id-log-20160510043735.log.cUPZ1t.gz,0,0,,170,1m 19s,,,
thr_exit_join,magnesium,ls-id-log-20160510012553.log.jkyDGl.gz,0,0,,125,55s,,,
thr_exit_join,manganese,ls-id-log-20160509232254.log.xeCTeF.gz,0,0,,7,10s,,,
thr_exit_join,molybdenum,ls-id-log-20160510043731.log.rvBhJX.gz,0,0,,630,4m 23s,,,
thr_exit_join,neodymium,ls-id-log-20160510043722.log.3BBQjI.gz,0,0,,1203,9m 31s,,,
thr_exit_join,neon,ls-id-log-20160511062000.log.AkmYAc.gz,0,0,,91803,6h 34m 21s,,,
thr_exit_join,nickel,ls-id-log-20160511063023.log.DhuRrQ.gz,0,1,,,,22.87%,1d 15h 23m 5s,
thr_exit_join,niobium,ls-id-log-20160510094159.log.TGZuAP.gz,0,0,,212,55s,,,
thr_exit_join,nitrogen,ls-id-log-20160509232257.log.Nfh3xM.gz,0,0,,290,2m 42s,,,
thr_exit_join,osmium,ls-id-log-20160510043717.log.VqLeqq.gz,1,0,21189649,2,,,,landslide-trace-1462869450.08.html
thr_exit_join,oxygen,ls-id-log-20160510020509.log.XKW6Im.gz,0,0,,23202,2h 20m 43s,,,
thr_exit_join,palladium,ls-id-log-20160510043711.log.LYDXHF.gz,0,0,,879,7m 21s,,,
thr_exit_join,phosphorus,ls-id-log-20160509235607.log.U1d0Gi.gz,0,0,,2142,25m 19s,,,
thr_exit_join,platinum,ls-id-log-20160512230417.log.4W4Ct7.gz,0,1,,,,17.15%,2d 5h 47m 6s,
thr_exit_join,potassium,ls-id-log-20160512230415.log.iF4L2g.gz,0,1,,,,0.00%,164y 33d 12h 11m 7s,
thr_exit_join,praseodymium,ls-id-log-20160510035503.log.089WXJ.gz,0,0,,297,1m 21s,,,
thr_exit_join,promethium,ls-id-log-20160510020503.log.QxGFGp.gz,0,0,,1776,12m 35s,,,
thr_exit_join,rhenium,ls-id-log-20160509234530.log.RfJP1g.gz,0,0,,6,8s,,,
thr_exit_join,rhodium,ls-id-log-20160509234756.log.5yCUz8.gz,0,0,,6,10s,,,
thr_exit_join,rubidium,ls-id-log-20160510043711.log.TZ4wHC.gz,0,0,,20,18s,,,
thr_exit_join,ruthenium,ls-id-log-20160509232517.log.s0v7i5.gz,1,0,21460455,10,,,,landslide-trace-1462850728.16.html
thr_exit_join,samarium,ls-id-log-20160510094420.log.5HltqO.gz,0,0,,145,40s,,,
thr_exit_join,scandium,ls-id-log-20160510051421.log.m0OP70.gz,1,0,40580124,32,,,,landslide-trace-1462871674.17.html
thr_exit_join,selenium,ls-id-log-20160510005722.log.4D8vmT.gz,1,0,29252263,19,,,,landslide-trace-1462856256.18.html
thr_exit_join,silicon,ls-id-log-20160510070934.log.rDp5iG.gz,0,0,,7215,31m 24s,,,
thr_exit_join,silver,ls-id-log-20160510015142.log.tBPmgp.gz,0,0,,173,3m 9s,,,
thr_exit_join,sodium,ls-id-log-20160509232414.log.Pw4DKq.gz,0,0,,4320,23m 36s,,,
thr_exit_join,strontium,ls-id-log-20160517164645.log.KFFd3R.gz,0,0,,103782,6h 24m 45s,,,
thr_exit_join,sulfur,ls-id-log-20160511063209.log.iDTrbo.gz,0,1,,,,52.73%,5d 11h 1m 33s,
thr_exit_join,tantalum,ls-id-log-20160511033919.log.3VEZsE.gz,0,1,,,,0.00%,3581y 28d 21h 19m 53s,
thr_exit_join,technetium,ls-id-log-20160510070958.log.xKkJco.gz,0,0,,328,2m 37s,,,
thr_exit_join,tellurium,ls-id-log-20160510020458.log.oXkuVx.gz,1,0,95280759,317,,,,landslide-trace-1462860310.19.html
thr_exit_join,terbium,ls-id-log-20160510044254.log.DHGg0r.gz,0,0,,108,1m 2s,,,
thr_exit_join,thulium,ls-id-log-20160509232252.log.sZUdLO.gz,0,0,,46,30s,,,
thr_exit_join,tin,ls-id-log-20160510043707.log.GYvILp.gz,0,0,,1726,9m 51s,,,
thr_exit_join,titanium,ls-id-log-20160510070953.log.IrrCfv.gz,0,0,,12430,2h 31m 8s,,,
thr_exit_join,tungsten,ls-id-log-20160510005843.log.wxNSSD.gz,0,0,,211,3m 16s,,,
thr_exit_join,vanadium,ls-id-log-20160511063023.log.CSW2C2.gz,0,1,,,,70.60%,17h 56m 22s,
thr_exit_join,xenon,ls-id-log-20160510202947.log.QqKz3T.gz,0,1,,,,66.79%,16h 11s,
thr_exit_join,ytterbium,ls-id-log-20160510020453.log.uZdeP2.gz,0,0,,26,22s,,,
thr_exit_join,yttrium,ls-id-log-20160511080607.log.XqygUZ.gz,0,0,,38939,3h 57m 24s,,,
thr_exit_join,zinc,ls-id-log-20160510071115.log.sIXl8d.gz,1,0,20483329,6,,,,landslide-trace-1462878686.22.html
thr_exit_join,zirconium,ls-id-log-20160509232211.log.m4Hyfn.gz,1,0,33432698,28,,,,landslide-trace-1462850543.74.html
wait-simple,afghanistan,ls-id-log-20151105020548.log.wesnzz.gz,1,0,29500265,13,,,,landslide-trace-1446707159.48.html
wait-simple,algeria,ls-id-log-20151105020701.log.6wjl78.gz,1,0,34065943,2,,,,landslide-trace-1446707236.4.html
wait-simple,angola,ls-id-log-20151105020653.log.cJcJOt.gz,1,0,35768179,2,,,,landslide-trace-1446707227.23.html
wait-simple,australia,ls-id-log-20151113004619.log.RUF33x.gz,1,0,347789870,13,,,,landslide-trace-1447393591.54.html
wait-simple,austria,ls-id-log-20151105020552.log.6GPGht.gz,0,0,,192,3m 0s,,,
wait-simple,benelux,ls-id-log-20160803023548.log.X9gTVV.gz,0,1,,,,16.07%,1d 9h 14m 17s,
wait-simple,bulgaria,ls-id-log-20151105020553.log.U2hzlE.gz,1,0,21533776,2,,,,landslide-trace-1446707164.71.html
wait-simple,burma,ls-id-log-20151105020640.log.87nJss.gz,0,0,,135,3m 57s,,,
wait-simple,cameroon,ls-id-log-20151105020548.log.w5BXfM.gz,1,0,26772705,7,,,,landslide-trace-1446707161.25.html
wait-simple,chile,ls-id-log-20151105020656.log.bu25ZZ.gz,0,1,,,,20.84%,2d 12h 35m 22s,
wait-simple,colombia,ls-id-log-20151105020700.log.NgOWTF.gz,0,0,,13104,1h 28m 23s,,,
wait-simple,costarica,ls-id-log-20151105020524.log.AYQo4g.gz,0,0,,19506,1h 11m 52s,,,
wait-simple,denmark,ls-id-log-20151105020651.log.DsBald.gz,0,0,,5856,2h 51m 8s,,,
wait-simple,eastgermany,ls-id-log-20151105020640.log.Ufbtxr.gz,0,0,,5325,1h 3m 59s,,,
wait-simple,ecuador,ls-id-log-20151105020537.log.CcBoUq.gz,1,0,24009673,2,,,,landslide-trace-1446707148.37.html
wait-simple,egypt,ls-id-log-20151105020653.log.OkDpCk.gz,1,0,21814279,2,,,,landslide-trace-1446707224.55.html
wait-simple,elsalvador,ls-id-log-20151105020556.log.RD3hYx.gz,1,0,1737846182,5089,,,,landslide-trace-1446707166.63.html
wait-simple,ethiopia,ls-id-log-20151105020556.log.Rf9jl3.gz,0,1,,,,0.00%,7019y 180d 11h 25m 57s,
wait-simple,france,ls-id-log-20151105020547.log.pR40xN.gz,0,0,,78432,5h 33m 45s,,,
wait-simple,greece,ls-id-log-20151105020655.log.hSTjjb.gz,1,0,37669001,2,,,,landslide-trace-1446707228.08.html
wait-simple,guatemala,ls-id-log-20151105020548.log.B8knq2.gz,0,1,,,,94.78%,5m 10s,
wait-simple,hungary,ls-id-log-20151105020654.log.pt79s8.gz,1,0,479592557,419,,,,landslide-trace-1446707230.79.html
wait-simple,india,ls-id-log-20151105020809.log.Trkav2.gz,0,0,,55770,9h 26m 7s,,,
wait-simple,iran,ls-id-log-20151105020546.log.g2QfrZ.gz,0,1,,,,0.02%,4y 259d 3h 12m 8s,
wait-simple,iraq,ls-id-log-20151105020545.log.PVa49M.gz,0,1,,,,50.44%,4h 11m 36s,
wait-simple,ivorycoast,ls-id-log-20151105020558.log.9hbdHZ.gz,1,0,6821662644,29594,,,,landslide-trace-1446707168.9.html
wait-simple,japan,ls-id-log-20151105020545.log.3LjcCc.gz,1,0,43181985,37,,,,landslide-trace-1446707156.66.html
wait-simple,jordan,ls-id-log-20151105020657.log.9sIm54.gz,0,1,,,,2.13%,128d 23h 52m 23s,
wait-simple,kenya,ls-id-log-20151105020541.log.SSJR7l.gz,1,0,30331904,19,,,,landslide-trace-1446707153.31.html
wait-simple,laoscambodia,ls-id-log-20151105020547.log.Td6yOb.gz,0,1,,,,0.22%,214d 3h 43m 9s,
wait-simple,lebanon,ls-id-log-20151105020700.log.7zYoh3.gz,1,0,28242555,3,,,,landslide-trace-1446707236.21.html
wait-simple,libya,ls-id-log-20151105020658.log.diE4Ob.gz,0,0,,1200,16m 24s,,,
wait-simple,malaysia,ls-id-log-20151105020553.log.G5MQcv.gz,0,1,,,,1.21%,89d 6h 4m 5s,
wait-simple,pakistan,ls-id-log-20151105020657.log.7bvNGW.gz,1,0,33776003,2,,,,landslide-trace-1446707232.14.html
wait-simple,panama,ls-id-log-20151105020659.log.9KPAjS.gz,1,0,25557532,3,,,,landslide-trace-1446707231.61.html
wait-simple,paraguay,ls-id-log-20151105020655.log.DO54VW.gz,1,0,24348848,2,,,,landslide-trace-1446707228.61.html
wait-simple,peru,ls-id-log-20151105020543.log.WGA8Hc.gz,0,0,,3,12s,,,
wait-simple,poland,ls-id-log-20151105020658.log.YzKjfP.gz,1,0,42644469,2,,,,landslide-trace-1446707235.87.html
wait-simple,romania,ls-id-log-20151105020545.log.okpEnb.gz,0,1,,,,0.00%,INF,
wait-simple,saudiarabia,ls-id-log-20151105020537.log.lKctcz.gz,1,0,84236765,115,,,,landslide-trace-1446707148.39.html
wait-simple,southkorea,ls-id-log-20160803023552.log.eYTWli.gz,0,1,,,,7.44%,6d 19h 40m 35s,
wait-simple,sudan,ls-id-log-20151105020655.log.VvxATB.gz,0,0,,20398,3h 29m 54s,,,
wait-simple,sweden,ls-id-log-20151105020651.log.AA5dJ5.gz,0,1,,,,53.77%,3d 14h 27m 2s,
wait-simple,syria,ls-id-log-20151105020546.log.pRYmXL.gz,0,0,,936,21m 37s,,,
wait-simple,thailand,ls-id-log-20151105020527.log.SZrpG0.gz,0,1,,,,18.55%,2d 5h 1m 13s,
wait-simple,tunisia,ls-id-log-20151105020555.log.a81VZD.gz,0,1,,,,0.85%,46d 19h 35s,
wait-simple,turkey,ls-id-log-20151105020807.log.U27f2M.gz,1,0,40275053,4,,,,landslide-trace-1446707301.82.html
wait-simple,venezuela,ls-id-log-20151105020810.log.fABZ8A.gz,1,0,26231947,2,,,,landslide-trace-1446707302.78.html
wait-simple,vietnam,ls-id-log-20151105020656.log.v4ltf0.gz,1,0,35263037,2,,,,landslide-trace-1446707228.34.html
wait-simple,yugoslavia,ls-id-log-20151105020540.log.PlPYW3.gz,0,1,,,,0.00%,INF,
wait-simple,zaire,ls-id-log-20151105020553.log.YysPzh.gz,0,0,,2,11s,,,
wait-simple,zimbabwe,ls-id-log-20151105020546.log.gZ6rqF.gz,0,0,,18792,4h 7m 44s,,,